sample_source,month,ticker,adj_close,rel_mom_12m_vs_qqq,mom_12m,up_day_volume_ratio_3m,up_day_dollar_volume_ratio_3m,mom_9m,mom_7m,mom_6m,mom_4m_vs_6m,mom_5m_vs_6m,mom_6m_first3m,mom_6m_acceleration,ret_lag_6m,rel_mom_6m_vs_qqq,mom_3m_vs_6m,return_vol_ratio_6m,drawdown_12m,drawdown_12m_abs,ma100_slope_1m,volume_ma3_to_12m,volume_change_3m,dollar_volume_change_3m,mom_5m,core_mom_456_std,ret_lag_5m,price_ma100_ratio,drawdown_change_3m,mom_4m,core_mom_456_avg,core_mom_456_min,core_mom_456_max,ret_lag_4m,ma50_slope_1m,mom_6m_last3m,ret_lag_3m,rel_mom_3m_vs_qqq,mom_3m,return_vol_ratio_3m,volatility_6m,volatility_1m_to_6m,volatility_3m_to_6m,volume_change_1m,dollar_volume_change_1m,avg_abs_daily_return_6m,drawdown_6m,drawdown_6m_abs,recovery_from_6m_low,avg_dollar_volume_6m,dollar_volume_3m_to_6m,large_move_freq_6m,up_big_move_freq_6m,down_big_move_freq_6m,intraday_range_mean_6m,volume_ma1_to_6m,drawdown_change_1m,ma30_slope_1m,price_ma50_ratio,atr_14_to_100d,ret_lag_2m,ret_lag_6m_std,mom_2m,ma20_slope_1m,volume_ratio_3m,volatility_3m,volatility_1m_to_3m,avg_abs_daily_return_3m,ma10_slope_1m,drawdown_3m,drawdown_3m_abs,recovery_from_3m_low,days_since_3m_high_norm,days_since_3m_low_norm,avg_dollar_volume_3m,log_avg_dollar_volume_3m,large_move_freq_3m,up_big_move_freq_3m,down_big_move_freq_3m,intraday_range_mean_3m,price_ma30_ratio,ma5_slope_1m,return_vol_ratio_1m,ret_lag_1m,positive_month_ratio_6m,ret_lag_6m_mean,ret_lag_6m_min,ret_lag_6m_max,rel_mom_1m_vs_qqq,mom_1m,price_ma20_ratio,volatility_1m,avg_abs_daily_return_1m,drawdown_1m,drawdown_1m_abs,recovery_from_1m_low,avg_dollar_volume_1m,price_ma10_ratio,atr_14_to_price,price_ma5_ratio,qqq_mom_1m,qqq_mom_3m,qqq_mom_6m,qqq_mom_12m,source_count,source_weight_sum,theme_count,in_large_cap_core,in_manual_core,trading_day_count_3m,trading_day_count_6m,liquid_vol_score,future_return_1m,future_return_2m,future_return_3m,future_max_return_1_3m,future_max_return_1_3m_pct_rank,monthly_top10_threshold_1_3m,monthly_top5_threshold_1_3m,label_top10_1_3m,label_top5_1_3m,label_boom30_top10_1_3m,label_boom40_top10_1_3m,label_boom50_top5_1_3m,label_mega100_1_3m
historical_mega100_examples,2016-01-31,FCX,4.142924785614014,-0.7622631389855239,-0.7218641371473236,1.0196245552559053,0.9923875163317691,-0.79962661635759,-0.7495871290559923,-0.6069918403364248,0.08354971663087729,0.04099967754515321,0.005588112949560076,-0.6147639230028276,-0.09446759719556685,-0.5422500015607983,-0.0021839697168426486,-0.6458523160309033,-0.8029294890132538,0.8029294890132538,-0.105961124764823,1.1824812713666863,0.927503747198196,-0.24668490938197363,-0.5659921627912716,0.04177725564248064,-0.08928619419025918,-0.47576756317934243,-0.5052136531938027,-0.5234421237055475,-0.5654753756110814,-0.6069918403364248,-0.5234421237055475,0.21936637637349166,-0.29161000156022887,-0.6091758100532675,-0.30501265315335613,-0.5308035571340801,-0.6091758100532675,-0.64428845335276,0.9398307093898862,1.3171984590500627,1.0060340259140204,0.7202501973843001,0.16885577745881175,0.04302329714940014,-0.657683916515051,0.657683916515051,0.22994689197626528,345503069.6181085,0.8436337377472986,0.5396825396825397,0.11904761904761904,0.20634920634920634,0.0731800856407988,1.1320343290332306,-0.13313091778021435,-0.27009873769955384,-0.27609199681624363,1.0468874124562915,-0.1723719008371445,0.196800358294027,-0.4376527979681738,-0.3160031142731835,0.25398228065275097,0.9455016722451369,1.3092981202632163,0.04721531822777967,-0.3666467582451425,-0.6293311149824268,0.6293311149824268,0.22994689197626528,0.9365079365079365,0.1746031746031746,291478046.02509,19.490475250541802,0.6031746031746031,0.09523809523809523,0.2857142857142857,0.08040012270505652,-0.15508462891795793,-0.3814520361091178,-0.258922567429334,-0.32053152545129926,0.16666666666666666,-0.12705058240902237,-0.32053152545129926,0.21936637637349166,-0.25142738455394364,-0.32053152545129926,-0.042065622783234446,1.2379435621762855,0.0631274144650028,-0.32053152545129926,0.32053152545129926,0.22994689197626528,281595767.4147992,0.08337276063873111,0.1436335191908034,0.05456224116119235,-0.06910414089735561,-0.07837225291918737,-0.06474183877562656,0.04039900183820033,1.0,3.0,1.0,1.0,0.0,63.0,126.0,0.9396160350932825,0.6586952195602775,1.2478253908714239,2.0434781407686136,2.0434781407686136,0.997907949790795,0.26112940489626973,0.2901006970555536,1,1,1,1,1,1
historical_mega100_examples,2016-01-31,LEU,1.3700000047683716,-0.7004486461449129,-0.6600496443067125,,,-0.7375478812580426,-0.6682808797079587,-0.6522842677990056,0.10146460425374626,0.013761845254849026,-0.3147208100325568,-0.17787178975510942,-0.03807108964187478,-0.587542429023379,0.15969166801133938,-0.7965876857464621,-0.7566607501029476,0.7566607501029476,-0.19794164284476556,1.0986706609249204,3.1711711711711708,1.1164831198045997,-0.6385224225441566,0.05503972540690709,-0.195250664112128,-0.3699121522548703,-0.1870973700516717,-0.5508196635452594,-0.6138754512961405,-0.6522842677990056,-0.5508196635452594,-0.11475406888671102,-0.3114052494366252,-0.49259259978766623,-0.3777778081933162,-0.41422034686847886,-0.49259259978766623,-0.5330736242502262,0.818848043310846,1.1331762593761696,1.1284891108797082,1.392764857881137,1.4833998003388227,0.03753176348947247,-0.6522842677990056,0.6522842677990056,0.3173077452112254,84978.92850533365,0.8755218018444355,0.46825396825396826,0.10317460317460317,0.1746031746031746,0.08637090804220866,2.664748201438849,0.09818179824135487,-0.16824643971645525,-0.009972536757208328,0.8180466504364898,-0.21428565853306858,0.1463768616670471,-0.18452378122511814,-0.20257888729369222,0.8936605316973416,0.9240611003414454,1.0041534725069767,0.044795624734714656,-0.2579155577850244,-0.5018181800842285,0.5018181800842285,0.3173077452112254,0.9523809523809523,0.14285714285714285,74400.90460379918,11.217236820006951,0.5873015873015873,0.14285714285714285,0.23809523809523808,0.11301476931572967,0.06449106451505449,-0.21715814798299393,0.04082205456323748,0.03787875024959453,0.16666666666666666,-0.15037675651958402,-0.3777778081933162,0.03787875024959453,0.10698289114695014,0.03787875024959453,0.1659574449521053,0.9278991627164802,0.045666570332735086,-0.007246369925949403,0.007246369925949403,0.3173077452112254,55745.33319984163,0.21777776911229285,0.12043796523243058,0.1729451789151759,-0.06910414089735561,-0.07837225291918737,-0.06474183877562656,0.04039900183820033,1.0,3.0,1.0,0.0,1.0,63.0,126.0,0.6461072793897433,-0.036496315432303805,2.2919709585288284,1.3284671869470528,2.2919709585288284,1.0,0.26112940489626973,0.2901006970555536,1,1,1,1,1,1
yearly_top_future_return_examples,2016-01-31,TRGP,14.19470500946045,-0.76192462674021,-0.7215256249020097,1.1904545480883166,1.0883311614077824,-0.7714409784658426,-0.7310935293172236,-0.7313581188568781,0.1925649104292303,0.09105194684271911,-0.3430180346846683,-0.24807898878661994,-0.253137362274404,-0.6666162800812515,0.14026109538558984,-0.8869384709389248,-0.774483021878995,0.774483021878995,-0.18590852819390713,1.8997812078126766,3.131095123900879,0.6892170924863168,-0.640306172014159,0.09632980114220727,-0.22010292441798596,-0.4428045223632743,-0.2941387405272591,-0.5387932084276478,-0.6368191664328949,-0.7313581188568781,-0.5387932084276478,0.12791253193523255,-0.3121234912588571,-0.5910970234712882,-0.3123358465299877,-0.5127247705521009,-0.5910970234712882,-0.5798391794688529,0.8245872096208126,1.5705185538073005,1.236273674183048,0.5532846715328468,0.3414041734873956,0.03750635516159923,-0.7313581188568781,0.7313581188568781,0.45872652881695575,35523098.032105915,1.0393252293818103,0.4365079365079365,0.09523809523809523,0.15079365079365079,0.0672843371059247,2.114751702569199,-0.019062548283124037,-0.3017955680581005,-0.1699466888936132,0.9138205138445678,-0.31145030678062224,0.16634368253855467,-0.40537401220442826,-0.2671943117981447,0.5196169033016886,1.019415459322269,1.2703647959220095,0.046633328645354695,-0.25386425070995666,-0.598543174129701,0.598543174129701,0.45872652881695575,0.9523809523809523,0.12698412698412698,36920052.01057101,17.424265403420513,0.5079365079365079,0.12698412698412698,0.19047619047619047,0.08529118875083815,0.007683094051740946,-0.16431215363054463,-0.10533198367237233,-0.1364080274070809,0.16666666666666666,-0.1842536559124747,-0.3123358465299877,0.12791253193523255,-0.0673038865097253,-0.1364080274070809,0.0907798454220563,1.295029511941676,0.058685046069101625,-0.1364080274070809,0.1364080274070809,0.45872652881695575,38021186.97376251,0.16240255196730558,0.10819065314465363,0.03807089977489042,-0.06910414089735561,-0.07837225291918737,-0.06474183877562656,0.04039900183820033,1.0,3.0,1.0,1.0,0.0,63.0,126.0,0.691911984919754,0.19626165335962686,0.3288824471704175,0.8439716083341111,0.8439716083341111,0.99581589958159,0.26112940489626973,0.2901006970555536,1,1,1,1,1,0
historical_mega100_examples,2016-02-29,LEU,1.3200000524520874,-0.6385992190445943,-0.6834532306231449,1.2674367211773785,1.3560958507117105,-0.725,-0.6649746108421877,-0.65171502223269,0.14060392191418924,0.08450193144219009,-0.5567282415679715,0.34244258303490294,-0.195250664112128,-0.6397618123343557,0.4374293636996214,-0.7674436586731228,-0.7655417361242507,0.7655417361242507,-0.18131717989614993,1.4181240063593006,3.5064935064935066,2.5408165777795477,-0.5672130907904999,0.07077837783065333,-0.11475406888671102,-0.265646700929992,0.2922343900997455,-0.5111111003185007,-0.5766797377805635,-0.65171502223269,-0.5111111003185007,-0.3777778081933162,-0.0751072927521047,-0.21428565853306858,-0.21428565853306858,-0.11599659714065069,-0.21428565853306858,-0.24063249294512998,0.849202433126462,1.1075157937794633,1.048642864067242,-0.25053995680345575,-0.2778924869438648,0.03974201209600528,-0.65171502223269,0.65171502223269,0.26923086622057957,81496.63483888384,0.7180315963264146,0.5158730158730159,0.1111111111111111,0.19047619047619047,0.09915699224096977,1.5370985603543743,0.2518182139505042,-0.034937885635803134,0.020881707711476016,0.7311896312204296,0.03787875024959453,0.1466197168786567,0.0,0.10902895773861654,0.03736920777279518,0.8905100716466038,1.056142021015504,0.04385551849716202,0.1350364743983643,-0.24999996613372433,0.24999996613372433,0.26923086622057957,0.9841269841269841,0.4603174603174603,58517.15880859466,10.977092392038191,0.6190476190476191,0.14285714285714285,0.1746031746031746,0.1225267889677249,0.06194693914949845,0.06227756172803245,-0.0388050156966652,-0.036496315432303805,0.16666666666666666,-0.1501142941513222,-0.3777778081933162,0.03787875024959453,-0.020842692214602332,-0.036496315432303805,0.013824921922378941,0.9405051068035053,0.044702696906548864,-0.09589039865545002,0.09589039865545002,0.17857147038591137,42760.000313463664,0.0610932950399361,0.10064936032542897,0.10552767682261921,-0.015653623217701473,-0.09828906139241789,-0.01195320989833426,-0.04485401157855062,1.0,3.0,1.0,0.0,1.0,63.0,126.0,0.6468553459119497,2.41666670429586,1.4166666139857957,1.2954544325669652,2.41666670429586,1.0,0.2710864640480477,0.3510910227239964,1,1,1,1,1,1
yearly_top_future_return_examples,2016-02-29,AMD,2.140000104904175,-0.2670430375889584,-0.31189704916750904,0.9172317478421791,0.9725019419251024,-0.061403450983492314,0.10880837464429449,0.18232053732436393,-0.17288647108628097,0.06186554948245315,0.30386738657663837,-0.39708764080157233,-0.04972371105774864,0.1942737472226982,-0.2755407915492979,0.29106414278326764,-0.3333333085754334,0.3333333085754334,0.01762032754287368,1.200324059127738,0.1487142799564709,0.04163084274711659,0.24418608680681708,0.1216727778774808,0.23255805249727524,-0.02487919931562277,-0.2782631785963421,0.009434066238082961,0.14531356345642132,0.009434066238082961,0.24418608680681708,0.11320755777939628,-0.05237329307153116,-0.09322025422493396,0.21610170048018107,0.005068807167483924,-0.09322025422493396,-0.12780971399622348,0.6263929853431777,0.8495111664584402,1.1643928616927066,-0.0498245555546295,-0.0757384060371652,0.02997867830211506,-0.2866666316986084,0.2866666316986084,0.28915671562314604,23431669.21293641,1.2868624849184709,0.40476190476190477,0.07936507936507936,0.07936507936507936,0.05376393069889252,1.2426410878273428,-0.019999980926513672,-0.17638163165960918,-0.04464280726007941,0.8379563255797415,-0.23344943017126596,0.17932014320416942,-0.254355334412392,-0.13892529080348615,-0.008223984688773278,0.7293675207479803,0.7295743510686632,0.03492486967439081,-0.034634136974917795,-0.2866666316986084,0.2866666316986084,0.1888889786637884,0.6666666666666666,0.42857142857142855,30153336.06914698,17.22180615723974,0.4603174603174603,0.09523809523809523,0.12698412698412698,0.06214207136424162,0.07160746850918276,-0.018234147961428526,-0.051252159435510126,-0.027272700672307915,0.5,0.04190357814258835,-0.23344943017126596,0.23255805249727524,-0.011619077454606441,-0.027272700672307915,0.08574333192994787,0.5321278356402674,0.026502384089936173,-0.027272700672307915,0.027272700672307915,0.16939893700492736,19284413.68097521,0.08135427439576248,0.04839785507961349,0.04594335333050714,-0.015653623217701473,-0.09828906139241789,-0.01195320989833426,-0.04485401157855062,2.0,8.0,2.0,1.0,1.0,63.0,126.0,0.6648846960167715,0.33177559108586396,0.6588784010715021,1.1355139942229178,1.1355139942229178,0.997907949790795,0.2710864640480477,0.3510910227239964,1,1,1,1,1,1
yearly_top_future_return_examples,2016-02-29,DVN,13.51474666595459,-0.6289013068728798,-0.6737553184514304,0.7870936376793461,0.84229085969963,-0.6932107654772136,-0.59665032726246,-0.5327347563508884,0.005282153012441171,0.06694625861907211,0.08503945523680412,-0.6543959045401768,-0.1253178906384984,-0.5207815464525541,-0.0366216929524843,-0.8106389336740764,-0.7101435132558171,0.7101435132558171,-0.09342013689438344,1.8199543427220513,3.0579249608461767,0.7475192135992696,-0.4657884977318163,0.03722043480805551,0.13049295381219905,-0.42616469036404336,-0.537161025620854,-0.5274526033384472,-0.508658619140384,-0.5327347563508884,-0.4657884977318163,0.09730517477189649,-0.23790368612202617,-0.5693564493033727,-0.29976625119427047,-0.4710673879109548,-0.5693564493033727,-0.6965038595902407,0.6571788427880748,1.127794165682028,1.2438761585545803,0.5862087322219167,0.11887398184597808,0.03243843502819663,-0.5851359750923013,0.5851359750923013,0.05522734922067429,181067859.4548899,1.1859480870883838,0.4444444444444444,0.07142857142857142,0.1349206349206349,0.054867207947855254,2.1309208801163315,-0.16194847396938272,-0.19090342864419396,-0.23047474569802207,0.8145432233166205,-0.12812530975135006,0.18504400414634747,-0.3850002925007495,-0.18383521817529958,0.5961074904026427,0.8174490944505749,0.9066772105291874,0.0436344535559707,-0.18795608441297051,-0.5738027581242272,0.5738027581242272,0.05522734922067429,0.9523809523809523,0.09523809523809523,214737081.553715,19.18492496593085,0.6666666666666666,0.1111111111111111,0.25396825396825395,0.06980721101806485,-0.13637523188689638,-0.2124115658570792,-0.39751573349882785,-0.29462374079942755,0.3333333333333333,-0.10333917729990849,-0.29976625119427047,0.13049295381219905,-0.2789701175817261,-0.29462374079942755,-0.10085696162573177,0.7411624647060575,0.04203137283897782,-0.29462374079942755,0.29462374079942755,0.05522734922067429,288988245.511986,-0.006512494859396978,0.08286155064472463,0.005620565570882974,-0.015653623217701473,-0.09828906139241789,-0.01195320989833426,-0.04485401157855062,1.0,3.0,1.0,1.0,0.0,63.0,126.0,0.8872117400419287,0.409356090882385,0.781212496663136,0.8536317113838812,0.8536317113838812,0.99581589958159,0.2710864640480477,0.3510910227239964,1,1,1,1,1,0
yearly_top_future_return_examples,2016-04-30,AMD,3.549999952316284,0.5779372048904048,0.5707964457064454,1.3279877736404189,1.4603230405336007,0.8393782636246183,1.063953426317502,0.6745283697881359,-0.4375945391706699,-0.17029103499277132,0.03773592756753197,0.5759003794197903,0.11320755777939628,0.736052311577298,-0.06089206280081361,0.6632738539280669,-0.11027570330044811,0.11027570330044811,0.07491251570509783,1.239758051491564,0.4767171468815896,1.3828844033588634,0.5042373347953646,0.22058225248067295,0.21610170048018107,0.4267915163547482,0.1563909474716466,0.23693383061746598,0.47189984506698884,0.23693383061746598,0.6745283697881359,-0.23344943017126596,0.18841220763912347,0.6136363069873223,-0.027272700672307915,0.5953552697861408,0.6136363069873223,0.4936769569000072,1.016968128312939,1.9223109400429057,1.2222522596308933,0.9531279281265501,1.4328436083266323,0.03748759952468651,-0.11027570330044811,0.11027570330044811,0.9722222479773164,37166650.395334624,1.2268343710500764,0.46825396825396826,0.12698412698412698,0.10317460317460317,0.058411734884544854,1.4931107808905282,-0.06665150410284659,0.208253619247319,0.3211760218034512,1.6454307295682613,0.33177559108586396,0.2076593246953071,0.6588784010715021,0.14500190356530251,0.39182918909860276,1.24299159280309,1.5727612077587179,0.04038004761957895,0.16169155120374135,-0.11027570330044811,0.11027570330044811,0.939890638833448,0.07936507936507936,0.8412698412698413,45597324.161798425,17.635359614031632,0.4603174603174603,0.14285714285714285,0.1111111111111111,0.058389691968818845,0.20447861727102845,0.2729844747853545,0.12563835577794782,0.2456140600376484,0.6666666666666666,0.10766279642325265,-0.23344943017126596,0.33177559108586396,0.27748185960946836,0.2456140600376484,0.1784232253491067,1.9549289587309202,0.053633453203787936,-0.11027570330044811,0.11027570330044811,0.35496187304555904,77116016.05462006,0.08595900030396364,0.0784708279225827,-0.013888902134365555,-0.031867799571819955,0.01828103720118146,-0.061523941789162095,-0.0071407591839594,2.0,8.0,2.0,1.0,1.0,63.0,126.0,0.7081761006289309,0.2873240093086673,0.44788730578204006,0.9323944297628595,0.9323944297628595,1.0,0.19488202366049748,0.23910620243235906,1,1,1,1,1,0
yearly_top_future_return_examples,2016-08-31,LEU,3.4600000381469727,-0.21582016682679916,-0.08707122085159846,0.9702916563201588,1.0251205334387867,1.0595238965317262,1.5255474643096525,1.6212120459537345,-1.5365725550184983,-1.8540280409531826,1.2954544325669652,-1.153540217775744,2.41666670429586,1.4788077010551925,-1.4792978311625131,0.8396622903700316,-0.23956046305392498,0.23956046305392498,0.00501980660415513,0.02032194624517445,-0.6697819314641744,-0.6229192935580391,-0.23281599499944805,0.9915688897757599,-0.29268295003804123,0.04107117095161983,0.24459230552343525,0.08463949093523615,0.4910118472965075,-0.23281599499944805,1.6212120459537345,-0.050156765818399784,0.03070308199436278,0.14191421479122135,0.08250825160415176,0.08381987709607741,0.14191421479122135,0.23431084432172555,1.9307905863430892,0.21960646256231356,0.3136883117598532,0.5820895522388059,0.7377872207523462,0.04868507649582884,-0.23956046305392498,0.23956046305392498,1.306666692097982,1409973.0943534109,0.10638769951503246,0.42857142857142855,0.11904761904761904,0.11904761904761904,0.09464821778647156,0.012182274407646484,0.06828032459729372,0.011405341397151103,0.01645124476427995,0.712582047592934,-0.039634108889109565,1.0127914199767396,0.05487806961197439,0.030792011981537915,0.13978494623655924,0.6056664393917807,0.7000785631134232,0.026099347350929565,0.05768062659065598,-0.08947366274624957,0.08947366274624957,0.10191080336048697,0.20634920634920634,0.3333333333333333,150003.7938863512,11.918422531810048,0.30158730158730157,0.07936507936507936,0.09523809523809523,0.06292643104693958,0.017846642867701545,0.08947698837109286,0.23209765771027735,0.09841267726799252,0.5,0.36918563473707566,-0.29268295003804123,2.41666670429586,0.08791192373233514,0.09841267726799252,-0.0061754897428513145,0.42401409061542106,0.01753658572199023,-0.08947366274624957,0.08947366274624957,0.09841267726799252,143722.3343292872,-0.006888627154622351,0.05181665997349003,0.0005783684411466705,0.010500753535657381,0.05809433769514394,0.14240434489854192,0.1287489459752007,1.0,3.0,1.0,0.0,1.0,63.0,126.0,0.6512517214459269,0.1502890101715153,0.12138730394895592,0.8815029355804032,0.8815029355804032,1.0,0.2013607594330595,0.2737043660714438,1,1,1,1,1,0
yearly_top_future_return_examples,2017-01-31,PLUG,1.059999942779541,-0.642772924001263,-0.43315511225849535,1.170937617604106,1.261697026681986,-0.48543690668782646,-0.4301075620284063,-0.4078212483970012,0.02770424204196098,0.09169220026090386,-0.14525139441573054,-0.16193817251171616,-0.13407822047565432,-0.4947899064223684,0.10063168146955448,-0.8330568814801046,-0.5225225544509902,0.5225225544509902,-0.06046848315886255,2.06107198537713,9.079554586155435,5.983220578012788,-0.3161290481360973,0.04702737396601125,0.10322586500185893,-0.2576511346504501,-0.19982315583468635,-0.3801170063550402,-0.36802243429604625,-0.4078212483970012,-0.3161290481360973,-0.10526319458580713,-0.0842665206412937,-0.3071895669274467,-0.10457514353811614,-0.37513034214221275,-0.3071895669274467,-0.5751263319305925,0.489547901786033,0.8632685086262271,1.0910584473599427,1.003856950498665,0.7700734737194082,0.021927968046391553,-0.39080463392540155,0.39080463392540155,0.0,3705988.8325195466,1.3026598404503602,0.25396825396825395,0.03968253968253968,0.047619047619047616,0.04884068474161139,2.6041552355671556,-0.010168028307466548,-0.12126285754236943,-0.18985023748888663,0.6943124447850636,-0.12408755948391248,0.09058272862665134,-0.22627741672252244,-0.13064046805072593,0.7176756742657417,0.5341253736309869,0.7912211400911622,0.02549512726923765,-0.12586340964807707,-0.32051283226916116,0.32051283226916116,0.0,0.5714285714285714,0.015873015873015872,4827642.821280729,15.38986908492404,0.3333333333333333,0.047619047619047616,0.047619047619047616,0.05637499913351565,-0.13445839734640763,-0.13112165133003673,-0.27606160322436357,-0.11666674945089228,0.16666666666666666,-0.08024083375542057,-0.13407822047565432,0.10322586500185893,-0.16806771644346996,-0.11666674945089228,-0.11259945249652725,0.42261128707592743,0.018970802282058014,-0.18461539872299337,0.18461539872299337,0.0,3811955.611013231,-0.06935911650654858,0.049191386636747166,-0.03636366749598041,0.05140096699257768,0.06794077521476605,0.08696865802536724,0.2096178117427676,1.0,3.0,1.0,0.0,1.0,63.0,126.0,0.6407333442603153,0.01886802001456611,0.3018868582322567,1.113207670240996,1.113207670240996,1.0,0.17248227079898193,0.21357306918229715,1,1,1,1,1,1
yearly_top_future_return_examples,2017-02-28,PLUG,1.0800000429153442,-0.7633861315818536,-0.4807691910915811,1.2976653153993782,1.403937931234424,-0.4374999650754028,-0.3966480078595551,-0.30322575732894885,0.009108151519015228,-0.06519528429530919,-0.11612900199056442,-0.09554980154495685,0.10322586500185893,-0.4259604057201739,0.09154695379342759,-0.391233932008224,-0.5135135004518676,0.5135135004518676,-0.07444289869086429,2.323892585861278,2.372170071783545,1.6583531456701115,-0.36842104162425804,0.04052650180695129,-0.10526319458580713,-0.18742002364237464,-0.09504857505288788,-0.2941176058099336,-0.32192146825438017,-0.36842104162425804,-0.2941176058099336,-0.10457514353811614,-0.12245206072111914,-0.21167880353552126,-0.12408755948391248,-0.32150433112220234,-0.21167880353552126,-0.22561960573175666,0.7750497401196144,1.9657375664336696,1.2105171903407987,-0.1653588146190904,-0.14961078802834238,0.02833345101077071,-0.3793103235655252,0.3793103235655252,0.27058825014371735,5362452.730908469,1.3540791932842442,0.3253968253968254,0.05555555555555555,0.07142857142857142,0.058722005319395774,1.7598437487492695,0.01282057748038623,-0.12657211916412003,-0.07088777860504003,1.5184187271654976,-0.11666674945089228,0.09386319360356578,-0.09999999999999998,-0.1293923085426979,0.07295123570062079,0.9382110337839618,1.6238824050736962,0.03196418440132941,-0.041631246973241165,-0.30769225478877493,0.30769225478877493,0.27058825014371735,0.873015873015873,0.19047619047619047,7261185.667893432,15.798053826321896,0.3492063492063492,0.047619047619047616,0.07936507936507936,0.06550858379163514,-0.007352895859087161,2.0987551252460435e-08,0.012384292927933513,0.01886802001456611,0.3333333333333333,-0.05474979367371716,-0.12408755948391248,0.10322586500185893,-0.02488259767200862,0.01886802001456611,0.025641066280226443,1.5235443900077787,0.05079459867766306,-0.09999999999999998,0.09999999999999998,0.27058825014371735,12678898.552016417,-0.04255316113389551,0.11177249005757509,-0.04929574804394987,0.04375061768657473,0.10982552758668107,0.12273464839122505,0.28261694049027253,1.0,3.0,1.0,0.0,1.0,63.0,126.0,0.6531120331950208,0.27777772258829403,1.0740740004880958,0.7222221670327384,1.0740740004880958,1.0,0.17832399718278708,0.24138514760449098,1,1,1,1,1,1
yearly_top_future_return_examples,2017-04-30,CVNA,2.220000028610229,,,,,,,,,,,,,,,,,,,,,,,,,,,,,,,,,,,,,,,,,,,,,,,,,,,,,,,,,,,,,,,,,,,,,,,,,,,,,,,,,,,,,,,,,,,,,,,,,,0.027269680173127142,0.09394606448954668,0.16826960815410885,0.29950042900683305,1.0,3.0,1.0,1.0,0.0,1.0,1.0,0.0,-0.09459461055882823,0.8441440585177993,0.7585585556559709,0.8441440585177993,1.0,0.1489417136632777,0.18879234390352911,1,1,1,1,1,0
yearly_top_future_return_examples,2017-05-31,CVNA,2.009999990463257,,,,,,,,,,,,,,,,,,,,,,,,,,,,,,,,,,,,,,,,,-0.917895519481669,-0.9256621608414354,,,,,,,,,,,,,,,,,,,,-0.8482503639962701,,,,,,,,,,,,,,,,,,-0.10819887828554432,-0.09459461055882823,0.0,-0.09459461055882823,-0.09459461055882823,-0.09459461055882823,-0.13356780389028455,-0.09459461055882823,-0.07086395782690191,0.8742660927517798,0.03664282729047913,-0.14540816662701483,0.14540816662701483,0.15252295804188343,8672294.24624216,-0.07789705318003126,0.07798864934383126,-0.04322162970403165,0.038973193331456324,0.08893888702481667,0.2085321748019704,0.2936149409808966,1.0,3.0,1.0,1.0,0.0,23.0,23.0,0.0,1.0368158617390488,0.9422885882547891,0.7761193781995981,1.0368158617390488,1.0,0.15165395884209643,0.19758380921713548,1,1,1,1,1,1
historical_mega100_examples,2017-08-31,ENPH,0.9200000166893004,-0.7630282516009076,-0.494505499903814,1.7892561398542006,1.9100755449701734,-0.17857141716747882,-0.38255032832158287,-0.48603349927621975,0.259142719823813,0.15756635583620682,-0.5754189906928844,0.7859453436320678,-0.23463685253371014,-0.6158843981638326,0.6965598522154032,-0.6986362471057573,-0.5157894588243266,0.5157894588243266,-0.0908010704276545,0.49153006144125766,-0.7663736046626495,-0.7171890917019492,-0.32846714344001293,0.13057556142589624,-0.13138682257037326,0.0019603793773206313,0.41415908503463195,-0.22689077945240677,-0.34713047405621317,-0.48603349927621975,-0.22689077945240677,-0.3613445765385711,0.04961464513228364,0.21052635293918343,0.1447368627439909,0.17295582225993167,0.21052635293918343,0.35339647178766376,0.6956889243718921,0.9680260947744334,0.8563063575664336,-0.2530006317119393,-0.268894220175527,0.032751437175951637,-0.34285711974513744,0.34285711974513744,0.3142857605097251,733955.7600887995,0.8184103603991847,0.4444444444444444,0.07142857142857142,0.1349206349206349,0.06958278242097105,0.4617637487796941,0.1466634857466368,0.035782989134359955,0.05553007921250752,0.7948774040139208,0.08045976145262146,0.19240360763698813,0.057471277755039685,0.0028686180190129473,-0.2818825910931174,0.595722848828205,1.130467018282452,0.02922063479232139,-0.03961454913910334,-0.08910888576610387,0.08910888576610387,0.21052635293918343,0.4126984126984127,0.9682539682539683,600676.998131332,13.30581429311791,0.3968253968253968,0.07936507936507936,0.047619047619047616,0.06821410444937269,0.025260052220975604,-0.02105261176576878,-0.03159363344677678,-0.021276575507703344,0.3333333333333333,-0.08724136715895758,-0.3613445765385711,0.1447368627439909,-0.04201240658626171,-0.021276575507703344,0.05263160048343174,0.6734450326375488,0.03136014894733055,-0.03157891764865328,0.03157891764865328,0.17948724414705275,634675.7136455603,0.025641040975382223,0.055900617697546125,-0.01075267783478262,0.020735831078558364,0.03757053067925176,0.1298508988876128,0.2685227516970936,1.0,3.0,1.0,0.0,1.0,63.0,126.0,0.6510309278350516,0.6521738623400954,0.6630434169942818,2.1521739595215803,2.1521739595215803,1.0,0.23182796776830894,0.29686464573588756,1,1,1,1,1,1
yearly_top_future_return_examples,2017-09-30,ENPH,1.5199999809265137,0.050748401216256234,0.2881356343151835,1.6330677301021257,1.7060059136239996,0.504950490375089,-0.15083798138576865,0.10948903331099102,0.890510966689009,0.16782181361186677,-0.3649635023793565,1.112089907661616,-0.13138682257037326,0.005353680032224695,0.6376373719712685,0.14802130720593684,-0.19999999999999996,0.19999999999999996,0.020379403175232902,0.45974848365398063,-0.1933777879972407,0.40927096567720533,0.2773108469228578,0.47319015819800647,-0.3613445765385711,0.6147880460436987,0.3720354729811115,1.0,0.46226662674461627,0.10948903331099102,1.0,0.1447368627439909,0.23821567688695078,0.7471264052822595,0.08045976145262146,0.6880710816177971,0.7471264052822595,0.9339169913305974,0.7396842750392874,1.3991963953909219,1.0815321220330008,0.4832980972515857,1.4506663463378668,0.033460381928869895,-0.00653594160147164,0.00653594160147164,1.171428581159942,784065.3126878397,1.0475683760986487,0.4365079365079365,0.10317460317460317,0.10317460317460317,0.07441063158023532,0.7208712925542846,0.08257294416463223,0.3375558886541259,0.4113277517787457,1.9010703552010113,-0.021276575507703344,0.34030368388516957,0.6170212604061625,0.5388571382892375,0.1642880849651509,0.7999923036176821,1.2937169103778394,0.03519356623270232,0.642615549651657,-0.00653594160147164,0.00653594160147164,0.9487179957433112,0.15873015873015872,0.5079365079365079,821362.0263676795,13.618720466547337,0.47619047619047616,0.15873015873015872,0.06349206349206349,0.0787168256241798,0.2701949751949375,0.5538793033958989,0.6301418527046723,0.6521738623400954,0.5,0.06056041865334335,-0.3613445765385711,0.6521738623400954,0.6551263025786155,0.6521738623400954,0.12885257379542003,1.0349635713623182,0.04576598899764973,-0.00653594160147164,0.00653594160147164,0.6521738623400954,1189910.5582274143,0.043239524976588006,0.0968045042020603,0.05409152072429513,-0.0029524402385200377,0.05905532366446242,0.10413535327876633,0.23738723309892729,1.0,3.0,1.0,0.0,1.0,63.0,126.0,0.6520618556701031,0.006578941176802688,0.9078948235247617,0.585526392152766,0.9078948235247617,1.0,0.21628361692183817,0.2548384365403871,1,1,1,1,1,0
yearly_top_future_return_examples,2017-10-31,ENPH,1.5299999713897705,0.21647250787893335,0.5299999713897705,1.2922268301204636,1.3408217906654312,0.026845611810072167,0.11678829639745181,0.2857141998492554,0.472906447281795,0.72744368250435,-0.21008407359961145,0.8377436217596255,-0.3613445765385711,0.16137829797961878,0.3419453483107586,0.37914622474849685,-0.19473684705855776,0.19473684705855776,0.1408033838038354,0.5980621359748104,0.6396083385975995,1.6687241675611602,1.0131578823536054,0.3691440602282802,0.1447368627439909,0.4177168052476965,0.19803648426163412,0.7586206471310504,0.6858309097779705,0.2857141998492554,1.0131578823536054,0.08045976145262146,0.19552458084796198,0.627659548160014,-0.021276575507703344,0.5630570816335909,0.627659548160014,0.7718183359933868,0.7535725828175693,0.8827085623289052,1.0791553269251497,0.4797605473204105,0.48949580491698486,0.034805623014549765,-0.03773588725110655,0.03773588725110655,1.1857142820650215,813237.3758871404,1.040203337984909,0.4603174603174603,0.11904761904761904,0.0873015873015873,0.07520964812887776,1.0851508605672078,-0.031199945649634908,0.16356674091716417,0.173672888016557,1.1228189842466785,0.6521738623400954,0.3292205393041322,0.6630434169942818,0.014192143668746215,0.40753796095444694,0.8132218669723235,0.8179624751925354,0.03669574850019487,-0.07196708973844956,-0.03773588725110655,0.03773588725110655,0.9615384968074834,0.31746031746031744,0.8571428571428571,845932.2329718915,13.64819571463694,0.5238095238095238,0.1746031746031746,0.06349206349206349,0.07937168471866321,0.07898446900512646,-0.055555551068605546,0.00989039359238572,0.006578941176802688,0.6666666666666666,0.083554712611206,-0.3613445765385711,0.6521738623400954,-0.03948500278712075,0.006578941176802688,0.09795477407414288,0.6651849711893765,0.03415158262569248,-0.03773588725110655,0.03773588725110655,0.2142857007699217,705408.0942369642,0.12998520105601807,0.06069093082199092,0.09756095058068603,0.04606394396392344,0.0646024665264231,0.12433590186963661,0.31352746351083716,1.0,3.0,1.0,0.0,1.0,63.0,126.0,0.6529896907216495,0.895424934376454,0.5751634842460636,0.4379085547860193,0.895424934376454,1.0,0.2459803403813009,0.2990116180599109,1,1,1,1,1,0
yearly_top_future_return_examples,2017-12-31,ENPH,2.4100000858306885,1.0595033379166132,1.386138721372951,1.09142299225134,1.0592038454043131,0.7591241441186356,2.171052784305532,1.7701150260020122,-0.1505497628368202,-0.20628514095591077,0.7471264052822595,-0.16160001312949346,0.08045976145262146,1.6336185429385286,-1.1845886338492462,2.079085338799972,-0.23248407474042554,0.23248407474042554,0.26933197429282596,1.1577089833935188,0.3520524515393386,1.1437148454904702,1.5638298850461014,0.10671240387407391,-0.021276575507703344,0.3876893455554904,-0.2259481331389539,1.619565263165192,1.651170058071102,1.5638298850461014,1.7701150260020122,0.6521738623400954,0.2862335401661005,0.585526392152766,0.006578941176802688,0.512403527210201,0.585526392152766,0.6461133222424753,0.851391231022631,0.6632361383557359,1.0644091682063073,-0.6802184466019418,-0.7342505014508469,0.03861379198566192,-0.23248407474042554,0.23248407474042554,2.0897438131140618,1475982.2489456525,1.4435149698077951,0.5,0.15079365079365079,0.0873015873015873,0.08155683862229143,0.8418281319331461,-0.15605095323769014,0.36907182615134215,0.06411165578267641,0.9322640945438296,0.895424934376454,0.4277669078427235,0.5751634842460636,0.1551648504402079,-0.4254623273843172,0.9062286320309426,0.6231026170822924,0.04203401773862153,-0.09935667458057862,-0.23248407474042554,0.23248407474042554,0.9126984952949229,0.3492063492063492,0.7936507936507936,2130602.4715236253,14.57191581752223,0.5238095238095238,0.14285714285714285,0.1111111111111111,0.08439685162040307,-0.10553009753004072,-0.1505524741344657,-0.2992269607712609,-0.16896551497342627,0.6666666666666666,0.24073256814414065,-0.16896551497342627,0.895424934376454,-0.17499664890675726,-0.16896551497342627,-0.08295279049076398,0.5646734322933861,0.027602971855142062,-0.16896551497342627,0.16896551497342627,0.0,2084990.7837095715,-0.04365076140061108,0.06135147913001556,-0.020325183553227655,0.00603113393333099,0.07312286494256504,0.1364964830634836,0.3266353834563378,1.0,3.0,1.0,0.0,1.0,63.0,126.0,0.6548246152543449,-0.08713694218587087,0.3775932842336174,0.8962655638604142,0.8962655638604142,1.0,0.18603985051195615,0.24004730840573973,1,1,1,1,1,0
yearly_top_future_return_examples,2018-01-31,ENPH,2.200000047683716,0.10423696782177339,0.4765100896661867,1.1443231787225236,1.1073037340286949,0.848739446973106,1.5287356731330628,1.340425588578431,-0.893057117992853,0.050878767698220084,0.627659548160014,-0.1897509933739947,-0.021276575507703344,1.1526455120803127,-0.9025170337924118,1.5411197143122375,-0.2993630655465044,0.2993630655465044,0.15656129477710223,1.323204947131351,0.2373338470429589,0.7791729237893665,1.3913043562766512,0.5309040436361956,0.6521738623400954,0.09529027557852898,-0.26162717829539783,0.44736847058557805,1.0596994718135535,0.44736847058557805,1.3913043562766512,0.006578941176802688,0.09952313726240214,0.4379085547860193,0.895424934376454,0.32220563858519724,0.4379085547860193,0.47174805254925756,0.8697738249209465,0.8468244135605231,1.0672520056680275,0.3542061986084757,0.23620481137258098,0.039877253237468525,-0.2993630655465044,0.2993630655465044,1.820512985101589,1681447.7424147583,1.5004378897968245,0.5238095238095238,0.16666666666666666,0.11904761904761904,0.0837484873091841,1.0398251578436135,-0.06687899080607884,-0.1480885835421616,-0.11653680851864845,1.0238361764934663,-0.16896551497342627,0.44543287663892567,-0.2413793188496519,-0.16552511827711558,-0.2588276021232403,0.9282678591244319,0.7934624709657663,0.04315419127441349,-0.18928571317066145,-0.2993630655465044,0.2993630655465044,0.5714286322496385,0.6825396825396826,0.9682539682539683,2522907.9024324343,14.740923120127267,0.5238095238095238,0.15873015873015872,0.1746031746031746,0.08831843138916949,-0.04153352741007277,-0.14715448399436004,-0.11830486702348739,-0.08713694218587087,0.5,0.21279978420439194,-0.16896551497342627,0.895424934376454,-0.17470727633912475,-0.08713694218587087,0.0031919931539841073,0.7365457092189736,0.03654702367910312,-0.15384610446952318,0.15384610446952318,0.13402060968790508,1862667.5301881065,0.07684779270434716,0.08311687171670337,0.048617752947395676,0.08757033415325388,0.11570291620082207,0.18778007649811834,0.3722731218444133,1.0,3.0,1.0,0.0,1.0,63.0,126.0,0.6550308008213552,0.509090846038063,1.0772727602769514,0.8863636388266383,1.0772727602769514,1.0,0.1032265538785166,0.1467351897458641,1,1,1,1,1,1
yearly_top_future_return_examples,2018-03-31,TKO,32.589927673339844,0.4303466831100804,0.6504388321275614,1.0147693246293699,1.0180796398694452,0.7899300936066012,0.6725172358808591,0.539810432135319,-0.26699409349131753,-0.17295999357384373,0.3034196094786994,-0.12205758228688524,0.12653907749839366,0.4347899784433171,-0.35844840494350483,1.6276549073239208,-0.061660875672938764,0.061660875672938764,0.09610999860007752,1.5523384526224282,0.09922449791210974,0.2985820811923541,0.36685043856147526,0.1354273589318913,0.07387876558659934,0.10057555092097736,0.009420662606693497,0.27281633864400145,0.3931590697802652,0.27281633864400145,0.539810432135319,0.0774142975202794,0.0724850233465113,0.18136202719181416,0.15598424076999362,0.15163794825221943,0.18136202719181416,0.7441737253510271,0.3316491903205935,0.5110677125780828,0.7348405065915492,-0.7286338422266948,-0.7430305039409245,0.013389532210198953,-0.061660875672938764,0.061660875672938764,0.6827166034361816,22399973.691528562,1.219600869373992,0.07936507936507936,0.015873015873015872,0.007936507936507936,0.024503606134032314,0.602408325614341,-0.05826495647597607,0.05708848850249626,0.002715728385509486,0.8655127328904453,0.07920812509543529,0.07158267332049853,0.02195340172190985,0.04095026002594526,-0.5046890866734365,0.24370925902586202,0.6954811390958782,0.011931759078373802,-0.007463236568859277,-0.061660875672938764,0.061660875672938764,0.19070663194676984,0.25396825396825395,0.9841269841269841,27319027.388142783,17.123094027910827,0.06349206349206349,0.0,0.0,0.025710637173789984,-0.025963475388967705,-0.024685124318872376,-0.3130031644884735,-0.053052531798222224,0.8333333333333334,0.07666199577874651,-0.053052531798222224,0.15598424076999362,-0.01226438072401359,-0.053052531798222224,-0.028595786618845875,0.16949519307551894,0.008071726910281705,-0.061660875672938764,0.061660875672938764,0.005304787276041667,26160077.57041568,-0.008480391602739057,0.020341085920910995,-0.005413264172474452,-0.040788151074208634,0.029724078939594722,0.10502045369200186,0.22009214901748098,1.0,3.0,1.0,1.0,0.0,63.0,126.0,0.5627924394923756,0.10497054166948572,0.6076082953872144,1.0261560758933306,1.0261560758933306,1.0,0.1841789561167063,0.25508338961319704,1,1,1,1,1,1
yearly_top_future_return_examples,2018-04-30,TKO,36.01091003417969,0.6972032644375923,0.8909149471823246,1.1884001199780914,1.2108195277388445,0.9039791870228289,0.7014451672648883,0.5103294694784473,-0.2049592303845469,-0.10390491032121352,0.3374880266149529,-0.20825962275332088,0.07387876558659934,0.4486256843731846,-0.3811010656168152,1.7811977306260036,-0.01290010166872435,0.01290010166872435,0.0701240776823393,1.4046081239346466,-0.4218646973493341,-0.3471531949717268,0.40642455915723374,0.10248291899315695,0.0774142975202794,0.1364136066194923,-0.01290010166872435,0.3053702390939004,0.40737475590986044,0.3053702390939004,0.5103294694784473,0.15598424076999362,0.04611723182612937,0.12922840386163204,0.07920812509543529,0.17762760611471617,0.12922840386163204,0.4778921542044,0.28650916217992906,0.9924664968931034,0.9438208454151618,-0.20694645441389292,-0.1236991941608131,0.01340343655080355,-0.01290010166872435,0.01290010166872435,0.5831308799558872,24951136.03717713,1.1496407178907113,0.07142857142857142,0.007936507936507936,0.007936507936507936,0.025282553473365603,0.5395913678509888,0.04876077400421441,0.020497553878183083,0.059127321323773296,0.9586669103235217,-0.053052531798222224,0.06907461540270586,0.0463490568714664,0.039504793242084,-0.5656969256678666,0.2704133196678503,1.0515411920750106,0.01312018925454893,0.0837601182072567,-0.01290010166872435,0.01290010166872435,0.1796160792418402,0.031746031746031744,0.873015873015873,28684841.945969112,17.17187942087567,0.07936507936507936,0.0,0.0,0.02663153557738732,0.0546636413925119,0.09572983510607735,0.36915866651932566,0.10497054166948572,0.8333333333333334,0.07306723980726186,-0.053052531798222224,0.15598424076999362,0.09991217821751563,0.10497054166948572,0.03258113557329523,0.2843507445164922,0.014225984496103863,-0.01290010166872435,0.01290010166872435,0.13880969969402468,26957068.605949767,0.010924779718750388,0.022977793584808674,0.0029744641554216855,0.005058363451970083,-0.04839920225308414,0.06170378510526264,0.19371168274473227,1.0,3.0,1.0,1.0,0.0,63.0,126.0,0.4723974571725502,0.45488792213256635,0.8336742921960958,0.9920621132698111,0.9920621132698111,1.0,0.19686471273889714,0.25182646251422625,1,1,1,1,1,0
yearly_top_future_return_examples,2018-05-31,CVNA,5.769999980926514,1.6565349141161452,1.870646770300067,0.6964661791242198,0.7138615820705461,0.6162465234797225,1.0345557301754025,0.7797655143788755,-0.2685031092600074,-0.2708742593157538,0.23627383395154,0.20334695676774284,0.17951874159706915,0.6795261739188667,-0.3401447236595927,1.1926390372379718,-0.041528239334233885,0.041528239334233885,0.057070136462716636,1.3985668735214454,0.7161314839445183,1.4705785638944637,0.5088912550631217,0.15570934803597836,-0.0015689863307092322,0.2699404811457169,0.0961653706166441,0.5112624051188681,0.5999730581869551,0.5088912550631217,0.7797655143788755,0.04976422601106689,0.12391468285793583,0.43962079071928284,0.14421159768410363,0.4208665841815702,0.43962079071928284,0.6522504758123921,0.6538151863490327,0.7599152212368723,1.0308816630825275,-0.5057458684469738,-0.455962175963441,0.030651094184406168,-0.041528239334233885,0.041528239334233885,0.8505451970661821,16182945.413777752,1.478718920846686,0.3888888888888889,0.1111111111111111,0.07142857142857142,0.06100504929132144,1.3429484796669393,0.08770762119644149,0.08762258130567879,0.12562523714812457,1.090506591922933,0.1430440781160336,0.06772008949106491,0.2581770658793274,0.004876386709082636,-0.11433614434202788,0.6740060866521034,0.7371507792316189,0.029453103334006858,-0.05624933952006628,-0.041528239334233885,0.041528239334233885,0.6960611596225725,0.49206349206349204,0.9206349206349206,23930027.578382265,16.990644654132996,0.2857142857142857,0.1111111111111111,0.07936507936507936,0.059508089322517645,0.06747739196910874,-0.016449511225421598,0.20272936009435097,0.10072488888884856,0.8333333333333334,0.10261575766106877,-0.0015689863307092322,0.17951874159706915,0.04399595633743636,0.10072488888884856,0.08950150618776354,0.49684411198245204,0.021473960802180114,0.0,-0.0,0.16518574645956607,29191297.57137526,0.0753690111373504,0.05237681955611787,0.06749056020867483,0.0567289325514122,0.018754206537712648,0.10023934046000882,0.21411185618392192,1.0,3.0,1.0,1.0,0.0,63.0,126.0,0.6646179053940796,0.44194102639983734,0.4904680086478592,1.244020796711427,1.244020796711427,1.0,0.20861952574386222,0.2689554678540397,1,1,1,1,1,1
yearly_top_future_return_examples,2018-06-30,AMD,14.989999771118164,-0.05603258407198597,0.2011218205887899,1.0540396617020928,1.0465601030428042,0.1756862565582873,0.3764921302605231,0.4581712218377323,-0.2203512221606112,-0.3671959655915471,-0.022373496907655332,0.5139157343831836,0.3365758879399252,0.3520046622439421,0.03337101563779599,0.955684331938481,-0.12390419424946109,0.12390419424946109,0.05692924850775394,0.8229210750536115,-0.14694729403838014,0.27236414173454837,0.09097525624618519,0.18482014542417585,-0.11863174247405883,0.22019713419815967,0.14465473164948806,0.23781999967712109,0.2623221592536795,0.09097525624618519,0.4581712218377323,-0.17010731002015633,0.2077329325546513,0.4915422374755283,0.08258705551779344,0.41730635019500983,0.4915422374755283,1.0279890307914765,0.47941690213586713,1.0848876431610772,0.9973762450605834,-0.11261023511839252,-0.031174594613184836,0.023796953169062187,-0.12390419424946109,0.12390419424946109,0.5729276171180642,770251200.0760978,1.0224198765754635,0.2857142857142857,0.03968253968253968,0.031746031746031744,0.04040415397180625,0.6698374379336579,-0.11739188205153839,0.25569011379802564,0.11086407266517151,1.5703963511450616,0.2619484740641347,0.20054277951089444,0.3777573174123485,0.2461758773404077,-0.10329270741638319,0.47815902967084833,1.0877416105846578,0.023021437690430722,0.18757065002629125,-0.12390419424946109,0.12390419424946109,0.5729276171180642,0.14285714285714285,0.9206349206349206,787520136.9139067,20.48439950029127,0.25396825396825395,0.031746031746031744,0.015873015873015872,0.03769929803536345,0.0038394406797852554,0.11818452055294681,0.17644201032130802,0.09176986678009813,0.6666666666666666,0.08069037196795605,-0.17010731002015633,0.3365758879399252,0.0803190329987904,0.09176986678009813,-0.044157522549654105,0.5201134730497657,0.027580913476417182,-0.12390419424946109,0.12390419424946109,0.04097223390399707,1220785460.2101507,-0.04915955432721686,0.05508435841584377,-0.012256210562038627,0.011450833781307734,0.07423588728051844,0.10616655959379018,0.2571544046607759,2.0,8.0,2.0,1.0,1.0,63.0,126.0,0.9673824130879345,0.22281522372156393,0.6791194436700392,1.0607071288396845,1.0607071288396845,1.0,0.2079121249956164,0.2583693910599621,1,1,1,1,1,1
yearly_top_future_return_examples,2018-12-31,ENPH,4.730000019073486,0.9639176510765227,0.9626555396752738,1.089180303806709,1.131058490349966,0.03501090621489911,-0.17452006922710195,-0.2971768193657952,0.2644570132756776,0.09213483124809674,-0.2793462272084415,0.2546039822767536,-0.11589899072774912,-0.20005883106348266,0.27243457443410735,-0.45556806883737255,-0.3676470578860547,0.3676470578860547,-0.04192126297769838,0.544886293291138,-0.739229386194497,-0.7456814365922593,-0.20504198811769847,0.13423938407347394,-0.17815125659818432,-0.04537013909269605,0.15739647498028675,-0.0327198060901176,-0.17831287119120376,-0.2971768193657952,-0.0327198060901176,-0.008179951522529372,0.06006153803128278,-0.024742244931687862,-0.06391751523199796,0.14259017791472473,-0.024742244931687862,-0.04079993064921537,0.652321441500942,0.816938787834291,0.9296468950206527,-0.09843418050200647,-0.21029513553529844,0.032324663255643815,-0.3676470578860547,0.3676470578860547,0.21593827545410926,13356437.696197297,0.6432731597059332,0.4444444444444444,0.09523809523809523,0.1111111111111111,0.06832355529915116,0.41061477539464963,-0.12363985683494316,0.058445856024391674,-0.08471689495600143,0.9704060075582408,0.18942734377543702,0.13078253186402716,0.041850233219585586,0.0066917960598302795,-0.23801290150960963,0.606428602646747,0.8787624550890822,0.030873148713073464,-0.06179353168603108,-0.19420781749760074,0.19420781749760074,0.13975901454881834,0.25396825396825395,0.6666666666666666,8591837.87924827,15.966323343139715,0.4126984126984127,0.09523809523809523,0.07936507936507936,0.06463011127421615,-0.11262584761673977,-0.09025682686558123,-0.2328251622198555,-0.12407408601135528,0.16666666666666666,-0.05013240938606317,-0.17815125659818432,0.18942734377543702,-0.03746681608366542,-0.12407408601135528,-0.11431513103195878,0.5329066876980969,0.026652632099378556,-0.19420781749760074,0.19420781749760074,0.019396585167589242,9184860.262609664,-0.050200793926213017,0.06991846948723933,-0.01826482300978227,-0.08660726992768986,-0.1673324228464126,-0.09711798830231255,-0.0012621114012488777,1.0,3.0,1.0,0.0,1.0,63.0,126.0,0.6481670061099797,0.528541224084329,0.9175474964587536,0.951374102540554,0.951374102540554,0.9979716024340771,0.33487739617543233,0.3926401135579827,1,1,1,1,1,0
yearly_top_future_return_examples,2018-12-31,PLUG,1.2400000095367432,-0.47331413238862874,-0.4745762437898776,1.1199864212833994,1.160597521416956,-0.3439153339036457,-0.3368983923129262,-0.38613860334395045,0.015580223409064176,0.00613860811232203,-0.04950496276539107,-0.30466168449872155,-0.009900980750178201,-0.2890206150416379,0.03197195607983783,-0.6325120060792707,-0.4876033179983559,0.4876033179983559,-0.06558755595952226,0.7236149632142846,2.200921816319563,1.0672620684791094,-0.3799999952316284,0.007848247898360207,-0.014999985694885365,-0.30258717011695313,-0.24155865450257596,-0.3705583799348863,-0.37889899283682177,-0.38613860334395045,-0.3705583799348863,-0.025380746598692494,-0.11069317198011064,-0.3541666472641126,-0.0364582993788638,-0.18683422441770003,-0.3541666472641126,-0.4646093097814711,0.6104842273864394,2.035298937046145,1.248663176544285,2.426404751027867,1.4278525279721697,0.022211088117827082,-0.4311926735941479,0.4311926735941479,0.2277227933120991,4483631.5161980335,0.8931501728697695,0.20634920634920634,0.031746031746031744,0.05555555555555555,0.044671262257062964,1.8555548225359546,-0.2491496164000616,-0.18317992934307692,-0.2507552801673222,1.446208223707995,-0.05405406624492348,0.1086395884910113,-0.3297297332128353,-0.24986360844348798,0.8607105054247155,0.762289174598535,1.629982348545666,0.025147195594425385,-0.33164700546532044,-0.36082475620472043,0.36082475620472043,0.2277227933120991,0.7619047619047619,0.09523809523809523,4004556.2637766204,15.202943586500448,0.2222222222222222,0.015873015873015872,0.07936507936507936,0.05260743398675409,-0.1780821852863298,-0.2949886152412634,-0.23454677489480827,-0.2914285659790039,0.0,-0.07203710744109121,-0.2914285659790039,-0.009900980750178201,-0.20482129605131405,-0.2914285659790039,-0.098181811246005,1.2425178990830572,0.04389852305877516,-0.2994350153113221,0.2994350153113221,0.2277227933120991,4630439.297109558,0.0428932177402237,0.09447004453236023,0.0016155266191746342,-0.08660726992768986,-0.1673324228464126,-0.09711798830231255,-0.0012621114012488777,1.0,3.0,1.0,0.0,1.0,63.0,126.0,0.6120162932790224,0.10483870502565207,0.44354834523086883,0.9354839329913056,0.9354839329913056,0.9959432048681541,0.33487739617543233,0.3926401135579827,1,1,1,1,1,0
yearly_top_future_return_examples,2018-12-31,SE,11.31999969482422,-0.1495256035564424,-0.15078771495769128,1.3018667804805024,1.3524026809559178,0.004436489354896711,-0.23461800378490694,-0.24533335367838527,0.03971929717482181,0.048170189746915115,-0.07800000508626292,-0.10348952801051137,-0.05999997456868478,-0.14821536537607272,0.06384382058161098,-0.4830735030041024,-0.31518455991537964,0.31518455991537964,-0.047213845836170276,1.290971781645657,-0.4728824447095531,-0.5685487637063293,-0.19716316393147015,0.025720962052965916,0.010638270529935712,-0.1322013309931941,-0.05543215300868687,-0.20561405650356346,-0.21603685803780628,-0.24533335367838527,-0.19716316393147015,-0.02947368956448726,-0.052403288593085295,-0.1814895330967743,-0.0563991133242302,-0.014157110250361704,-0.1814895330967743,-0.34808873655792494,0.5078592639685763,0.8346928495481487,1.0266401242632086,-0.8166789008393707,-0.8444381737019255,0.025585674367087193,-0.31518455991537964,0.31518455991537964,0.0540037184419484,19803437.563222554,0.8596277628322734,0.3333333333333333,0.07142857142857142,0.07142857142857142,0.049283738798721624,0.37502040283354554,-0.13247019203365473,-0.04975969394975854,-0.08451275659762603,0.8211732030428857,0.02222221897428933,0.06250028261590361,-0.1325670858716841,-0.07194216549593047,-0.7054459676592253,0.5213886978689208,0.813033535141815,0.025767927528060744,-0.11360593322021217,-0.21877157531861857,0.21877157531861857,0.0540037184419484,0.9841269841269841,0.07936507936507936,17023584.72886161,16.650110336291565,0.3492063492063492,0.07936507936507936,0.07936507936507936,0.052647909667949334,-0.0664944238403532,-0.1372669977204084,-0.35721160631528265,-0.1514243204391419,0.3333333333333333,-0.044072768065386514,-0.1514243204391419,0.02222221897428933,-0.06481705051145203,-0.1514243204391419,-0.04149027981575848,0.4239064962113564,0.021034721667840723,-0.1514243204391419,0.1514243204391419,0.0540037184419484,13030805.047839029,0.006132776082149682,0.0487190687690187,0.010714275678809893,-0.08660726992768986,-0.1673324228464126,-0.09711798830231255,-0.0012621114012488777,1.0,4.0,1.0,0.0,1.0,63.0,126.0,0.640122199592668,0.23763256241849096,0.8992933374221135,1.0777386123532837,1.0777386123532837,1.0,0.33487739617543233,0.3926401135579827,1,1,1,1,1,1
historical_mega100_examples,2019-04-30,ENPH,10.039999961853027,1.2313861489448579,1.4192770436464555,0.9799929969780165,1.0045833639424324,0.6873950056635434,1.0701031256233908,1.2114537546725317,-0.08883220681476534,-0.3521945353132261,0.592511030798009,-0.20385267182615974,0.18942734377543702,1.0901010300450844,-0.8227953957006824,2.2370196610571296,-0.037392169886056315,0.037392169886056315,0.13740412490649967,0.8868439574391741,-0.2872789442752578,-0.01027394835259543,0.8592592193593056,0.1831628909578446,-0.12407408601135528,0.31207527059750073,-0.037392169886056315,1.1226215478577664,1.0644448406298679,0.8592592193593056,1.2114537546725317,0.528541224084329,0.1380174703894328,0.3886583589718493,0.2544951135403355,0.25946675011556164,0.3886583589718493,0.8279956373994404,0.541548103381463,0.7933825554927394,0.866768110889893,0.44897626676804436,0.5761346028791192,0.027605942948206622,-0.037392169886056315,0.037392169886056315,1.4192770436464555,13972125.597471282,1.3313329420825375,0.3968253968253968,0.1111111111111111,0.023809523809523808,0.055263090679903204,1.1278958345076378,0.008109436172487494,0.10365080836135543,0.09480295489289237,0.9767093571681312,0.017640557088817843,0.22440801783401837,0.10694600878347726,0.09303878666856802,-0.0035728957884646473,0.46939662652395514,0.9153342693678357,0.023572552961248196,0.07455996223920947,-0.037392169886056315,0.037392169886056315,0.4342857088361467,0.031746031746031744,0.9523809523809523,18601551.078828175,16.73875558030037,0.36507936507936506,0.07936507936507936,0.0,0.046587732021494827,0.04768861558503401,0.12419176632244455,0.20425085256846695,0.0877573629240338,0.8333333333333334,0.15896458590026633,-0.12407408601135528,0.528541224084329,0.032764822269667926,0.0877573629240338,0.022247110420945404,0.4296548181830313,0.022577047173853802,-0.037392169886056315,0.037392169886056315,0.08423323042027375,18696037.24339803,0.021467093617286492,0.03884462193292714,-0.0043633531673128445,0.05499254065436587,0.12919160885628767,0.12135272462744728,0.1878908947015976,1.0,3.0,1.0,0.0,1.0,63.0,126.0,0.6484180079655049,0.51095618863868,0.8157370130977288,1.803784833215755,1.803784833215755,1.0,0.15344361614260105,0.20611168740172825,1,1,1,1,1,1
yearly_top_future_return_examples,2019-09-30,BE,3.25,-0.9299742840455986,-0.9046361553584629,0.8886018658277912,0.9472714896999874,-0.6743486824577813,-0.7753973780217948,-0.7484520138693179,0.049377934480700936,-0.012928307180031906,-0.05030956770061579,-0.6848167665495506,0.05417955148077147,-0.803829109052202,0.013325679619151543,-0.8520256527708829,-0.9046361553584629,0.9046361553584629,-0.17561346864462346,1.0934540202861558,-0.7269777650539173,-0.9276835997986188,-0.7613803210493498,0.032882085522888446,-0.20704843748304202,-0.6384912296207095,-0.5552114806768156,-0.699074079388617,-0.7363021381024283,-0.7613803210493498,-0.699074079388617,0.1361111334321916,-0.3609348545687865,-0.7351263342501664,-0.1483293056722712,-0.7482503408208638,-0.7351263342501664,-0.6694143423651485,0.8784383562106001,1.1760272705386106,1.2501314386554951,0.09177637855371112,-0.20797472875158973,0.03453879254974063,-0.7870249048981737,0.7870249048981737,0.0030864168005624304,15267026.023806088,0.8850130805119062,0.4444444444444444,0.09523809523809523,0.1349206349206349,0.0668713708503613,0.7545701804994642,-0.09418070287547409,-0.4511417483677629,-0.4674924606237624,0.6869595523143164,-0.5712918563786531,0.2520934761844398,-0.6889952096345018,-0.3714556543608897,0.054535960560871066,1.0981634060197258,0.9407228985485053,0.04176298013249434,-0.3011351903324312,-0.7511485531716863,0.7511485531716863,0.0030864168005624304,0.873015873015873,0.06349206349206349,13511517.731584065,16.419053118983463,0.5238095238095238,0.09523809523809523,0.20634920634920634,0.07580222082107232,-0.23463379947668628,-0.2372575540082067,-0.26576538755925555,-0.27455357451714113,0.3333333333333333,-0.16848874818969073,-0.5712918563786531,0.1361111334321916,-0.2837324198715797,-0.27455357451714113,-0.18321185904682769,1.0330674623907756,0.04770326884711329,-0.33537830496184673,0.33537830496184673,0.0030864168005624304,10592493.594639642,-0.040165383913447816,0.12298901002485674,-0.039030164546463686,0.00917884535443858,0.013124006570697455,0.05537709518288403,0.025338128687135697,1.0,3.0,1.0,0.0,1.0,63.0,126.0,0.6533132530120482,-0.05846155606783354,1.006153840285081,1.2984614739051232,1.2984614739051232,1.0,0.2397946478299464,0.3144401856336757,1,1,1,1,1,1
historical_mega100_examples,2019-10-31,BE,3.059999942779541,-1.042053137743681,-0.8711578971461246,0.8579264703650048,0.8058888691446936,-0.6761904757099146,-0.7631579005642475,-0.7753303987892117,0.024719137877918795,0.05866372182050794,-0.23274596937809156,-0.4744310642457277,-0.20704843748304202,-0.8195114266514028,0.0681533651653925,-0.8686652268205408,-0.8711578971461246,0.8711578971461246,-0.20401958558616928,1.0047392614980497,-0.07610178260665068,-0.7294613833532139,-0.7166666769687038,0.029452512100829307,0.1361111334321916,-0.5622505559518078,-0.3667095158282214,-0.7506112609112929,-0.7475361122230696,-0.7753303987892117,-0.7166666769687038,-0.1483293056722712,-0.380796525443712,-0.7071770336238192,-0.5712918563786531,-0.7405489809448782,-0.7071770336238192,-0.6082574501163313,0.892553742052102,0.8418955080006414,1.3025857893761235,-0.14177735057672147,-0.19195038211466509,0.035789782373357365,-0.7921195728757148,0.7921195728757148,0.14606736155113875,13547723.558596013,0.8257848880073573,0.4365079365079365,0.0873015873015873,0.15873015873015872,0.07200119043265815,0.6585496686521463,0.06923586909494461,-0.2490224789683292,-0.14872309950647944,0.46585429627216246,-0.27455357451714113,0.2358668035778793,-0.31696430139471676,-0.23172951770017358,-0.07191117410819747,1.1626278206515501,0.6463263417021226,0.04623819841256614,-0.156259330032396,-0.6819126840767417,0.6819126840767417,0.14606736155113875,0.9841269841269841,0.07936507936507936,11187505.381589845,16.230308211986525,0.5555555555555556,0.12698412698412698,0.23809523809523808,0.08833582613881967,-0.004230415565702583,-0.13304982090795947,-0.07779967868308996,-0.05846155606783354,0.16666666666666666,-0.1872622661144582,-0.5712918563786531,0.1361111334321916,-0.10226210898444343,-0.05846155606783354,0.03588352551876395,0.7514369860828278,0.03541291086424983,-0.09198811670823315,0.09198811670823315,0.14606736155113875,6516105.410355614,0.08356937532289721,0.07462651372704458,0.07217937872094637,0.04380055291660989,0.03337194732105897,0.044181027862191025,0.17089524059755634,1.0,3.0,1.0,0.0,1.0,63.0,126.0,0.6535681648750691,1.1307189878585726,1.4411764476721856,1.5751634842460636,1.5751634842460636,1.0,0.22726724961899777,0.29223661224080705,1,1,1,1,1,1
historical_mega100_examples,2019-10-31,PCG,6.06419563293457,-1.0390858112164267,-0.8681905706188704,0.9019189997448124,0.9258591538569154,-0.5253846657949769,-0.6533708303101895,-0.7260212765810768,-0.004781525677264087,0.08683993501343423,-0.19493763451682866,-0.4647424906937315,-0.2406747350337317,-0.7702023044432679,0.06634115137051666,-0.6092566337276492,-0.873565586580662,0.873565586580662,-0.13587823664584153,1.2575360796626116,5.970670235307238,1.3722576216782345,-0.6391813415676426,0.05157281157101578,0.34035072229327135,-0.5670114903395345,-0.42366038298233144,-0.7308028022583409,-0.6986684734690202,-0.7308028022583409,-0.6391813415676426,-0.20898772689013623,-0.27775941968372897,-0.6596801252105602,-0.4236072792446177,-0.6930520725316192,-0.6596801252105602,-0.4264554449741838,1.191650999577994,1.9698781132262286,1.2981074859525996,1.0085260440655093,0.23926034506498062,0.04612927682028194,-0.7423799813537779,0.7423799813537779,0.6236842278293429,138816240.2948349,0.9482906669642572,0.5,0.12698412698412698,0.15079365079365079,0.07270047565364388,1.9949996808306913,-0.11309531917707416,-0.2013786903338789,-0.35767975750464076,0.7238680650959135,-0.043062134316064204,0.28005399281446614,-0.4095694436539047,-0.2731956493065507,0.6886262055633767,1.5468910831950922,1.517500002536892,0.060812939066406745,-0.3868640461828814,-0.6666666317193034,0.6666666317193034,0.6236842278293429,0.9365079365079365,0.047619047619047616,131638145.0946596,18.69556739879424,0.5555555555555556,0.1746031746031746,0.2222222222222222,0.08443332186474616,-0.2899067976778129,-0.4738325091365809,-0.16315878552589902,-0.38300011158602554,0.16666666666666666,-0.15983021079621731,-0.4236072792446177,0.34035072229327135,-0.42680066450263543,-0.38300011158602554,-0.21195480291983415,2.347407222672848,0.09525842256596118,-0.4634782447282447,0.4634782447282447,0.6236842278293429,160719279.11541802,-0.057151633238617716,0.12942810495627088,0.18018356870594165,0.04380055291660989,0.03337194732105897,0.044181027862191025,0.17089524059755634,1.0,3.0,1.0,1.0,0.0,63.0,126.0,0.8164598513815742,0.20907620498932955,0.7617501497931203,1.4651544245192074,1.4651544245192074,0.99800796812749,0.22726724961899777,0.29223661224080705,1,1,1,1,1,1
yearly_top_future_return_examples,2019-10-31,TSLA,20.994667053222656,-0.23730104630601445,-0.06640580570845811,1.0471249828227196,1.0716886146525475,0.02573122096122793,0.12527694244095344,0.31936819208803535,0.08992210495211306,0.38143116685492506,0.012233332839895139,0.2911896520428996,-0.22426582233190806,0.2751871642258443,-0.01594520720524062,0.6035494513927228,-0.16420285403725898,0.16420285403725898,0.05987007392371568,0.8342133073474315,-0.44793096685624634,-0.2804205329584101,0.7007993589429604,0.19939627762272208,0.20684812952665022,0.31103046082201646,0.04759272565219119,0.4092902970401484,0.4764859493570481,0.31936819208803535,0.7007993589429604,0.08122252974300093,0.06624757243347479,0.30342298488279473,-0.06622236595163389,0.27005103756173576,0.30342298488279473,0.5515214140958496,0.5291499998071013,1.390496391641222,1.03969821044525,-0.13823599442157897,0.12669371898537385,0.02175331461543347,-0.04025843634675308,0.04025843634675308,0.759624660366405,2125438097.558521,0.9150965333202058,0.23015873015873015,0.031746031746031744,0.047619047619047616,0.03495381825547969,0.6509548494016534,0.0503863490965073,0.11549096881292464,0.2701531927076499,1.4563967941256366,0.0676388894701141,0.18973973238272088,0.3958601463089684,0.12907948268551372,-0.24997779685603483,0.5501563078565476,1.3374038520714036,0.02174556016409923,0.22084267123804358,-0.04025843634675308,0.04025843634675308,0.48968783248480463,0.06349206349206349,0.7619047619047619,1944981034.862496,21.388518063770057,0.19047619047619047,0.047619047619047616,0.031746031746031744,0.03352730412009709,0.21348974141772792,0.3202706099664878,0.4178242601009731,0.3074272210164204,0.6666666666666666,0.06210809691210728,-0.22426582233190806,0.3074272210164204,0.2636266680998105,0.3074272210164204,0.1652245873717888,0.7357811653687277,0.02524494840191008,-0.04025843634675308,0.04025843634675308,0.36075702197967274,2895408702.041422,0.07761483391410318,0.042405329037360384,-0.017097486659638506,0.04380055291660989,0.03337194732105897,0.044181027862191025,0.17089524059755634,2.0,8.0,2.0,1.0,1.0,63.0,126.0,0.9680933314094702,0.047694647129001844,0.32836906068835336,1.0658262389195774,1.0658262389195774,0.9960159362549801,0.22726724961899777,0.29223661224080705,1,1,1,1,1,1
yearly_top_future_return_examples,2019-11-30,ENPH,21.8700008392334,2.8282183293368366,3.0500000838880172,0.7108216758723026,0.7419763272409658,1.411246039149646,1.1782869444550248,0.44166122143990627,-0.6647517672444948,-0.2419902730910759,0.9558338778560096,-1.2187256613748332,0.20171387281165698,0.25759720714848,-0.7045530049587299,0.5269454258038138,-0.3720930321705024,0.3720930321705024,0.00976452021237928,1.005020772538307,-0.3994656738052267,-0.5573412138828456,0.19967094834883037,0.33644749101561244,0.5441579991985581,-0.10159343886552319,-0.06685538570921445,-0.22309054580458854,0.1394138746613827,-0.22309054580458854,0.44166122143990627,0.05399646459544183,-0.14071330954922,-0.2628917835188236,-0.2507583591144682,-0.3591396710972412,-0.2628917835188236,-0.3090814629931464,0.8381536299820552,0.7422452650542698,1.0147999175800346,-0.5333590989399293,-0.47475878859940923,0.03539211751226926,-0.3720930321705024,0.3720930321705024,0.3947704345397478,118973960.13696913,1.0732269540313484,0.4365079365079365,0.11904761904761904,0.11904761904761904,0.0641241893947062,0.4643004290430856,0.22714401804585815,-0.14109105079192796,-0.007938273370601268,0.734896202025133,-0.12595588370303978,0.2771433171201093,-0.01619427397283313,-0.19412032799529533,-0.30839352346869753,0.8505582346251964,0.7314203048264742,0.03680643261510066,-0.1624999774495759,-0.21500357644976287,0.21500357644976287,0.2183843960824443,0.9682539682539683,0.2857142857142857,127686060.84684645,18.665085167409448,0.4603174603174603,0.1111111111111111,0.15873015873015872,0.07446657692292116,0.056317652403678586,-0.08715319855203019,0.2018580380843965,0.12557902705784563,0.6666666666666666,0.0914555201409991,-0.2507583591144682,0.5441579991985581,0.08488488787020176,0.12557902705784563,0.13084621959873166,0.6221155632422289,0.03308487383920624,-0.050781251293503527,0.050781251293503527,0.2183843960824443,102984814.70884596,0.08805972259559969,0.06032398786528127,0.022536017390510255,0.04069413918764386,0.09624788757841762,0.18406401429142627,0.22178175455118043,1.0,3.0,1.0,0.0,1.0,63.0,126.0,0.8031653560349181,0.19478729575039777,0.441243678473884,1.2391403448350142,1.2391403448350142,1.0,0.13999787759462007,0.19909381193479134,1,1,1,1,1,1
yearly_top_future_return_examples,2019-11-30,PCG,7.332074642181396,-0.9389917428213483,-0.7172099882701679,0.9726043278269654,1.0198672448692687,-0.561949548037973,-0.6687388448408272,-0.5637427457732642,-0.02478459153387602,-0.11077732798748852,-0.3888889141082077,0.10276445048488303,0.34035072229327135,-0.7478067600646905,0.27761828214993955,-0.4457752375825872,-0.7248247870231836,0.7248247870231836,-0.2079754618135492,1.3754597047497532,0.4634165008418798,0.04469723948097415,-0.6745200737607527,0.05813868920711511,-0.20898772689013623,-0.3449590157050916,0.1751496751431013,-0.5885273373071402,-0.6089300522803857,-0.6745200737607527,-0.5637427457732642,-0.4236072792446177,-0.17464070215765848,-0.28612446362332467,-0.043062134316064204,-0.3823723512017423,-0.28612446362332467,-0.18389968499299258,1.264634502424154,0.9113073731402962,1.2302942094088631,-0.5921244893823526,-0.5068474255143299,0.05070874489662565,-0.6885177655259455,0.6885177655259455,0.9631579642849317,136565127.32931206,0.9802786653648373,0.5238095238095238,0.16666666666666666,0.15079365079365079,0.0794409532139626,0.8436758871480732,0.2781419947477245,-0.22684662000232292,-0.07082182768349887,0.6232271240973739,-0.38300011158602554,0.3124082744177037,-0.254000116437592,-0.1200849759694349,-0.35793017184207654,1.5558725053510958,0.7407231263635426,0.06289927508584922,0.08345751916800048,-0.3885246369715789,0.3885246369715789,0.9631579642849317,0.7936507936507936,0.36507936507936506,133871880.75375709,18.71239379423875,0.5714285714285714,0.20634920634920634,0.1746031746031746,0.08972550900753731,0.08535398477371481,0.36878907362847424,0.1814156286784989,0.20907620498932955,0.3333333333333333,-0.0848717207923738,-0.4236072792446177,0.34035072229327135,0.1683820658016857,0.20907620498932955,0.05996016889794609,1.1524707463867414,0.055819538531802465,-0.06750003244485392,0.06750003244485392,0.23920254428404442,130930990.92330252,0.026134784192556326,0.07995019477725412,0.0029577730381107337,0.04069413918764386,0.09624788757841762,0.18406401429142627,0.22178175455118043,1.0,3.0,1.0,1.0,0.0,63.0,126.0,0.8158658586441574,0.4571043103181973,1.0388743193742394,1.077747988404365,1.077747988404365,0.9980119284294234,0.13999787759462007,0.19909381193479134,1,1,1,1,1,1
yearly_top_future_return_examples,2019-11-30,TSLA,21.996000289916992,-0.28038709240624904,-0.05860533785506861,1.119713801233057,1.1582137469207574,0.03144934053723003,0.38229499244290355,0.7819183842049775,-0.41632909999836754,-0.30541248374517305,0.21845971707146572,0.24397548635714594,0.20684812952665022,0.5978543699135512,-0.31948318077636584,1.5451465535792244,-0.12433980408913914,0.12433980408913914,0.09948760606528184,0.5706347973885685,-0.7354676737549084,-0.6131386136543158,0.47650590045980445,0.21560349428750944,0.08122252974300093,0.25438068855209894,0.06597944398128552,0.36558928420660997,0.5413378562904639,0.36558928420660997,0.7819183842049775,-0.06622236595163389,0.18277405894091348,0.46243520342861166,0.0676388894701141,0.36618731585019404,0.46243520342861166,0.8744018027060089,0.5060480395168458,0.6437769683422334,1.0450765354268226,-0.5134004341819618,-0.49019223959714486,0.020780546132093146,-0.08227637217012229,0.08227637217012229,0.7042355478995606,2145385153.051944,1.1033080212254458,0.1984126984126984,0.031746031746031744,0.031746031746031744,0.032441738091494796,0.38164622600135184,-0.04201793582336921,0.2554333413755687,0.1336991250674493,1.0428277625316027,0.3074272210164204,0.13105454842156772,0.3697845009696501,0.2709874538240631,-0.4485103337210342,0.5288589318978011,0.6160093988516417,0.01997166693204454,0.19475296231529549,-0.08227637217012229,0.08227637217012229,0.49510606644994204,0.1111111111111111,0.9682539682539683,2367020647.9801908,21.584897891132726,0.15873015873015872,0.047619047619047616,0.031746031746031744,0.031656643498920556,0.021656881562542418,0.04586733151423905,0.14640046559782796,0.047694647129001844,0.8333333333333334,0.10743484182225893,-0.06622236595163389,0.3074272210164204,0.007000507941357981,0.047694647129001844,-0.024711783335265358,0.32578207271568577,0.014901150974990425,-0.08227637217012229,0.08227637217012229,0.053078455641130784,2612420613.175801,-0.037587568786610626,0.03012234410235269,-0.005923356865532692,0.04069413918764386,0.09624788757841762,0.18406401429142627,0.22178175455118043,2.0,8.0,2.0,1.0,1.0,63.0,126.0,0.9622658297862107,0.2678971533628465,0.9717827561499546,1.0245801357394693,1.0245801357394693,0.9960238568588469,0.13999787759462007,0.19909381193479134,1,1,1,1,1,1
historical_mega100_examples,2020-01-31,EQT,5.618961811065674,-1.0001860903920354,-0.686703299695068,0.9379686248344502,1.0233777533339086,-0.7021828486197992,-0.6153319559844654,-0.5975114935069371,0.1677088417577628,0.19406017494377925,-0.28749007767083146,-0.14762163954239294,-0.325304842643131,-0.7486765931253619,0.16239977629371272,-1.0098554854663202,-0.7197256684375473,0.7197256684375473,-0.06210084016350792,0.995815445349124,-0.1458734673723303,-0.5175139297013327,-0.40345131856315786,0.1052615788275578,0.04621440851461944,-0.3770266976679716,-0.30171857150897474,-0.4298026517491743,-0.47692182127308974,-0.5975114935069371,-0.40345131856315786,0.009398434391060029,-0.08963661761874775,-0.4351117172132244,-0.18488029829479136,-0.5491008308162557,-0.4351117172132244,-0.7008762198509886,0.5916801979156697,0.9816954153772163,1.0492341537571541,1.7426083072800358,0.5222738472921307,0.029542916044071398,-0.5444493515608999,0.5444493515608999,0.0,58992519.556338444,0.9836280256189747,0.3968253968253968,0.07142857142857142,0.10317460317460317,0.0585921413577825,1.5497295432941038,-0.41846402911064906,-0.06296529852085386,-0.3220679832361516,0.8827755398345968,0.24856793388095366,0.25743879396549313,-0.30698732762188863,-0.17758107586532923,0.8257599032715237,0.6208110717549132,0.9356304423201518,0.0308415591823878,-0.3491567089942236,-0.47799814851254174,0.47799814851254174,0.0,0.8888888888888888,0.0,58026695.537489936,17.876413747741125,0.3968253968253968,0.06349206349206349,0.12698412698412698,0.05513161603266221,-0.31979152533318045,-0.40923531199994967,-0.7660397227664423,-0.4449539720085527,0.5,-0.10849305602664032,-0.4449539720085527,0.24856793388095366,-0.4753383369537354,-0.4449539720085527,-0.24727828089410353,0.580849737663297,0.03469233894347023,-0.42160614379259487,0.42160614379259487,0.0,63483846.11383393,-0.11923119049906561,0.08500587408504576,-0.04272142926704692,0.030384364945182707,0.11398911360303132,0.15116509961842484,0.3134827906969673,1.0,3.0,1.0,1.0,0.0,63.0,126.0,0.6827452664392331,-0.02420794552393335,0.1752724944727162,1.4253502918451635,1.4253502918451635,1.0,0.09641200557320674,0.19091081226455336,1,1,1,1,1,1
historical_mega100_examples,2020-02-29,EQT,5.482938289642334,-0.8701067897735218,-0.6720239679636107,1.0105184920468688,1.0258172471477325,-0.6757170008479797,-0.6072549133461305,-0.4178925365457552,-0.030893965444279692,-0.025713421547766346,-0.1391951327675549,-0.18456860787465856,0.04621440851461944,-0.5202667863304374,0.09412879590354173,-0.6566322016326311,-0.7265105341877679,0.7265105341877679,-0.1215561320631382,1.5284790476250212,4.786394995322731,2.9129701068036606,-0.44360595809352155,0.01654516638190333,0.009398434391060029,-0.31513155465656173,-0.16211934442575093,-0.4487865019900349,-0.4367616655431039,-0.4487865019900349,-0.4178925365457552,-0.18488029829479136,-0.15884288279026637,-0.32376374064221347,0.24856793388095366,-0.32935222320686186,-0.32376374064221347,-0.4855569254468941,0.636417975704998,1.2447819456188287,1.0477209267943821,0.6117136482811405,0.5726973720833708,0.03168869891018431,-0.5241130359502045,0.5241130359502045,0.18346788137979653,56763704.49565025,0.9815563177400463,0.42857142857142855,0.0873015873015873,0.11904761904761904,0.061872504768448106,1.958729085406582,0.01960765249509655,-0.3344331001085832,-0.2270188963514841,0.9088095758445864,-0.4449539720085527,0.23510014971759968,-0.4583904960174452,-0.34459262092495957,0.6245311666461488,0.666788431334245,1.18808540880001,0.0341687746015709,-0.23907435459666515,-0.4583904960174452,0.4583904960174452,0.18346788137979653,0.6349206349206349,0.031746031746031744,55716772.766034566,17.835791804374626,0.47619047619047616,0.07936507936507936,0.12698412698412698,0.06210677902655883,-0.029333925628478585,-0.1840144454488748,-0.030557809198853814,-0.02420794552393335,0.5,-0.05831023984010738,-0.4449539720085527,0.24856793388095366,0.036366320902382676,-0.02420794552393335,0.061134515374405174,0.7922016060248639,0.041814604915573844,-0.046277447540948646,0.046277447540948646,0.18346788137979653,52012111.1297176,0.05613532884228367,0.07988424662836954,0.09188986244105224,-0.060574266426316026,0.005588482564648389,0.10237424978468224,0.1980828218099111,1.0,3.0,1.0,1.0,0.0,63.0,126.0,0.6752988047808766,0.20442925219734143,1.4855196152907904,1.2725723362631216,1.4855196152907904,1.0,0.23599934418600355,0.350861854220824,1,1,1,1,1,1
historical_mega100_examples,2020-03-31,APA,3.5508432388305664,-0.9437781822729949,-0.8749333322226236,1.1533764945447431,1.4176060193602367,-0.8513843543546085,-0.802517842100579,-0.8336058654939158,0.022664746215970588,0.028076462811137626,0.010871552933685358,-0.8462669263387574,-0.14437381896523505,-0.8463669486451031,-0.001789507911156285,-0.6277432394941829,-0.8839203375421769,0.8839203375421769,-0.10494838334992351,2.216802572438665,8.332118532680129,0.5361098864114187,-0.8055294026827782,0.014895553931324348,0.028624503511808674,-0.8133609519344408,-0.8391668560945215,-0.8109411192779452,-0.8166921291515464,-0.8336058654939158,-0.8055294026827782,0.14856358920764667,-0.280192660457004,-0.8353953734050721,0.08056249047296182,-0.7328402764143588,-0.8353953734050721,-0.47569621761320097,1.3279408093117993,2.0818915339038253,1.3224633648161352,2.050681613999453,-0.488288598334378,0.04291743062005927,-0.8745985859015056,0.8745985859015056,0.017031727534424723,124744766.59124163,1.0424282246243313,0.31746031746031744,0.06349206349206349,0.11904761904761904,0.06678252561870733,3.121372036056079,-0.6222070759890342,-0.4832735092885535,-0.7930406267529231,0.945852287552283,-0.09183671381992631,0.3582667645711022,-0.8476676471317448,-0.683135410110475,1.0028722183398835,1.756153070959144,1.5742527084621922,0.057767613363834326,-0.8159548482644876,-0.8745985859015056,0.8745985859015056,0.017031727534424723,0.8412698412698413,0.015873015873015872,130037465.5688846,18.683333171272988,0.3333333333333333,0.07936507936507936,0.15873015873015872,0.08794259092298957,-0.7124183016968939,-0.8022959269060979,-0.30103979141727794,-0.8322632557532719,0.5,-0.135120534224336,-0.8322632557532719,0.14856358920764667,-0.7594048872945163,-0.8322632557532719,-0.5179333376771172,2.764628728431629,0.12706215596778328,-0.8336649316871354,0.8336649316871354,0.017031727534424723,113082123.0872018,-0.14536905412517787,0.2935748617197607,-0.15725805872070464,-0.0728583684587556,-0.1025550969907133,0.012761083151187291,0.06884485005037133,1.0,3.0,1.0,1.0,0.0,63.0,126.0,0.728386454183267,2.138439015193124,1.588972932555786,2.239214960590375,2.239214960590375,1.0,0.5487230739584958,0.72923393544546,1,1,1,1,1,1
historical_mega100_examples,2020-03-31,CELH,1.4033329486846924,-0.08058218026422692,-0.01173733021385559,1.0420829117441677,1.0985517761380592,-0.05180207391942415,0.026828712171922398,0.2097698181595833,-0.341729015262341,-0.013747128697791933,0.38793108675199384,-0.5162957226427711,0.011494036709268629,0.197008735008396,-0.3381344540503606,0.23053541720158635,-0.36691754393041043,0.36691754393041043,0.06324153169523927,1.7904048288063275,-0.45019710906701704,-0.5207723569733262,0.19602268946179136,0.19345103658464574,0.3778415547631522,-0.1520134469864859,-0.3387483464054538,-0.13195919710275772,0.09127777017287231,-0.13195919710275772,0.2097698181595833,-0.004123927688103768,0.008646615539502633,-0.1283646358907773,0.11801238280930981,-0.02580953890006399,-0.1283646358907773,-0.10713179931822109,0.9099244736705898,2.147274723664204,1.3168055490921027,-0.6970750072400811,-0.7842108542404623,0.03386462783476359,-0.36691754393041043,0.36691754393041043,0.3280749641949172,1789281.4270130226,1.33979911611173,0.38095238095238093,0.1111111111111111,0.07142857142857142,0.06297864475332303,0.6262223109159848,-0.28461927655941677,-0.11995481176949196,-0.22553370622998448,1.751754754369193,0.09444448933189409,0.21563061175073486,-0.22037056341093286,-0.2168614915520809,-0.5136014880260404,1.1981935961841435,1.6306695587246611,0.0437598441587259,-0.34256565438499165,-0.36691754393041043,0.36691754393041043,0.3074534333951222,0.30158730158730157,0.1746031746031746,2397277.6743871826,14.68984476631145,0.5079365079365079,0.12698412698412698,0.12698412698412698,0.07484390574732656,-0.18872067057780184,-0.3297101837233074,-0.14722067102011668,-0.2876482597440885,0.6666666666666666,0.051670046030238746,-0.2876482597440885,0.3778415547631522,-0.21478989128533288,-0.2876482597440885,-0.10253700421205736,1.953857822756312,0.07638312521449915,-0.36691754393041043,0.36691754393041043,0.3074534333951222,2319296.3980351174,0.037201072111862965,0.14658994391903218,0.03439781025585753,-0.0728583684587556,-0.1025550969907133,0.012761083151187291,0.06884485005037133,1.0,4.0,1.0,0.0,1.0,63.0,126.0,0.6361553784860559,0.192399173972839,1.2019007799007988,1.795724944168413,1.795724944168413,0.996039603960396,0.5487230739584958,0.72923393544546,1,1,1,1,1,1
historical_mega100_examples,2020-03-31,SE,44.310001373291016,0.8150837431000091,0.8839285931503804,0.9031326365121348,0.9430569473833218,0.333835031459194,0.379514409924389,0.4316639832316018,-0.23538967766817898,0.057247341785409356,0.2995153547415699,-0.19782465289040796,-0.038449127777811176,0.41890290008041453,-0.3299732813804399,0.7250380893821816,-0.15696346621848334,0.15696346621848334,0.09014359822438922,1.241409824170184,-0.23726259524621862,-0.15969929322867282,0.4889113250170112,0.1550924367642861,0.24462367710536248,0.059290155962555824,-0.15696346621848334,0.19627430556342285,0.37228320460401193,0.19627430556342285,0.4889113250170112,0.08585313786649262,0.04926185390018789,0.10169070185116191,0.12481353320247135,0.20424579884187521,0.10169070185116191,0.14990104726478837,0.5953673187010502,1.7667018362081923,1.139440328223984,-0.4692347261791706,-0.4780690347285169,0.024225783641272473,-0.15696346621848334,0.15696346621848334,0.6595505658110268,180378761.45523918,1.219587327670364,0.23015873015873015,0.06349206349206349,0.06349206349206349,0.03978585853004397,0.892973248859942,-0.015249206662121706,-0.010121677053457012,-0.03492644561714031,2.035573236706001,-0.003978786438937232,0.10807067014262274,-0.020557035160731263,-0.058600778986801605,-0.23508781934306566,0.678385533034558,1.5504996553544006,0.03014998053528006,-0.12673238082180627,-0.15696346621848334,0.15696346621848334,0.1660526677181846,0.2857142857142857,0.1111111111111111,219987651.6516852,19.209081978431087,0.30158730158730157,0.1111111111111111,0.1111111111111111,0.045725308643992615,-0.03600562980099753,-0.03809069792779918,-0.01582420173748522,-0.01664447352734788,0.5,0.06603632673837169,-0.038449127777811176,0.24462367710536248,0.056213894931407715,-0.01664447352734788,-0.009788119474582357,1.0518365351674934,0.05393634751934865,-0.15696346621848334,0.15696346621848334,0.1660526677181846,267340242.33976093,0.04645398158291236,0.09253795206734705,-0.0041801351871901815,-0.0728583684587556,-0.1025550969907133,0.012761083151187291,0.06884485005037133,1.0,4.0,1.0,0.0,1.0,63.0,126.0,0.7066733067729084,0.2543443942332386,0.80094788035505,1.4202210458158815,1.4202210458158815,0.994059405940594,0.5487230739584958,0.72923393544546,1,1,1,1,1,1
historical_mega100_examples,2020-03-31,TRGP,6.070948123931885,-0.8863752921679255,-0.8175304421175542,0.9897654049337867,1.070705965915244,-0.8111155865642643,-0.7994698868581649,-0.8196876455548023,0.013481945153091424,0.0017685866956843599,0.03995403201602321,-0.8665691045152859,-0.009713189555165869,-0.8324487287059896,-0.0069274269444603576,-0.632658480844801,-0.8326058247388631,0.8326058247388631,-0.13803549115642744,1.7830847350047603,3.6976924834361435,-0.18549092933866573,-0.817919058859118,0.007326817298605021,-0.060442223954405905,-0.7868066611086959,-0.8283942671141895,-0.8062057004017109,-0.8146041349385437,-0.8196876455548023,-0.8062057004017109,0.1177113396864613,-0.29011345998624394,-0.8266150724992627,-0.08414601369266494,-0.7240599755085494,-0.8266150724992627,-0.457757870838988,1.2956242117552232,2.3554952570111567,1.3937614373950096,1.7516259401011696,-0.4131564187503681,0.03732257717122782,-0.8313246066983563,0.8313246066983563,0.4608874124129694,67291600.65807313,1.0852024263498898,0.21428571428571427,0.05555555555555555,0.10317460317460317,0.06290989511407813,2.9320803684743395,-0.6222194933344894,-0.45662307676113156,-0.7434483758547088,1.4094276016541292,-0.11232878423348791,0.31948005272814817,-0.8106849671531001,-0.6618224344291113,0.9605321705081429,1.8057910636997363,1.6900275712991903,0.060952738232734456,-0.805791451819688,-0.8313246066983563,0.8313246066983563,0.4608874124129694,0.9206349206349206,0.14285714285714285,73025008.3071088,18.106312533689064,0.36507936507936506,0.1111111111111111,0.20634920634920634,0.10002220041224404,-0.6555277176044929,-0.7857269667534746,-0.2577885097210538,-0.7867284311078797,0.16666666666666666,-0.15594121714285716,-0.7867284311078797,0.1177113396864613,-0.7138700626491241,-0.7867284311078797,-0.43919173067994255,3.051836685658247,0.14297558769500332,-0.7965253246258021,0.7965253246258021,0.4608874124129694,72935270.53540547,-0.009319131736376662,0.3125904289848502,-0.04584380048230241,-0.0728583684587556,-0.1025550969907133,0.012761083151187291,0.06884485005037133,1.0,3.0,1.0,1.0,0.0,63.0,126.0,0.6071713147410358,0.8910177045470986,1.610364003992868,1.9284511158406876,1.9284511158406876,0.998019801980198,0.5487230739584958,0.72923393544546,1,1,1,1,1,1
historical_mega100_examples,2020-04-30,CELH,1.6733330488204956,0.047726514243326745,0.21256018449451686,0.8463099688606166,0.8503181389585045,0.006012019308468064,0.4425285318707586,0.42613646696701313,-0.38679917879766124,-0.39108533061762163,0.5340912404417071,-0.6044617442479936,0.3778415547631522,0.3105888376100443,-0.49650697077329964,0.4531928839975885,-0.24511300232592537,0.24511300232592537,0.004471559245259327,1.6238960383547818,-0.008194622279129371,-0.0779884663871313,0.0350511363493915,0.22456614157090532,-0.004123927688103768,0.006637227352797703,-0.1347341806857485,0.03933728816935189,0.16684163049525216,0.0350511363493915,0.42613646696701313,0.11801238280930981,-0.11081680364326962,-0.07037050380628651,0.09444448933189409,-0.07176954418729764,-0.07037050380628651,-0.05779034072780601,0.9402982306520079,0.7453568481990905,1.2950000534832795,0.8513384321223709,1.2075344172068858,0.035921072721855456,-0.24511300232592537,0.24511300232592537,0.5590063939882961,1907125.2804347447,1.0008381714736103,0.40476190476190477,0.12698412698412698,0.0873015873015873,0.06779499342069638,1.022079521463758,0.12180454160448506,-0.17272612013922517,0.03856322605390927,0.8921148056920191,-0.2876482597440885,0.22145831868101726,-0.15059237334073672,-0.058516302505914775,-0.09727293916556601,1.2176862589845834,0.5755651099737303,0.04446029957090815,0.13944333645486062,-0.24511300232592537,0.24511300232592537,0.5590063939882961,0.6349206349206349,0.5079365079365079,1908723.7784414063,14.4619459217755,0.47619047619047616,0.14285714285714285,0.14285714285714285,0.07904661207750908,0.16934527465930627,0.18132697028671108,0.2745195878628167,0.192399173972839,0.6666666666666666,0.08182090224083381,-0.2876482597440885,0.3778415547631522,0.04266183542446211,0.192399173972839,0.13664648437043736,0.700857725565962,0.03097548962031444,0.0,-0.0,0.31758509759955666,1337447.3631484169,0.08540518168971967,0.0641718794024479,0.044092893442570835,0.1497373385483769,0.0013990403810111296,0.11554762935696883,0.1648336702511901,1.0,4.0,1.0,0.0,1.0,63.0,126.0,0.6278884462151395,0.8466138084987926,1.3446216713263972,1.9223111740561598,1.9223111740561598,1.0,0.39041637387874223,0.49341853703546656,1,1,1,1,1,1
historical_mega100_examples,2020-05-31,PLUG,4.210000038146973,0.29152124337111673,0.6445313016593002,1.0812198084409128,1.1177424765621335,0.9400921152671387,0.5886792025051761,0.07948716287155233,0.008368176312462117,0.25279129402610456,0.11282052473360382,-0.1427744671000345,-0.18974358754907306,-0.0631960383385266,-0.109441105237983,0.08936192387302251,-0.26398598032012943,0.26398598032012943,0.0578690634153316,1.1130664819565188,-0.5717265713686616,-0.5845550489669583,0.3322784568976569,0.14359440865567968,0.2246834748239419,0.02174547036712604,0.12571243375030117,0.08785533918401445,0.16654031965107455,0.07948716287155233,0.3322784568976569,0.12144710101481304,-0.008302220768691915,-0.029953942366430675,-0.1843318347023173,-0.16628676739619308,-0.029953942366430675,-0.03184384104709265,0.8894969963325591,0.5698589606785067,1.057508961975801,0.48399664273992515,0.4946474112723198,0.038959044967144835,-0.26398598032012943,0.26398598032012943,0.5253623379325947,57245997.561987616,0.849174533869725,0.42857142857142855,0.1349206349206349,0.12698412698412698,0.07413344281900396,0.9234336998773567,0.15368451943527406,0.0954873145186641,0.0427502961078563,0.7465519397618888,0.1807909246842434,0.1809319669992086,0.1892655603146478,0.028291499170192358,0.249486689074212,0.9406510452722373,0.5388691549372864,0.042337825437151894,-0.04791099308224478,-0.1155462530017699,0.1155462530017699,0.5253623379325947,0.9523809523809523,0.8253968253968254,48611843.295608245,17.699377768964496,0.49206349206349204,0.14285714285714285,0.14285714285714285,0.07693717673793772,-0.01088573407341864,-0.04261108414221648,0.014159116675465827,0.007177083980951515,0.6666666666666666,0.026670527042093255,-0.18974358754907306,0.2246834748239419,-0.058831824247360665,0.007177083980951515,0.002858506985269571,0.5068878338567256,0.0250524382133498,-0.07472530512860875,0.07472530512860875,0.0739795806655188,40794830.38097336,0.004054389549894566,0.06006108191712806,-0.003314379507742382,0.06600890822831218,0.1363328250297624,0.14268320121007894,0.35301005828818344,1.0,3.0,1.0,0.0,1.0,63.0,126.0,0.6252268702965914,0.950118756236543,0.831353911706975,2.0831352552551192,2.0831352552551192,1.0,0.3271881005070919,0.4559368039252072,1,1,1,1,1,1
historical_mega100_examples,2020-05-31,TSLA,55.66666793823242,3.156603402302678,3.5096134605908613,1.0040303455284345,1.0827986653471386,2.70107718573544,1.6514670509951075,1.5307631935134194,-1.2472733234351794,-0.5347312702607563,1.0245801357394693,-0.7745613546409038,0.2678971533628465,1.3880799923033404,-1.280744412414854,1.609233891693329,-0.08983884315149504,0.08983884315149504,0.14527377209463066,1.57846343905784,-0.5143232230657766,-0.3928949072888023,0.9960319232526631,0.6257454823767864,0.5551598573434688,0.2434323613553333,0.2718820144057198,0.28348987007824,0.9367616622814409,0.28348987007824,1.5307631935134194,0.02677646887053875,0.07501118018003572,0.25001878109856546,-0.2155570713684315,0.11368595606880305,0.25001878109856546,0.23341773541981248,0.9512372324588949,0.586107723838041,1.1260299489279644,-0.5868031286988223,-0.5587310008618869,0.04066175852431288,-0.08983884315149504,0.08983884315149504,1.5307631935134194,10919258735.603016,1.0171570034993007,0.40476190476190477,0.1746031746031746,0.0873015873015873,0.05993179606331702,0.6521594518634315,0.14774039616602574,0.31094913721139683,0.21626363891605505,0.5950813070810619,0.492137319488021,0.29537151501430337,0.5935114403786859,0.2155151740104102,-0.3915742510933855,1.0711216122840677,0.5205081129467687,0.047531450940836294,0.09342997781631479,0.0,-0.0,1.3116107221908835,0.0,0.7936507936507936,11106600495.939528,23.13080540790069,0.47619047619047616,0.2222222222222222,0.12698412698412698,0.07171442165658591,0.066473466721378,0.07834101333903498,0.12185743243232974,0.06793886833783369,0.8333333333333334,0.1990587660057129,-0.2155570713684315,0.5551598573434688,0.0019299601095215113,0.06793886833783369,0.04450011057390091,0.5575274891464804,0.022340290475736786,0.0,-0.0,0.19061204891626504,11319697839.74811,0.023189039813583,0.037306250380021645,0.019090572673183592,0.06600890822831218,0.1363328250297624,0.14268320121007894,0.35301005828818344,2.0,8.0,2.0,1.0,1.0,63.0,126.0,0.9662405931828243,0.2931856328270819,0.7134850390431973,1.983952162875052,1.983952162875052,0.998019801980198,0.3271881005070919,0.4559368039252072,1,1,1,1,1,1
historical_mega100_examples,2020-09-30,LEU,8.369999885559082,0.8127148563363367,1.2931505936622463,0.6954216828583417,0.7708281433909442,0.21656973057176243,0.048872163603187024,0.6508874954961463,-0.671940162298521,-0.40349556733297853,0.980276059549529,-1.1466107291350975,0.3234713631080979,0.18910567749859708,-0.817222165081715,0.7156520745970085,-0.5571428542594881,0.5571428542594881,0.07307026144176598,1.8053882725832013,5.185393258426966,4.156547914529713,0.2473919281631678,0.33822447061415173,0.2742176068744142,-0.2368082824750437,-0.4051158130823447,-0.02105266680237472,0.29240891895231313,-0.02105266680237472,0.6508874954961463,0.17426897519052575,-0.014775231921748344,-0.16633466958556864,0.47410361025572234,-0.2884676711105022,-0.16633466958556864,-0.1613046074057313,0.9095027019416777,1.0894005763698256,1.1337884115213253,-0.6175755470649531,-0.7105883810253717,0.04379515141496863,-0.5571428542594881,0.5571428542594881,0.7846481414585706,1109130.945870233,1.6283305855159311,0.5555555555555556,0.1984126984126984,0.12698412698412698,0.09375644194379487,1.1350515463917525,-0.14232807345774956,-0.29237147206280467,-0.31632170691240935,0.9636526293614732,-0.25270268398101026,0.30469721732774474,-0.43445947448035227,-0.3042354668575,-0.2268258426966292,1.0311836237088081,0.960849983382755,0.04954510562738415,-0.13772568913651917,-0.5571428542594881,0.5571428542594881,0.0,0.5714285714285714,0.0,1806031.842502715,14.406643198011169,0.6349206349206349,0.20634920634920634,0.15873015873015872,0.10075746731333805,-0.15460239382528407,-0.16014935188095247,-0.24547407289960826,-0.24321884556952333,0.6666666666666666,0.1250233376463711,-0.25270268398101026,0.47410361025572234,-0.18543287463310443,-0.24321884556952333,-0.1364011638310001,0.9908127677051773,0.047315149883455365,-0.29247675912605064,0.29247675912605064,0.0,1814100.7599376496,-0.08243806746732507,0.12792286980219617,-0.0208235926085375,-0.05778597093641891,0.12213300152493356,0.46178181799754925,0.4804357373259096,1.0,3.0,1.0,0.0,1.0,63.0,126.0,0.6428571428571428,0.16009559986969868,0.7909199493515755,1.7634407977320552,1.7634407977320552,0.9980276134122288,0.4463499459733256,0.5925191102823975,1,1,1,1,1,1
historical_mega100_examples,2020-09-30,MSTR,15.055999755859377,-0.4656753501689723,0.014760387156937282,1.1792228220724066,1.1798839977730742,0.0555984187847971,0.11393903413167705,0.27485175452246335,-0.06534020156404252,-0.08305255319920146,0.0016088105614460169,0.2711952433564231,0.0696866998291219,-0.1869300634750859,-0.002047700604594249,0.6416743327504277,-0.13916523997205166,0.13916523997205166,0.04195525103549036,1.0510291595197254,0.7274633123689727,1.198722306977619,0.1917992013232619,0.043743182199788594,-0.01464421864498533,0.15752698072312965,-0.051685505458848646,0.20951155295842083,0.22538750293471535,0.1917992013232619,0.27485175452246335,-0.049726822258795544,0.10457184772585126,0.2728040539178691,0.047594868782513844,0.15067105239293554,0.2728040539178691,0.5648003941629509,0.42833527927532666,1.6064737015483566,1.1276439199963089,0.026151930261519407,0.06963050057821984,0.018655138591044226,-0.13916523997205166,0.13916523997205166,0.3415308143119644,12537027.882795485,1.2398881507866708,0.19047619047619047,0.03968253968253968,0.015873015873015872,0.03120269303778569,1.0849242922975642,-0.11130149229253283,0.1191981634735173,0.0758066221542062,1.6353445331234122,0.16559070472313486,0.07440687462410751,0.21497736562712189,0.08007188940022991,0.008567931456548328,0.4830096733947431,1.4246285312775109,0.019069452945845645,0.04699753967013298,-0.13916523997205166,0.13916523997205166,0.3002849245008554,0.15873015873015872,0.8888888888888888,15544512.317960225,16.559218293037652,0.19047619047619047,0.06349206349206349,0.015873015873015872,0.03087483010872278,0.014666918911154125,0.017828047774402167,0.06157524126411268,0.0423704999566874,0.6666666666666666,0.04347862206461286,-0.049726822258795544,0.16559070472313486,0.10015647089310631,0.0423704999566874,0.006299384839189459,0.6881093616011831,0.03022356219831346,-0.13916523997205166,0.13916523997205166,0.08456993149098291,23008085.01075563,-0.01063879641574006,0.04868016927104067,0.011963965545781274,-0.05778597093641891,0.12213300152493356,0.46178181799754925,0.4804357373259096,1.0,4.0,1.0,0.0,1.0,63.0,126.0,0.35535714285714287,0.1096573461300685,1.2766339654001682,1.5806987362041527,1.5806987362041527,0.9960552268244576,0.4463499459733256,0.5925191102823975,1,1,1,1,1,1
historical_mega100_examples,2020-09-30,PLTR,9.5,,,,,,,,,,,,,,,,,,,,,,,,,,,,,,,,,,,,,,,,,,,,,,,,,,,,,,,,,,,,,,,,,,,,,,,,,,,,,,,,,,,,,,,,,,,,,,,,,,-0.05778597093641891,0.12213300152493356,0.46178181799754925,0.4804357373259096,2.0,7.0,2.0,1.0,1.0,1.0,1.0,0.0,0.06631580152009664,1.8536842747738485,1.4789472881116366,1.8536842747738485,1.0,0.4463499459733256,0.5925191102823975,1,1,1,1,1,1
historical_mega100_examples,2020-09-30,PLUG,13.40999984741211,3.618423298375231,4.098859035701141,1.1374460865551639,1.2039922890446615,3.243670722523712,2.089861607358674,2.7881355909372916,-0.6028624968984357,-0.5800015244002532,1.3192090753157562,-0.6858351672641314,0.1807909246842434,2.3263537729397425,-2.154761682885667,2.9828786930853632,-0.050955432498048236,0.050955432498048236,0.24249919528523578,1.2436240299652614,-0.3137167829288664,0.120957100297719,2.2081340665370384,0.3416546947179263,0.007177083980951515,0.5082328449156008,-0.050955432498048236,2.185273094038856,2.3938475838377284,2.185273094038856,2.7881355909372916,0.950118756236543,0.17624575341232296,0.6333739080516247,-0.06090133954650401,0.5112409065266912,0.6333739080516247,0.6947214554709848,0.9347130332187134,0.9795689614709088,0.9753739638939276,0.41968669201520914,0.4667179502856049,0.04318350545573514,-0.050955432498048236,0.050955432498048236,3.002985143034783,194027760.95035303,1.5376270199423625,0.5079365079365079,0.18253968253968253,0.11904761904761904,0.07212002596502559,1.2876273680338424,-0.00047989992989627694,0.17490670118365914,0.15891177172180537,1.226033895516953,0.6835278181601607,0.417413036144665,0.7392995824984561,0.039923239461745474,0.2750248600370806,0.9116947563138529,1.0043009119909596,0.04349274532415487,-0.02202610003862049,-0.050955432498048236,0.050955432498048236,0.7392995824984561,0.31746031746031744,0.6666666666666666,298342327.8561804,19.513752139706988,0.6031746031746031,0.19047619047619047,0.15873015873015872,0.07570301537172254,0.056071814124684316,-0.035109342491191575,0.036181017210474536,0.033127913739640746,0.8333333333333334,0.29897352620917256,-0.06090133954650401,0.950118756236543,0.09091388467605965,0.033127913739640746,0.07589858095954338,0.9156158752233781,0.043256724075146774,-0.050955432498048236,0.050955432498048236,0.19306050893967863,293417613.83723307,0.05234245590962594,0.06887184136906144,0.07006065146549956,-0.05778597093641891,0.12213300152493356,0.46178181799754925,0.4804357373259096,1.0,3.0,1.0,0.0,1.0,63.0,126.0,0.8994047619047618,0.043997029030671486,0.9679343542081575,1.5287099353663405,1.5287099353663405,0.9921104536489151,0.4463499459733256,0.5925191102823975,1,1,1,1,1,1
historical_mega100_examples,2020-09-30,UUUU,1.6799999475479126,-0.6099694196027553,-0.1295336822768457,1.3366949015181986,1.4023704856138313,-0.12041886025806248,0.423728832394459,0.423728832394459,-0.4469846930903668,-0.47990862197264694,0.2796610657492804,-0.16707831200204293,0.5084746190783163,-0.03805298560309023,-0.31114607864722155,0.6032223946665951,-0.25333335664537215,0.25333335664537215,0.005335411469769458,0.9836410786359117,-0.37741443578447986,-0.30732203852181905,-0.05617978957818792,0.2680769747646559,-0.03370783356400553,0.0017888793398321834,0.07096248851941389,-0.023255860695907793,0.1147643940401211,-0.05617978957818792,0.423728832394459,-0.12209304340340854,0.0375859596469148,0.11258275374723747,0.13245036354096773,-0.009550247777696086,0.11258275374723747,0.19441158923207555,0.7024421442918356,0.9429018352164945,0.8244022279165623,-0.5464979944461585,-0.5813827892384724,0.03154374485430018,-0.13846158642740536,0.13846158642740536,0.5272726464862683,2741817.8776759002,0.9832598299629919,0.3968253968253968,0.09523809523809523,0.10317460317460317,0.07067264124849999,0.5470448116718774,-0.07179492383626984,-0.015849066159189573,-0.0401097303053628,1.0525617498069921,0.06432749231065249,0.23020590888474154,-0.01754391223965679,-0.01318430142602911,-0.41730098319061215,0.5790948687366766,1.14374003767482,0.02781702201496388,-0.04169047732093978,-0.13846158642740536,0.13846158642740536,0.11999996503194166,0.7301587301587301,0.9841269841269841,2695919.380193097,14.807250218008914,0.38095238095238093,0.07936507936507936,0.1111111111111111,0.061645081434420525,-0.033742356421328945,-0.07743363392008562,-0.11613949134007966,-0.07692313234582204,0.5,0.07875474426945006,-0.12209304340340854,0.5084746190783163,-0.019137161409403136,-0.07692313234582204,-0.02410690575611607,0.6623339869861814,0.032312049304414656,-0.12500000776102171,0.12500000776102171,0.08387096724574694,2268669.5490031014,0.001191879787020289,0.06760203927769831,0.007194223523709464,-0.05778597093641891,0.12213300152493356,0.46178181799754925,0.4804357373259096,1.0,3.0,1.0,0.0,1.0,63.0,126.0,0.5864087301587302,-0.10119045380494418,0.23809523133734167,1.5357145011222348,1.5357145011222348,0.9940828402366864,0.4463499459733256,0.5925191102823975,1,1,1,1,1,1
historical_mega100_examples,2020-10-31,BE,12.640000343322754,2.7555928810207417,3.1307191436877124,1.1475481377969816,1.230245204403657,0.6040609339787497,1.4168260606549627,0.6479791678737838,-0.48621444265601443,-0.07388193703292933,0.5853976175301003,-0.5459238920421188,0.04693606950408191,0.4152875046234843,-0.6085054423858023,0.5345614929577379,-0.44851656626318037,0.44851656626318037,0.16211389765623618,1.4763114196346816,1.9404377112684745,2.0565077422975953,0.5740972308408545,0.2620054452552618,0.3549191128572047,-0.14425177098330355,-0.0984364188784399,0.1617647252177694,0.4612803746441359,0.1617647252177694,0.6479791678737838,0.11764703304297397,0.1005408048311851,0.03947372548798156,0.28782895098019834,0.025966751427279,0.03947372548798156,0.03804066482380301,1.2121695565621533,0.9118324058665815,0.8560450998840365,0.3513669815278897,-0.04945577277938329,0.05242380306550425,-0.44851656626318037,0.44851656626318037,0.7220708556615252,72794335.67210492,1.3073946676705672,0.6190476190476191,0.1984126984126984,0.14285714285714285,0.09278594777360202,1.332519576747185,-0.40896553433756755,0.11468627211460714,-0.24438065737087722,0.9938503233787899,0.14750954587806864,0.2290757292034026,-0.19284799064595293,0.17130049938403658,0.35626790083647863,1.0376718091236368,1.0651686529017013,0.049284836013473395,-0.04269281338827147,-0.44851656626318037,0.44851656626318037,0.007974512103184228,0.23809523809523808,0.9365079365079365,95170926.29433133,18.37118506755818,0.6507936507936508,0.19047619047619047,0.15873015873015872,0.08769156406555252,-0.28176375182339464,-0.13221664843492387,-0.26834942519181415,-0.29660540755116915,0.8333333333333334,0.10970588411855973,-0.29660540755116915,0.3549191128572047,-0.2661561398879888,-0.29660540755116915,-0.30386891235996505,1.1052954830782955,0.055516156152953855,-0.44851656626318037,0.44851656626318037,0.0,135834997.50729516,-0.2049314235708386,0.1200553812284413,-0.13483914132079755,-0.030449267663180346,0.013506974060702559,0.23269166325029955,0.3751262626669707,1.0,3.0,1.0,0.0,1.0,63.0,126.0,0.7642558541568443,0.9398734012469141,1.2674049896329418,1.761867001519013,1.761867001519013,0.9921104536489151,0.4925587076557228,0.6238052918760495,1,1,1,1,1,1
historical_mega100_examples,2020-10-31,CELH,6.703332901000977,4.33794293600562,4.71306919867259,1.014743523540232,1.0342845818881685,2.7240739325437,3.7767230914686616,3.0059765183781213,-2.297395314267752,-1.8366130597376888,1.9223111740561598,-1.5514864124966858,0.8466138084987926,2.7732848551278217,-2.6351517568186473,3.352380529820317,-0.20764386870272,0.20764386870272,0.186355693592275,1.8822886795029359,1.4540745168360232,2.364106114390923,1.1693634586404325,1.2154212608055055,0.2696870675046348,0.1302069735977669,-0.17341085127166822,0.7085812041103692,1.6279737270429742,0.7085812041103692,3.0059765183781213,0.24638921911992417,0.0699786740837034,0.37082476155947397,0.32378999154857313,0.3573177874987714,0.37082476155947397,0.3693570890255597,0.896669244925855,0.9118839296399326,1.1196699258943568,0.2090900166879357,0.07066482237044402,0.041016047605278855,-0.20764386870272,0.20764386870272,3.4295162168129725,15543887.759379545,1.4938748305719982,0.5396825396825397,0.21428571428571427,0.11904761904761904,0.08183055723251419,1.4635798312670811,-0.1024429393324483,0.03171056004863382,-0.046241458452220274,1.165565022930742,0.16941308437815805,0.3135046695956141,0.03553038647457929,0.04560968368200746,0.07228670922809055,1.003973587017881,0.8144220975762555,0.04249862507598917,0.029870723123346155,-0.20764386870272,0.20764386870272,0.4112279791581004,0.8095238095238095,0.9841269841269841,23220622.692973275,16.960551394035793,0.5238095238095238,0.19047619047619047,0.15873015873015872,0.08487967092599573,-0.06016331047385981,0.008247994378312251,-0.1400182580776891,-0.1144870873193381,0.8333333333333334,0.29023434728845743,-0.1144870873193381,0.8466138084987926,-0.08403781965615775,-0.1144870873193381,-0.06878752215337058,0.8176582746502599,0.043214709855188736,-0.12679126050102807,0.12679126050102807,0.0,24571598.046439033,-0.06525986358103852,0.08641757771802581,-0.054536962331801164,-0.030449267663180346,0.013506974060702559,0.23269166325029955,0.3751262626669707,1.0,4.0,1.0,0.0,1.0,63.0,126.0,0.6568218607575043,0.6036798647423216,1.5017406572869874,1.655395383153738,1.655395383153738,0.9901380670611439,0.4925587076557228,0.6238052918760495,1,1,1,1,1,1
historical_mega100_examples,2020-10-31,MRNA,67.47000122070312,2.652933511703365,3.0280597743703357,1.2092635538568952,1.2332573634239414,2.289614844844955,1.252754574356854,0.4670580290996942,-0.4162870871480877,-0.36998483851915553,0.6112197384157918,-0.7006933874028892,0.3372471788535554,0.23436636584939463,-0.5565316780867916,0.5472224594164,-0.288666290921326,0.288666290921326,0.02699972670751216,1.046160278477287,-0.5024418735573946,-0.5469602147133981,0.09707319058053865,0.22815477856358118,0.04406502576378313,-0.026305039084264292,0.07869512854241723,0.050770941951606474,0.2049673872106131,0.050770941951606474,0.4670580290996942,0.15402584536152175,-0.009897898789162585,-0.08947364898709742,-0.1242914881798437,-0.10298062304779998,-0.08947364898709742,-0.15623267853341105,0.8535066882996738,0.6728137270940342,0.6709904548158477,-0.5493827553901356,-0.5702735541498596,0.0387544711285749,-0.288666290921326,0.288666290921326,0.3783452537100951,1296224500.546086,0.5241694456572227,0.4523809523809524,0.14285714285714285,0.07936507936507936,0.06627562905075672,0.4148177844703674,0.11401403764113593,0.07586799800932442,-0.013042384735701185,0.8983282605402424,0.09030668308630596,0.16164852308915825,0.039759621749453355,0.09435770499005125,-0.44228696132306156,0.5726948409705661,1.00271728497045,0.027130547033281053,0.008546609846305397,-0.1400713483559608,0.1400713483559608,0.24162681323603064,0.9841269841269841,0.6031746031746031,679441277.8985523,20.33678136971754,0.3492063492063492,0.07936507936507936,0.047619047619047616,0.05170545944411925,-0.04919155017082222,-0.016850750892298483,-0.08073195428200516,-0.04636040677451414,0.6666666666666666,0.07583213968513473,-0.1242914881798437,0.3372471788535554,-0.015911139111333794,-0.04636040677451414,-0.06186123684411049,0.5742510160545896,0.027410243540086334,-0.1382041073993432,0.1382041073993432,0.026315841392611672,456374952.4492536,-0.03256330791631212,0.060298764881026416,-0.02330627659299067,-0.030449267663180346,0.013506974060702559,0.23269166325029955,0.3751262626669707,1.0,3.0,1.0,1.0,0.0,63.0,126.0,0.9544255854156843,1.2638209979207158,0.5483918679498494,1.5664739962828893,1.5664739962828893,0.9881656804733728,0.4925587076557228,0.6238052918760495,1,1,1,1,1,1
historical_mega100_examples,2020-10-31,MSTR,16.707000732421875,-0.2849467559552503,0.09017950671172037,1.1280283486888731,1.1647639906265659,0.09892788640166317,0.41464861463265823,0.32248873886030593,0.08988762975378917,0.019654641109193127,-0.01907703382761894,0.36728559297751273,-0.01464421864498533,0.08979707561000638,0.025719820289587858,0.7167719909061518,-0.09348885210110547,0.09348885210110547,0.06980259512170028,1.4318283816533524,1.8652912621359223,2.863010204069053,0.34214337996949906,0.04725597597806621,-0.049726822258795544,0.19833370396604977,-0.04944039988513138,0.4123763686140951,0.3590028291479667,0.32248873886030593,0.4123763686140951,0.047594868782513844,0.10912858618036836,0.3482085591498938,0.16559070472313486,0.33470158508919123,0.3482085591498938,0.6373191944583683,0.449918164983835,1.1487382259952938,1.2143640889997966,1.8652912621359223,2.179491497831422,0.018866150622511985,-0.09348885210110547,0.09348885210110547,0.4757530771180589,15163649.08812538,1.3801841889844726,0.19047619047619047,0.05555555555555555,0.031746031746031744,0.03205878179233154,2.3496433902803116,0.04567638787094619,0.08209383085006206,0.07206801893681836,1.529597356342297,0.0423704999566874,0.07887762636874947,0.15667408266621052,0.11350210733168975,0.7760782347041124,0.546364462545055,0.9459586596812533,0.02260046735191481,0.14347042259895182,-0.09348885210110547,0.09348885210110547,0.3547681667343203,0.07936507936507936,0.9841269841269841,20928628.718739465,16.856628622557945,0.25396825396825395,0.09523809523809523,0.047619047619047616,0.035914442539064714,0.038811703023146515,0.12715588278055323,0.21216958664706442,0.1096573461300685,0.6666666666666666,0.050140396448103954,-0.049726822258795544,0.16559070472313486,0.14010661379324885,0.1096573461300685,0.003173435254435475,0.5168381946865885,0.022109778646193182,-0.09348885210110547,0.09348885210110547,0.1407210731160733,23840472.28272756,-0.030562169309168108,0.047383917399603626,-0.0076149606592353924,-0.030449267663180346,0.013506974060702559,0.23269166325029955,0.3751262626669707,1.0,4.0,1.0,0.0,1.0,63.0,126.0,0.4956142935722143,1.0516549305422362,1.3256717447096107,2.694918075458257,2.694918075458257,0.9980276134122288,0.4925587076557228,0.6238052918760495,1,1,1,1,1,1
historical_mega100_examples,2020-10-31,PLTR,10.130000114440918,,,,,,,,,,,,,,,,,,,,,,,,,,,,,,,,,,,,,,,,,-0.9418003310252924,-0.9379407733290304,,,,,,,,,,,,,,,,,,,,-0.8900024812309808,,,,,,,,,,,,,,,,,,0.09763865075829455,0.06631580152009664,1.0,0.06631580152009664,0.06631580152009664,0.06631580152009664,0.09676506918327699,0.06631580152009664,0.028217632602729248,0.6791962097495803,0.03099812938354138,-0.07488581818333839,0.07488581818333839,0.12181621417476918,273773530.1083837,0.014623407347655437,0.05404736967924955,-0.0376211198542834,-0.030449267663180346,0.013506974060702559,0.23269166325029955,0.3751262626669707,2.0,7.0,2.0,1.0,1.0,23.0,23.0,0.0,1.6762093093863482,1.3247777858845846,2.4728529030344824,2.4728529030344824,0.9960552268244576,0.4925587076557228,0.6238052918760495,1,1,1,1,1,1
historical_mega100_examples,2020-10-31,PLUG,14.0,3.907892415133812,4.283018677800783,1.0338184877701944,1.0425258902366592,2.6175711664077945,2.9548023025038797,2.3492824341967546,-1.644044926894641,-0.023866787368854503,0.8444976925301402,-0.02867409580746494,0.007177083980951515,2.116590770946455,-1.5334588374740794,2.473687418233599,-0.24036897622468756,0.24036897622468756,0.2708915109885026,1.2530371427537244,0.3748893205936381,1.4965564712159352,2.3254156468279,0.9423755929373874,0.950118756236543,0.22560821118389063,-0.012914105662570119,0.7052375073021135,1.7933118627755895,0.7052375073021135,2.3492824341967546,-0.06090133954650401,0.20628501950343714,0.8158235967226752,0.6835278181601607,0.8023166226619727,0.8158235967226752,0.9701406323699648,0.9497086886888567,0.8215053714035718,0.8854645054000515,-0.10836429394800329,-0.06913497190405038,0.04322012482092383,-0.24036897622468756,0.24036897622468756,2.448275910667963,266764852.4966823,1.4262389226536154,0.5238095238095238,0.1746031746031746,0.11904761904761904,0.07312610362624718,1.0269749581703884,-0.18941354372663932,0.1839020145146284,-0.005681815487909803,1.0322490674986002,0.033127913739640746,0.4287412597079367,0.07858247255284079,0.28823858971888683,0.03038911604152461,0.84093333430401,0.927767704288064,0.039732045952460694,0.16953107769047548,-0.24036897622468756,0.24036897622468756,0.5334063334628227,0.23809523809523808,0.9841269841269841,380470415.82671875,19.756918984087672,0.5714285714285714,0.1746031746031746,0.14285714285714285,0.07132986481086623,-0.06958197222790352,0.11372671335239248,0.05639265375789372,0.043997029030671486,0.8333333333333334,0.2761745436002439,-0.06090133954650401,0.950118756236543,0.07444629669385183,0.043997029030671486,-0.1310824198499757,0.7801907890265384,0.033444763284004975,-0.24036897622468756,0.24036897622468756,0.0,459028749.0510986,-0.06908704248689146,0.06862244314076951,-0.039253370661449405,-0.030449267663180346,0.013506974060702559,0.23269166325029955,0.3751262626669707,1.0,3.0,1.0,0.0,1.0,63.0,126.0,0.9212780920949237,0.8849999564034601,1.4221428462437222,3.512142726353237,3.512142726353237,1.0,0.4925587076557228,0.6238052918760495,1,1,1,1,1,1
historical_mega100_examples,2020-10-31,UUUU,1.5099999904632568,-0.6238824827527041,-0.2487562200857334,1.310481345989058,1.387477712860827,0.0633803071116823,0.2796610657492804,-0.1516853849810491,0.1516853849810491,0.02959234157764057,-0.039325805824673044,-0.07763328377888301,-0.03370783356400553,-0.38437704823134866,0.034726295377493055,-0.26954685687621405,-0.3288888931274414,0.3288888931274414,-0.0005364815970487768,0.7685750578707434,-0.5627363114409747,-0.6138782743715312,-0.12209304340340854,0.08040612947655529,-0.12209304340340854,-0.09942148621073366,-0.09046472909706915,0.0,-0.09125947612815255,-0.1516853849810491,0.0,0.13245036354096773,-0.029973690055606572,-0.11695908960355605,0.06432749231065249,-0.1304660636642586,-0.11695908960355605,-0.21112129549080783,0.5627421767737721,0.9447340534302647,0.984447296857549,-0.1502245203429038,-0.2362136867617195,0.027864086186864388,-0.22564104946720798,0.22564104946720798,0.05594408800680317,2372896.4572136365,0.9536535913661075,0.373015873015873,0.06349206349206349,0.10317460317460317,0.06090996634192774,0.5445350307363648,-0.07508006762760122,-0.05615178388444064,-0.10956480863810969,0.7695535353734771,-0.07692313234582204,0.10074355802324018,-0.17032969948059473,-0.047007296534401166,-0.3712876271015806,0.553990014752673,0.9596593504253069,0.027331680988502347,-0.056085908872832935,-0.21354165405500658,0.21354165405500658,0.04137926952167148,0.6507936507936508,0.031746031746031744,2262921.2283616974,14.632167557415185,0.38095238095238093,0.06349206349206349,0.1111111111111111,0.05658330895865926,-0.08020304481537599,-0.10550997636413784,-0.19033581121041102,-0.10119045380494418,0.3333333333333333,-0.022856101211093344,-0.12209304340340854,0.13245036354096773,-0.07074118614176383,-0.10119045380494418,-0.07475490401964813,0.5316416976996563,0.02664214095027559,-0.1371428625924247,0.1371428625924247,0.04137926952167148,1811734.6632656597,-0.045512012114316325,0.05203405447397656,-0.01048491808728047,-0.030449267663180346,0.013506974060702559,0.23269166325029955,0.3751262626669707,1.0,3.0,1.0,0.0,1.0,63.0,126.0,0.5868992613547068,0.3774834018826225,1.8211922223753785,1.5165562757059834,1.8211922223753785,0.9940828402366864,0.4925587076557228,0.6238052918760495,1,1,1,1,1,1
historical_mega100_examples,2020-11-30,UUUU,2.0799999237060547,-0.41918195684391146,0.050505001853162534,1.3757163689749656,1.5233433077426806,0.7627118781050612,0.16853930176305187,0.20930226110909267,0.007071936145329083,0.16818114077352986,0.058139547778181644,0.08471752022226653,-0.12209304340340854,-0.07686958174350611,-0.0664451931086445,0.3574844786656122,-0.07555558946397567,0.07555558946397567,0.02735562407422698,0.9931763482474524,1.019561863622339,1.3080705501049468,0.3774834018826225,0.09512367757176352,0.13245036354096773,0.20663645819726018,0.03410844465793372,0.21637419725442175,0.26771995341537896,0.20930226110909267,0.3774834018826225,0.06432749231065249,-0.00047086336487123237,0.14285706800044817,-0.07692313234582204,0.12678274185847482,0.14285706800044817,0.21842823914208917,0.5854862898953219,1.2448382632939197,1.1170592723968706,4.240512409927942,6.218718862035643,0.028251656486021924,-0.032558217933201794,0.032558217933201794,0.4545454545454546,2544246.3270058706,0.9606454914548338,0.373015873015873,0.0873015873015873,0.10317460317460317,0.05918839789871663,2.2159752629440708,0.18098343612180479,0.039370087230321316,0.22482624565077192,1.147959373739289,-0.10119045380494418,0.19116515095948836,0.23809523133734167,0.08819042527643206,1.1195785928628483,0.6540228889888116,1.1143887294564718,0.032186462495932135,0.21141781793437353,-0.032558217933201794,0.032558217933201794,0.43448265883075265,0.031746031746031744,0.3492063492063492,2444118.7631887104,14.70919560101439,0.47619047619047616,0.12698412698412698,0.1111111111111111,0.058539338355627225,0.21212116721177665,0.32858990876541294,0.5179265821969455,0.3774834018826225,0.5,0.045675771363344664,-0.12209304340340854,0.3774834018826225,0.26522582533819716,0.3774834018826225,0.1665731456532058,0.7288357362956929,0.03713339266493477,-0.032558217933201794,0.032558217933201794,0.43448265883075265,3131415.7427736693,0.0771620558620536,0.05872254321762655,0.01265820433918785,0.11225757654442536,0.01607432614197335,0.2861718428525988,0.469686958697074,1.0,3.0,1.0,0.0,1.0,63.0,126.0,0.6030644174665913,1.048077108239288,0.8269231210093542,1.4951924267252563,1.4951924267252563,1.0,0.3273337789026288,0.4055845338185736,1,1,1,1,1,1
yearly_top_future_return_examples,2021-01-31,TPL,86.7174301147461,-0.2984777271254788,0.14558518570032652,1.2559958016268695,1.2392770657621288,0.48268008313591393,0.420250663112987,0.5846610494998017,0.2857624614812704,0.018863615238892795,-0.1549371885306069,1.0301363192844462,-0.011763844768778009,0.39902546286947715,0.2905380812540377,1.2230329020605777,-0.05522791568705132,0.05522791568705132,0.10211362144713387,0.8033826638477801,2.117241379310345,4.845448324832658,0.6035246647386945,0.15981813335644354,-0.14269433883579885,0.3955949564686885,0.19658238523020977,0.8704235109810721,0.6862030750731893,0.5846610494998017,0.8704235109810721,-0.002546726741947447,0.2339109609218466,0.8751991307538394,0.3541434869890243,0.7053644705344093,0.8751991307538394,1.604054365078401,0.47804196315140757,1.0967359107066028,1.1413576997936867,2.616,3.1394509001986117,0.02227068154117752,-0.05522791568705132,0.05522791568705132,0.9121770405723024,11859288.781193325,1.2428645252887434,0.2857142857142857,0.05555555555555555,0.015873015873015872,0.03835832263439634,2.097447795823666,-0.03683787972636188,0.20393026763589917,0.154252928911373,1.5932226453247582,0.20967413280048275,0.17896223699968256,0.3847861388185656,0.20048727730114968,0.7842105263157895,0.5456168754673489,0.9609046409419676,0.02593245210850113,0.1720490833225532,-0.05522791568705132,0.05522791568705132,0.8751991307538394,0.19047619047619047,0.9682539682539683,14739489.32129996,16.50604086619683,0.36507936507936506,0.09523809523809523,0.015873015873015872,0.042053652309989815,0.06286083475599846,0.18991317694256016,0.27610828858721065,0.14475965160359827,0.5,0.09192872684109683,-0.14269433883579885,0.3541434869890243,0.14214619816580987,0.14475965160359827,0.015703103347987524,0.5242857878128312,0.025866987059588648,-0.05522791568705132,0.05522791568705132,0.15031361764585927,20687054.511696953,0.0029830251381124384,0.04855570895972336,0.007491327557377803,0.0026134534377884044,0.16983466021943006,0.18563558663032453,0.44406291282580534,1.0,3.0,1.0,1.0,0.0,63.0,126.0,0.5797822211888708,0.32658796978100124,0.9143012012693394,0.8549487002151197,0.9143012012693394,1.0,0.3370625444117592,0.4013585703413946,1,1,1,1,1,0
yearly_top_future_return_examples,2021-04-30,MRNA,178.82000732421875,2.336823529558065,2.888236590518433,1.1548201744098048,1.2186797142264385,1.4132255196559873,1.5274912696002652,1.6503631849549745,-0.9386755690388615,-1.4796155033187977,1.5664739962828893,-1.533787443138932,1.2638209979207158,1.3918059096752182,-1.6176766318110172,1.906239377093542,-0.038498701837856086,0.038498701837856086,0.08100891634464058,0.48556717967154034,-0.7607496604707299,-0.7529293915329967,0.17074768163617682,0.7486643522601379,-0.31602725243205054,0.22252452364411668,-0.038498701837856086,0.711687615916113,0.8442661608357547,0.17074768163617682,1.6503631849549745,0.6575093485094528,-0.01842981497960372,0.0326865531439573,-0.1059713889780366,-0.04315545947317978,0.0326865531439573,0.043401057795827015,0.8657691183944044,0.6966730199678142,0.8698947718074611,-0.05196840959693283,0.29459350813480767,0.043538644832258576,-0.038498701837856086,0.038498701837856086,1.6645806243166117,2335816018.020854,0.6426087028875854,0.5714285714285714,0.2222222222222222,0.15079365079365079,0.07021034759957995,0.3366765869029243,0.25739332979718,0.059826825837143716,0.21060724202469094,1.0082993738122186,-0.154124416940972,0.6017085886506285,0.15509340575073316,0.17036364017214756,-0.13565015277899994,0.7531280296836472,0.8008704530092439,0.038140267508575985,0.288187383627722,-0.038498701837856086,0.038498701837856086,0.5091569798981002,0.9047619047619048,0.3492063492063492,1501015701.5244257,21.129407850918383,0.5396825396825397,0.15873015873015872,0.15873015873015872,0.06196116238684719,0.19130475616800813,0.39832988475279674,0.6060758041200117,0.3655594615622413,0.5,0.2851277916068918,-0.31602725243205054,1.2638209979207158,0.30646136719564443,0.3655594615622413,0.12690794481319068,0.6031579863067018,0.03293697273116458,-0.025025877794248363,0.025025877794248363,0.37649143471138924,1597824439.6488008,0.037172835134153814,0.05960502174975273,-0.00010061152558937803,0.059098094366596854,0.07584201261713708,0.25855727527975625,0.5514130609603678,1.0,3.0,1.0,1.0,0.0,63.0,126.0,0.9787965539383562,0.03461574169043713,0.3140587523939451,0.9774074019715426,0.9774074019715426,1.0,0.21508516668324207,0.2702240699656637,1,1,1,1,1,0
yearly_top_future_return_examples,2021-05-31,MRNA,185.00999450683597,1.570426853507425,2.008292593607089,1.054822510854845,1.117893788192048,1.851132628248254,1.7421074723512198,0.2112739809683728,-0.1428402168535965,0.5596649713150124,0.013552389622785155,0.18152543108974273,-0.31602725243205054,0.09333181166180227,-0.016196160255844916,0.2534085814528643,-0.005429576080138165,0.005429576080138165,0.043179793930962385,0.46413496529910053,-0.3628060571802576,-0.2385036514437593,0.7709389522833852,0.3712909342352321,0.6575093485094528,0.2146721478572673,0.16216908444789724,0.06843376411477631,0.3502155657888448,0.06843376411477631,0.7709389522833852,-0.1059713889780366,0.05874760356021258,0.19507782071252788,-0.154124416940972,0.13073748319224232,0.19507782071252788,0.26900147151601117,0.8337285965498022,0.6952255726792795,0.8698183023743077,-0.09773359170949536,-0.06650097078415285,0.040895169164436695,-0.005429576080138165,0.005429576080138165,0.7709389522833852,2344925140.869898,0.6156728769708081,0.5476190476190477,0.18253968253968253,0.15873015873015872,0.06992377657680242,0.4915180172211837,0.03306912575771792,0.12648433512302648,0.18449758696966279,0.7911202482735742,0.3655594615622413,0.3642410638640687,0.41282931514661225,0.057281342795681756,-0.08463891787549727,0.7251923924918631,0.7992767808880895,0.03665273913690059,-0.0216537696215392,-0.005429576080138165,0.005429576080138165,0.5613975680845729,0.30158730158730157,0.6666666666666666,1443706807.7605474,21.090479815776874,0.5079365079365079,0.1746031746031746,0.14285714285714285,0.060300339034925134,0.10330334182016832,-0.01735660651671478,0.059720468358180165,0.03461574169043713,0.5,0.08026024890184534,-0.31602725243205054,0.6575093485094528,0.04662761244669811,0.03461574169043713,0.11906509595769688,0.5796294409954282,0.029561551477800478,-0.005429576080138165,0.005429576080138165,0.2344698774572691,1577047228.898984,0.1019452607042326,0.04364861885079718,0.05893059181787108,-0.012011870756260978,0.06434033752028556,0.11794216930657053,0.4378657400996637,1.0,3.0,1.0,1.0,0.0,63.0,126.0,0.9762330526507782,0.2700935230764343,0.9112481303838447,1.0360521789404622,1.0360521789404622,1.0,0.25091363747823314,0.32639254919856303,1,1,1,1,1,1
historical_mega100_examples,2021-07-31,LEU,23.190000534057617,0.18942768164903234,0.566891907783561,0.8225323262066316,0.8282554877853183,1.388259571879788,0.0025940931892807217,0.14180212426616134,-0.16414608694066612,-0.15457348399301019,0.1270310187862107,-0.11392480854555664,0.15657313583431098,-0.019991804380495637,-0.12869591402550729,0.22291693754427042,-0.17853344278798566,0.17853344278798566,-0.0028792312098945283,0.9321402767743011,0.48321342925659483,0.5026527362921933,-0.012771359726848841,0.09213082594772823,0.009791381203805516,-0.04202844621620616,0.0004479030271249407,-0.02234396267450478,0.03556226728826924,-0.02234396267450478,0.14180212426616134,-0.03499156609329046,0.023950507959265455,0.01310621024065406,-0.0366972553510756,-0.0667864831302154,0.01310621024065406,0.02214469616308587,0.6361209059674975,1.0222646594143652,0.9303957879670105,-0.3818090954522738,-0.43515177775213465,0.031456317754099204,-0.17853344278798566,0.17853344278798566,0.12300246791520864,2771814.598601205,0.9032478715935469,0.4523809523809524,0.1111111111111111,0.07142857142857142,0.0687859387011908,0.89811229428848,-0.07757699830750675,0.0032112502745469396,-0.05960305395384369,1.1030053486370974,0.15102040992859345,0.10315020543955473,0.0517007408817054,-0.0679794521320467,-0.11495349391843546,0.5918442115499184,1.0987417103941275,0.029526427494671464,-0.09216204649193016,-0.17853344278798566,0.17853344278798566,0.11010058456722072,0.49206349206349204,0.8412698412698413,2503635.6366384597,14.733254887508638,0.42857142857142855,0.07936507936507936,0.07936507936507936,0.0638774472472709,-0.0682381083812128,-0.05419443238159216,-0.1326933697656281,-0.08628836481974245,0.5,0.026567956783766906,-0.08628836481974245,0.15657313583431098,-0.1148975836740872,-0.08628836481974245,-0.043040463413697605,0.6502839212852212,0.03110568490536781,-0.10566909906943744,0.10566909906943744,0.048372497930759595,1559930.5812290737,-0.03278276912588729,0.07386187729512941,-0.04951224629128659,0.028609218854344753,0.07989269337086946,0.16179392864665698,0.3774642261345287,1.0,3.0,1.0,0.0,1.0,63.0,126.0,0.6380582524271845,0.24665800696959495,0.6670978420476847,1.443725608618156,1.443725608618156,1.0,0.22473248269151042,0.3125092303242225,1,1,1,1,1,1
yearly_top_future_return_examples,2021-08-31,IONQ,9.989999771118164,,,1.2804676310951508,1.2941737502394537,,-0.11982383829448429,-0.3096061101062124,0.23632225283145092,0.2371826511003926,-0.3102972109145947,0.3112992379026236,-0.2557014333784028,-0.522031383298001,0.3106081370942413,-1.0907297885036336,-0.3157534582124095,0.3157534582124095,-0.017753189947902204,0.6011970262218524,-0.018448795180722843,-0.017465254383361772,-0.07242345900581981,0.13668976885117382,0.0009284377699640967,-0.021355820149127624,0.1575951032243843,-0.0732838572747615,-0.15177114212893125,-0.3096061101062124,-0.07242345900581981,-0.07421152231460837,-0.009731746876655456,0.0010020269880288701,0.07114229165464225,-0.13813104018155076,0.0010020269880288701,0.00828299899255591,0.283852255040141,0.15381620272584884,0.42618627688297506,0.8741912293314162,0.8874163112957747,0.009531094364181276,-0.21338583298008584,0.21338583298008584,0.008072646310579579,5627962.797380629,0.6892347219439967,0.031746031746031744,0.007936507936507936,0.007936507936507936,0.021712819237746327,0.8786653185035389,0.015976058467082277,-0.02380097600030573,-0.012318842398490903,0.37337501259491845,-0.07202989095550072,0.11298002480373762,-0.06548174338095136,-0.013147497819163023,-0.06892857142857145,0.12097393576039439,0.3609130820701781,0.005170282984203771,0.003925490496249129,-0.0663551449348796,0.0663551449348796,0.008072646310579579,0.6666666666666666,0.36507936507936506,3878987.373763796,15.171084949192501,0.0,0.0,0.0,0.013749130958248033,0.0023411205530396995,0.004232126707912176,0.1616181148184646,0.007056420794945506,0.5,-0.05380261607149334,-0.2557014333784028,0.07114229165464225,-0.035130413972386476,0.007056420794945506,0.0007011794237412605,0.04366107600544367,0.002101562569960456,-0.0029940803667591886,0.0029940803667591886,0.007056420794945506,4293220.409279778,0.0016041693486963382,0.00597026319857057,0.0024081855918010042,0.04218683476733198,0.13913306716957963,0.2124252731917886,0.293955303735155,1.0,4.0,1.0,0.0,1.0,63.0,126.0,0.3819351621886054,0.0410410267072725,0.5055055361797696,1.384384408465115,1.384384408465115,1.0,0.18615925384797627,0.29492069517163116,1,1,1,1,1,1
yearly_top_future_return_examples,2021-08-31,LEU,28.90999984741211,1.3199686339290382,1.6139239376641932,0.7923327025387958,0.8002564218239104,0.9286190986549694,0.42343676059130253,0.2307364891062298,0.03226047980090341,-0.01193376211223618,-0.06130270532518911,0.37241385488122236,0.009791381203805516,0.01831121591444118,0.08037466044980346,0.3840771237454853,0.0,-0.0,-0.0065709545508948475,1.1181752001941276,0.4345549738219896,0.8808610208290739,0.2188027269939936,0.02286294036722983,-0.03499156609329046,0.20265907620027135,0.20911047701572993,0.2629969689071332,0.23751206166911887,0.2188027269939936,0.2629969689071332,-0.0366972553510756,-0.00673769019603665,0.31111114955603325,0.15102040992859345,0.17197808238645362,0.31111114955603325,0.5083555193960753,0.6007556161015487,1.1069578007943894,1.0187091169750604,0.10751818916734024,0.3806964183899313,0.030279815601959054,0.0,-0.0,0.4000000184731103,2281675.7115485175,1.0087414620709463,0.46825396825396826,0.10317460317460317,0.06349206349206349,0.06339713067366828,0.9838420107719928,0.17853344278798566,-0.02340173568828241,0.17995183320749142,1.0342986726640566,-0.08628836481974245,0.12913989367145323,0.1390859260587496,0.007510523064648611,-0.10807291666666663,0.611995223196617,1.0866279513443184,0.030664591700240006,0.034403757968527016,0.0,-0.0,0.3069619688320966,0.0,0.5079365079365079,2301620.8932392183,14.649124603356725,0.4603174603174603,0.12698412698412698,0.06349206349206349,0.05950707718622645,0.19578105106117727,0.06814973853475603,0.3709080963881584,0.24665800696959495,0.5,0.0415821019729809,-0.08628836481974245,0.24665800696959495,0.20447117220226296,0.24665800696959495,0.19066740489803413,0.6650111156146489,0.03609959728394393,0.0,-0.0,0.29177841517049585,1131632.6150894165,0.1640829395210739,0.05361466366092824,0.12332918009207083,0.04218683476733198,0.13913306716957963,0.2124252731917886,0.293955303735155,1.0,3.0,1.0,0.0,1.0,63.0,126.0,0.6397034695567096,0.33725354726602585,0.9602213236959996,0.9194051183446827,0.9602213236959996,0.9980694980694981,0.18615925384797627,0.29492069517163116,1,1,1,1,1,0
yearly_top_future_return_examples,2021-09-30,IONQ,10.399999618530272,,,1.588349175678947,1.6500397040685504,,-0.2812716360325437,-0.034354765413838084,0.0764389433255166,-0.0008957098972761646,-0.00742812200371834,-0.019700032648896748,0.0009284377699640967,-0.15857558181397335,0.007226610761222996,-0.12795684873763924,-0.2876712776165461,0.2876712776165461,-0.004594435333336699,1.8375428132062726,10.03566560654248,9.736288363273651,-0.03525047531111425,0.04439287281766303,-0.07421152231460837,0.0235111977842144,-0.09815318854789601,0.04208417791167851,-0.009173687604424607,-0.03525047531111425,0.04208417791167851,0.07114229165464225,-0.001601640329640941,-0.02712815465261509,-0.07202989095550072,-0.03820751628733332,-0.02712815465261509,-0.07843138983698321,0.26848711696767846,2.201105025542074,1.28826999033336,17.634062140391254,18.39882318236003,0.008186841272426125,-0.1289782257935047,0.1289782257935047,0.04944498271068287,8361086.750532332,1.5106000171205698,0.031746031746031744,0.015873015873015872,0.007936507936507936,0.01854748328698027,4.671506875661121,-0.06262308085862511,0.022073583201491775,0.029866081419032575,2.9322636552472887,0.007056420794945506,0.05895523652048801,0.048387050256521125,0.031102889728738425,1.7718774369020673,0.34588389558058286,1.708574322198178,0.00832483655901028,0.060356953018334325,-0.1289782257935047,0.1289782257935047,0.04944498271068287,0.047619047619047616,0.6984126984126984,12630257.78850071,16.351605984100978,0.06349206349206349,0.031746031746031744,0.015873015873015872,0.018379207742296167,0.02094237284062861,0.11659643868567793,0.0694470816102728,0.0410410267072725,0.6666666666666666,-0.004345539390547455,-0.07421152231460837,0.07114229165464225,0.09787260756165972,0.0410410267072725,0.010346293887837366,0.5909683424508597,0.017495077291447635,-0.1289782257935047,0.1289782257935047,0.043129321964362255,30262291.26027879,-0.01664149054245645,0.05329672647348913,-0.06542058477582013,-0.05683158085438722,0.011079361634718232,0.12422081640013527,0.29526598057755415,1.0,4.0,1.0,0.0,1.0,63.0,126.0,0.4374468085106383,0.44615389553047713,1.2903846700515995,0.6057693630280632,1.2903846700515995,1.0,0.2676810313139631,0.36073652597650463,1,1,1,1,1,1
yearly_top_future_return_examples,2021-12-31,OXY,27.10149574279785,0.4029119905539189,0.6771093924926488,1.019866178086414,1.0607118421779829,0.09019559009442735,0.11791252235295735,-0.07223961035208748,0.20151437044956322,0.1837747237492524,-0.05366551825568622,0.03403811118692457,-0.1653341595188883,-0.19742606964352039,0.05261220328332583,-0.14298434210172611,-0.17988057149479908,0.17988057149479908,0.019731223374067186,0.9016379799827027,-0.548071960672898,-0.5569421362665583,0.11153511339716493,0.11157649517397596,-0.015708884433740078,-0.01496236172707155,-0.08816412774527904,0.12927476009747574,0.0561900877141844,-0.07223961035208748,0.12927476009747574,0.15188324137156006,-0.02731109426349232,-0.01962740706876165,0.13353631686792755,-0.13248412434190016,-0.01962740706876165,-0.04506537291404196,0.5052274206408744,0.8031867947980202,0.8620511731374666,-0.5828023638568596,-0.5919564850356873,0.02483031839361093,-0.17988057149479908,0.17988057149479908,0.3216884697218789,431347033.2227465,1.0563619654024274,0.30158730158730157,0.0873015873015873,0.06349206349206349,0.04085265275221168,0.5506060189056727,-0.01839870590837378,-0.08830323565281684,-0.06643249559606978,0.8810521078584792,-0.11571739513773949,0.1281951323992415,-0.13512026183677617,-0.07449502990974355,-0.3922790586816777,0.4355318906646821,0.9317159117999837,0.02099550179593145,-0.049522711181196,-0.17988057149479908,0.17988057149479908,0.07449949602312378,0.7301587301587301,0.12698412698412698,455658599.7856867,19.937254404588433,0.2698412698412698,0.031746031746031744,0.06349206349206349,0.03906695287623846,-0.01847790966280305,-0.026484248677775324,-0.05407186450207032,-0.021941929641439595,0.3333333333333333,-0.005547135082053308,-0.1653341595188883,0.15188324137156006,-0.03346552653504542,-0.021941929641439595,-0.007974508059892305,0.4057919926286151,0.019345633707236205,-0.06814202762063537,0.06814202762063537,0.07449949602312378,349342464.48794776,0.007541684738353149,0.040309482824946834,-0.009498477091401725,0.011523596893605825,0.11285671727313851,0.1251864592914329,0.2741974019387299,1.0,3.0,1.0,1.0,0.0,63.0,126.0,0.898742746615087,0.29941335023906346,0.5084511642594696,0.9618982040171895,0.9618982040171895,1.0,0.1811524254358798,0.2630158875588791,1,1,1,1,1,0
yearly_top_future_return_examples,2022-02-28,EQT,21.73957061767578,0.19899225591434289,0.30827719949288723,1.0907700740090551,1.1132041412875382,0.11466737028166163,0.2655928144842905,0.26973564673401507,-0.10076270087049233,-0.13218655299701454,0.0600109552586745,0.137840482441006,0.11620294343760063,0.3548050789652657,-0.07188420903433457,0.5465005822210126,-0.05619421515695755,0.05619421515695755,0.02021192853322762,0.9627408424082102,0.6560656792536015,0.9837206548190245,0.13754909373700053,0.06905778397161128,-0.02688159057719619,0.08912567194848231,0.08140022147881965,0.16897294586352274,0.1920858954448461,0.13754909373700053,0.26973564673401507,-0.02410857551051182,0.03189046390212824,0.1978514376996805,0.12249117201950566,0.31612136360027254,0.1978514376996805,0.4310881896117401,0.49356881860544866,0.7935912830382191,0.9298767102445,0.8617317687402883,1.0390782159146688,0.024183371762016355,-0.05619421515695755,0.05619421515695755,0.2851599814901178,165269374.0664255,0.9698591316207693,0.30158730158730157,0.07142857142857142,0.03968253968253968,0.044636935070363135,1.178589297475457,0.0820864062291301,-0.0036469534273678716,0.054472828328184786,0.9917665000226891,-0.02567633966523608,0.07551404936895742,0.06713662214785354,0.009579250120933747,0.6454259521620225,0.45895814932409895,0.8534371000963706,0.02291765696751611,0.060961058185706296,-0.05619421515695755,0.05619421515695755,0.2676607048399746,0.49206349206349204,0.9523809523809523,160288011.61557153,18.89248283384513,0.31746031746031744,0.047619047619047616,0.031746031746031744,0.044170450864708444,0.06333947137753859,0.10744406310933807,0.24319843670886862,0.09525886067592837,0.5,0.04288107839668176,-0.02688159057719619,0.12249117201950566,0.14001863336584897,0.09525886067592837,0.047477833081925214,0.39169191202475606,0.020187283615786235,-0.01195565458329273,0.01195565458329273,0.10095784467271929,201214116.31789434,0.022129820558750568,0.0416397037713735,0.03701702055801581,-0.044759772689920596,-0.11826992590059204,-0.08506943223125063,0.10928494357854435,1.0,3.0,1.0,1.0,0.0,63.0,126.0,0.7166344294003868,0.48703556371775747,0.7178049159679643,1.0693072590525396,1.0693072590525396,1.0,0.16441312885401524,0.2123485626281181,1,1,1,1,1,1
yearly_top_future_return_examples,2022-05-31,LEU,25.59000015258789,0.23293435719575362,0.16054426476248973,0.8142947705465838,0.8321848847652477,-0.11483914605144518,-0.5484383098743244,-0.5388358374745151,0.12778864997745076,0.051558743321503675,-0.184177345676114,-0.2505476401019835,-0.10055868917409028,-0.3235986881035593,0.10411085169641765,-0.5398596624221411,-0.7010164593118551,0.7010164593118551,-0.1390349511082446,0.9485817199459702,-0.4242424242424242,-0.6745386281752683,-0.48727709415301146,0.06429002222316012,-0.12943296141499816,-0.28505373486598196,-0.23210593513441646,-0.41104718749706437,-0.47905337304153034,-0.5388358374745151,-0.41104718749706437,0.04188721893824643,-0.1918204821341406,-0.4347249857780975,-0.25557763591407245,-0.32475116689774985,-0.4347249857780975,-0.4103213060274652,0.998103535013095,1.2231805355511838,1.0614876356363365,0.0,-0.07817003092227115,0.046370446606685836,-0.5690468222923504,0.5690468222923504,0.3735910523538044,7844528.441277761,1.0592952680941974,0.5634920634920635,0.19047619047619047,0.1984126984126984,0.0974783187233481,0.8318013834928456,-0.043591806538903266,-0.20029654853705636,-0.11690408100877547,0.6125390122295589,-0.17626113945344324,0.09989087653704712,-0.240652831654244,-0.23342994490338143,-0.16669831023352943,1.0594745615013197,1.1523266917922375,0.048689500584484756,-0.2159491174624425,-0.48593811209110405,0.48593811209110405,0.3735910523538044,0.9047619047619048,0.19047619047619047,8309671.858275883,15.932930798821568,0.5555555555555556,0.19047619047619047,0.20634920634920634,0.10414786971142252,-0.018324097827485453,-0.15214517505643665,-0.06402861805887856,-0.07817003092227115,0.16666666666666666,-0.11635220632343814,-0.25557763591407245,0.04188721893824643,-0.062303921338831336,-0.07817003092227115,0.06914561160496735,1.2208608164928472,0.05346489418892648,-0.16098360155449543,0.16098360155449543,0.3735910523538044,5057533.994311378,0.06452016379887038,0.08474294130343049,0.049372594461546404,-0.015866109583439814,-0.10997381888034763,-0.21523714937095584,-0.07239009243326389,1.0,3.0,1.0,0.0,1.0,63.0,126.0,0.642953667953668,-0.03282532815862227,0.2954279534276001,0.9464635043487399,0.9464635043487399,1.0,0.1303475546781807,0.19119132205423495,1,1,1,1,1,0
yearly_top_future_return_examples,2022-06-30,ASTS,6.28000020980835,-0.3098674430530314,-0.5146831210621781,1.2755604477567053,1.2920223567873415,-0.41959330989515586,-0.36947789299640166,-0.20906798935127746,0.0960736782610957,0.3012419388831644,0.2569268854300246,-0.6276683185101788,-0.27581864501737907,0.08421863401281171,-0.1616734437288767,-0.20458380550379593,-0.5358462428861217,0.5358462428861217,0.022281074815775792,0.5850151491809171,-0.43268327067669177,-0.6430110879163609,0.09217394953188696,0.15387812957196018,0.2313043345575747,-0.2044439419269517,-0.31757160967050535,-0.11299431109018176,-0.07662945030319075,-0.20906798935127746,0.09217394953188696,0.4096044703079964,-0.14837004000199616,-0.37074143308015417,-0.24549092633314695,-0.1453284503537664,-0.37074143308015417,-0.45937797629711163,1.0219185669972217,0.6361487273295787,0.7897409617790394,-0.23555485198670256,-0.42299088149042174,0.04390065084984705,-0.4270072821213128,0.4270072821213128,0.22417155355029883,11651692.580104252,0.5742509499271502,0.5476190476190477,0.14285714285714285,0.19047619047619047,0.0835749026368222,0.6311318288751415,-0.16611177010532507,-0.07658941123383922,-0.14876310820491878,0.6684009466589426,0.1049136073046637,0.29280507881920687,-0.16600265141716575,-0.11238028697320124,-0.1522120786516854,0.8070509519602436,0.8055156793393806,0.040658361690920755,-0.14913782137165543,-0.4069877130007691,0.4069877130007691,0.02782325246794448,0.9682539682539683,0.14285714285714285,6690995.532383994,15.716273379514034,0.5238095238095238,0.14285714285714285,0.19047619047619047,0.08032294751815126,-0.11939982096669854,-0.16597617263757036,-0.3771653564858169,-0.24519225478877493,0.5,-0.0034465689948443567,-0.27581864501737907,0.4096044703079964,-0.15611363203614625,-0.24519225478877493,-0.08424771652000118,0.6500921958297494,0.033658141889345405,-0.2814644880700141,0.2814644880700141,0.02782325246794448,5403286.143348331,-0.028465319236795517,0.0749886227807643,-0.02514745274734076,-0.08907862275262868,-0.22541298272638777,-0.29328662336408917,-0.20481567800914668,1.0,4.0,1.0,0.0,1.0,63.0,126.0,0.6331968219251457,0.11942674760243177,0.9140127478006077,0.149681456843771,0.9140127478006077,0.9961538461538462,0.252351537720088,0.3432335930203661,1,1,1,1,1,0
yearly_top_future_return_examples,2022-06-30,FSLR,68.12999725341797,-0.04244986562797981,-0.2472655436371265,0.9009594910132122,0.935740559569944,-0.2862979477599863,-0.34237453420005026,-0.21833416256456883,0.12323516435705595,0.08756100156457891,-0.03923824752920024,-0.14717208216469735,-0.10073435107608075,0.07495246079952034,0.03192383287067124,-0.4324029664325684,-0.4375928875954761,0.4375928875954761,-0.02934037890297525,0.852062940339578,-0.5329775405826107,-0.6200353512170611,-0.13077316099998992,0.06341198706349735,-0.03942327693505854,-0.05929886647132254,-0.13438525215408126,-0.09509899820751289,-0.14806877392402387,-0.21833416256456883,-0.09509899820751289,0.11223265832766804,-0.06580639813211653,-0.1864103296938976,-0.12789586049304624,0.039002653032490175,-0.1864103296938976,-0.3886510775157068,0.5049321570707059,1.0511950457318735,0.94989820815823,-0.2647903101589302,-0.29061275008380194,0.02412320552652419,-0.23086480192944958,0.23086480192944958,0.10960904821317463,116859098.46459647,0.8587222578256708,0.30952380952380953,0.07936507936507936,0.06349206349206349,0.04347327042584888,0.49499163308114735,-0.023757450579027006,-0.02431136360609165,-0.01477907676589929,0.9136852035428062,-0.03313704244003568,0.08320830420020496,-0.06709573610547559,0.00780144781562675,-0.3700407934730443,0.4796341512429335,1.1066396764449629,0.022820864679483705,0.010650498891775273,-0.18902516937282676,0.18902516937282676,0.10960904821317463,0.9682539682539683,0.5238095238095238,100349508.88099065,18.424169749098937,0.2698412698412698,0.031746031746031744,0.06349206349206349,0.042202107583780346,-0.0006258966279333311,0.006093792489678895,-0.06617130779397057,-0.03512255113293428,0.16666666666666666,-0.03734673729158124,-0.12789586049304624,0.11223265832766804,0.0539560716196944,-0.03512255113293428,-0.004907576928718904,0.5307821819434343,0.02553715948668607,-0.09075140830191752,0.09075140830191752,0.09975781136996531,104803617.9221017,0.005564307513239886,0.04530204947100479,-0.008037068802627556,-0.08907862275262868,-0.22541298272638777,-0.29328662336408917,-0.20481567800914668,2.0,6.0,2.0,1.0,1.0,63.0,126.0,0.6013307072555627,0.45559962082590766,0.8721562922910411,0.9414356319502886,0.9414356319502886,0.9980769230769231,0.252351537720088,0.3432335930203661,1,1,1,1,1,0
yearly_top_future_return_examples,2022-06-30,LEU,24.75,0.17999301521960342,-0.02482266278954326,1.0377053238583411,1.071615231277738,-0.3598034118549859,-0.5539737024444104,-0.5041073917918812,0.05082706817207994,0.07372763495446455,-0.3247845949515298,0.05920594331001583,-0.12943296141499816,-0.21082076842779207,0.2385287401503673,-0.4996101376123165,-0.7108306921489702,0.7108306921489702,-0.09625652095054005,0.8190309667326187,-0.34899615548910723,-0.521888878727752,-0.4303797568374167,0.03773502125325691,0.04188721893824643,-0.23487368330170888,0.048343595218635516,-0.4532803236198013,-0.46258915741636636,-0.5041073917918812,-0.4303797568374167,-0.25557763591407245,-0.0827535701299934,-0.26557865164151395,-0.17626113945344324,-0.040165668915126185,-0.26557865164151395,-0.24542644181910836,1.0090015270728043,1.232082335150272,1.0724572440606557,0.041695146958304896,0.007501161918154198,0.04857494589746615,-0.5304496218955377,0.5304496218955377,0.3285024753045436,7403085.143693288,0.7972494012757685,0.6031746031746031,0.20634920634920634,0.1984126984126984,0.09666505535184189,0.8565807962529275,0.1736291053040382,0.01888674652911959,-0.06883474512313681,0.783563247252378,-0.07817003092227115,0.10569163218498985,-0.10842940216370023,0.1622728272367473,0.02741573033707856,1.0821109969774927,1.148840517394639,0.05170526388840785,0.10769999318911738,-0.31230900678706586,0.31230900678706586,0.3285024753045436,0.7777777777777778,0.5238095238095238,5902105.19840301,15.590819827952927,0.5873015873015873,0.2222222222222222,0.20634920634920634,0.09406370680658867,-0.06814759169982487,0.08127614059385402,-0.026404474097294593,-0.03282532815862227,0.16666666666666666,-0.10506331282086014,-0.25557763591407245,0.04188721893824643,0.05625329459400641,-0.03282532815862227,-0.11032028640547908,1.2431729576460513,0.06499616674880097,-0.28281654002409085,0.28281654002409085,0.012269907063368057,6470549.776286171,-0.0705272669303676,0.10386724871130386,-0.06136225836790621,-0.08907862275262868,-0.22541298272638777,-0.29328662336408917,-0.20481567800914668,1.0,3.0,1.0,0.0,1.0,63.0,126.0,0.6433332589401954,0.33939400104561246,1.012525308011758,0.655757557262074,1.012525308011758,1.0,0.252351537720088,0.3432335930203661,1,1,1,1,1,1
yearly_top_future_return_examples,2022-11-30,SOUN,1.2799999713897705,,,0.7179966946423558,0.9696262795269796,,-0.8030769274784968,-0.8333333333333334,0.19904761087326783,0.3109452510593539,-0.6289062541230428,0.07802906613057248,-0.6510416501744958,-0.7884782938492797,0.28245614534086305,-0.577522080232572,-0.9145527362814136,0.9145527362814136,-0.08549293178459683,0.9417233750595088,2.1985630306988897,0.4365476227308118,-0.5223880822739795,0.15749496416813633,0.3059701167227944,-0.5772438371746254,-0.03279082990807136,-0.6342857224600655,-0.6633357126891261,-0.8333333333333334,-0.5223880822739795,-0.18571431296212337,-0.16910999846869113,-0.5508771879924703,0.15087722145472826,-0.5328904841845749,-0.5508771879924703,-0.506234920974037,1.4429462731498413,0.651365871059653,0.7541409564159186,2.3772413793103446,0.5951545417133852,0.060811361543194435,-0.8389937104277632,0.8389937104277632,0.0,2190590.489276818,0.40661034012644937,0.6666666666666666,0.15079365079365079,0.2857142857142857,0.12322663587267595,1.754253985312556,-0.3638676952840745,-0.3361571621178068,-0.5143236671997015,0.8063107047487188,-0.17378046896789545,0.37107305532290086,-0.609756102879653,-0.43999377845633847,0.7474723444748426,1.0881848824900067,0.8637189977789991,0.05510213067481994,-0.4434874337358541,-0.6743002672654026,0.6743002672654026,0.0,0.5079365079365079,0.0,890716.743922612,13.699782870544777,0.6507936507936508,0.15873015873015872,0.2857142857142857,0.11377979705057435,-0.3987317132081897,-0.49152541419957463,-0.5614248096086095,-0.5276752939586669,0.3333333333333333,-0.18022739798094314,-0.6510416501744958,0.3059701167227944,-0.5831166395668523,-0.5276752939586669,-0.28888890478346096,0.9398859561025265,0.05406299764870554,-0.509578535311483,0.509578535311483,0.0,1041809.0868688765,-0.19140873789028867,0.206138377827093,-0.07246380166781041,0.05544134560818548,-0.017986703807895466,-0.04485503948405367,-0.25043771802154,1.0,4.0,1.0,0.0,1.0,63.0,126.0,0.6475915221579962,0.3828125160071072,0.554687542200555,1.3359375596628538,1.3359375596628538,1.0,0.15714407415036066,0.20589974365485034,1,1,1,1,1,1
yearly_top_future_return_examples,2022-12-31,CVNA,0.9480000138282776,-0.6537805122740538,-0.9795504556089494,1.1277097649869972,1.2056881366386147,-0.9602648997522717,-0.8389945631817737,-0.7900797039259242,-0.06624039205724674,-0.04731308745757101,-0.10097428521409846,-0.6655281711432626,0.29096549814808514,-0.7441157798731022,0.023577247568563164,-0.4508315776735457,-0.9802195042401755,0.9802195042401755,-0.20157014539992169,1.4369058813953528,0.08031602750135036,-0.7477488612206611,-0.8373927913834952,0.03411881358838655,0.1317324418414061,-0.7620876018345791,-0.16807964164331302,-0.8563200959831709,-0.8279308637641968,-0.8563200959831709,-0.7900797039259242,-0.3846620320908948,-0.45335982765793736,-0.766502456357361,-0.33349750547217627,-0.7652210539090426,-0.766502456357361,-0.395275928536823,1.7524941531447769,1.22457208827318,1.1065132166987466,-0.31103417271437495,-0.5764334692832678,0.07676437256754087,-0.9131709109161815,0.9131709109161815,0.2741935367576789,263267895.8337508,0.6979621920964689,0.7222222222222222,0.23809523809523808,0.2857142857142857,0.12344579879407358,0.9891974359977422,0.021427600934529334,-0.45520655778069585,-0.4294243595001125,0.24020955299669008,-0.43015520908013516,0.3127189303440281,-0.6496674122606882,-0.4429013188545713,-0.14666499540805622,1.9391579426419727,1.1066944974472688,0.08422514076807523,-0.44631089109482813,-0.7962166758525131,0.7962166758525131,0.2741935367576789,0.9682539682539683,0.047619047619047616,183751037.68474954,19.029092348747362,0.7142857142857143,0.23809523809523808,0.3333333333333333,0.13843507092198695,-0.19227491099017147,-0.46153846272597054,-0.1794986356900359,-0.3852140208673457,0.3333333333333333,-0.18513847125351013,-0.43015520908013516,0.29096549814808514,-0.2950778553328912,-0.3852140208673457,-0.04319740153586993,2.1460554248030377,0.08822953659382297,-0.416974177992954,0.416974177992954,0.2741935367576789,125666630.39861263,0.10618437342603237,0.12383967762761877,0.13997115869136056,-0.09013616553445447,-0.001281402448318425,-0.045963924052822014,-0.3257699433348956,1.0,3.0,1.0,1.0,0.0,63.0,126.0,0.8138728323699422,1.1455695044534036,0.9873416838098135,1.0654007554071252,1.1455695044534036,1.0,0.30363750891176866,0.3832715510593854,1,1,1,1,1,1
yearly_top_future_return_examples,2022-12-31,MSTR,14.156999588012695,-0.41422529538721264,-0.7399952387221083,0.9146426465582949,0.9924843787317588,-0.7088953858180518,-0.4651479216644584,-0.13834453286327963,-0.25028046696168516,-0.36675932148639323,0.29190501752253173,-0.6249399887860501,0.7410834065083425,-0.09238060881045762,-0.1946904384002387,-0.14149744691112964,-0.7464084918525471,0.7464084918525471,-0.07811557296137539,0.8328178256492365,0.7558662006989516,0.1711013510065933,-0.5051038543496729,0.18740332422839018,-0.19051949211426777,-0.3596627037292691,-0.09595059727158584,-0.3886249998249648,-0.34402446234597245,-0.5051038543496729,-0.13834453286327963,-0.08334774113533039,-0.07589663770371324,-0.33303497126351833,0.26029396316874376,-0.3317535688151999,-0.33303497126351833,-0.3508824080985849,0.9777175198798446,0.6338212798805826,0.9707666495932057,0.06382335148215357,-0.23971191190620134,0.045063064298260604,-0.5987699969155054,0.5987699969155054,0.036156003611161,142283770.08433568,0.8420675295469167,0.5873015873015873,0.18253968253968253,0.15873015873015872,0.07804373861109583,1.1499100866437797,-0.20186436359722437,-0.16473040411510753,-0.2872814364594959,0.6277888201539479,-0.25950430181954987,0.4008473016298461,-0.47078614336964797,-0.07852001599540759,0.22936207398776576,0.9491355610223352,0.6529079672712097,0.04278335014166773,-0.10224700848294865,-0.4943748237342587,0.4943748237342587,0.036156003611161,0.6825396825396826,0.015873015873015872,119812542.76953803,18.60143894408703,0.5555555555555556,0.15873015873015872,0.1746031746031746,0.07971817463634781,-0.20527758951317543,-0.2067892784167934,-0.4604255548712421,-0.2853248736883428,0.3333333333333333,0.030446826819932566,-0.2853248736883428,0.7410834065083425,-0.19518870815388834,-0.2853248736883428,-0.20481929956771483,0.6196981698119121,0.030772322986575274,-0.31588869136013664,0.31588869136013664,0.036156003611161,85210278.51386297,-0.1008917002678944,0.07888578821306284,-0.025939206471053522,-0.09013616553445447,-0.001281402448318425,-0.045963924052822014,-0.3257699433348956,1.0,4.0,1.0,0.0,1.0,63.0,126.0,0.7435452793834297,0.7781310354072737,0.8525817649273919,1.0648443315421203,1.0648443315421203,0.9980806142034548,0.30363750891176866,0.3832715510593854,1,1,1,1,1,1
historical_mega100_examples,2023-03-31,CVNA,1.9579999446868896,-0.8099590045330625,-0.9179310939321642,1.8350989081161073,2.172510015823219,-0.5664304619133166,-0.703243417706818,-0.5177339969747853,0.7875134226890784,0.24131118833529275,-0.766502456357361,1.8319032117644862,-0.33349750547217627,-0.7232877220295727,1.5831347523819104,-0.2720843175399166,-0.92636883219219,0.92636883219219,-0.16804046179513232,1.9565239231567926,0.14380868445137462,1.3624233209070988,-0.27642280863949253,0.40347353513878415,-0.43015520908013516,0.2451351606218215,0.4737252826391596,0.26977942571429314,-0.17479245996666157,-0.5177339969747853,0.26977942571429314,-0.3852140208673457,0.1580259678348126,1.0654007554071252,1.1455695044534036,0.8583002488078149,1.0654007554071252,0.5779254397091255,1.902843947993549,0.6168508388550126,0.9688086661081122,-0.33263782447466006,-0.30642508397560075,0.08298269322425808,-0.5791057683664054,0.5791057683664054,1.6317202933541863,222692490.61189118,1.1630482777098672,0.7222222222222222,0.2777777777777778,0.30158730158730157,0.14554556230043014,0.571197227255447,0.025605535732715068,-0.1575874886850186,0.043554237356867365,0.7883094163846457,-0.07374630386718695,0.5939220498168764,-0.037364787707822145,-0.2830332060112718,-0.5962665911556378,1.8434917070675243,0.6367106947267711,0.08184009423646994,-0.16248457291543372,-0.3224913932133535,0.3224913932133535,1.2199545126019555,0.6190476190476191,0.9206349206349206,259002117.66508082,19.37234679980441,0.7301587301587301,0.3333333333333333,0.25396825396825395,0.15241598394314093,0.14342440436236648,-0.07308895038058516,0.033463202911482304,0.03927813331408081,0.3333333333333333,-0.006294233586559968,-0.43015520908013516,1.1455695044534036,-0.05564906853173057,0.03927813331408081,0.22031782028685853,1.1737708855300046,0.061434623821991385,-0.029732381628063465,0.029732381628063465,0.43338203809303866,105835675.05310547,0.20211195123848236,0.10540639453398341,0.18037131523246486,0.09492720184581138,0.20710050659931034,0.20555372505478742,-0.10797208939910174,1.0,3.0,1.0,1.0,0.0,63.0,126.0,0.8611315148383287,-0.29111335513032843,0.3197140876525595,1.6475996740070284,1.6475996740070284,0.9980842911877394,0.23272509856157075,0.35365434378958654,1,1,1,1,1,1
historical_mega100_examples,2023-03-31,QBTS,0.6639999747276306,-0.8248893917255242,-0.932861481124626,1.2682716880760312,1.5239874949223842,-0.9329969742733117,-0.9005988036241053,-0.91562897275945,0.19938965612825577,0.1438076515027138,-0.8170266736772434,0.27813774891519005,-0.6302414068429223,-1.1211826978142374,0.3767400479973967,-0.7447898554505082,-0.9464516132939743,0.9464516132939743,-0.39452247774200055,2.7317475756771894,7.332132853141257,2.8420387389373856,-0.7718213212567362,0.10289657820668272,-0.19587634187256897,-0.5404717261184179,0.21919897230295826,-0.7162393166311942,-0.8012298702157935,-0.91562897275945,-0.7162393166311942,-0.3846153375900221,-0.3017761080050224,-0.5388889247620533,-0.13194447893787176,-0.7459894313613636,-0.5388889247620533,-0.38537685963081,1.2293789530814765,1.0858913472039813,1.137438308154047,1.5047515938890892,1.3930287944714008,0.05692086173712334,-0.9188264119858903,0.9188264119858903,0.3441295365817183,1470294.8105447823,1.579083385699593,0.6587301587301587,0.12698412698412698,0.30158730158730157,0.11746480071447805,2.315570959909551,0.11723809539595953,-0.3903621278702252,-0.22944811089579853,0.3073865428146613,-0.4440000057220459,0.21959207029801361,-0.46880002021789546,-0.40234776149484486,0.34799309451877414,1.398342716473188,0.9546815325450737,0.06215853035047293,-0.3262866510437046,-0.6047619074650634,0.6047619074650634,0.3441295365817183,0.8412698412698413,0.14285714285714285,2321718.1074115965,14.657818463815522,0.6666666666666666,0.12698412698412698,0.30158730158730157,0.1113915912851702,0.021800424078410874,-0.2163311622562637,-0.03341219453329751,-0.04460434307747785,0.0,-0.30521365234048486,-0.6302414068429223,-0.04460434307747785,-0.13953154492328923,-0.04460434307747785,0.1390341840512248,1.3349719675858647,0.05700754062687257,-0.16161618898284902,0.16161618898284902,0.3441295365817183,490179.75736544246,0.2401941995919199,0.07885113568845298,0.20115769730695465,0.09492720184581138,0.20710050659931034,0.20555372505478742,-0.10797208939910174,1.0,4.0,1.0,0.0,1.0,63.0,126.0,0.6454756016536247,-0.2515059823227338,0.8975904193070223,2.147590351982496,2.147590351982496,1.0,0.23272509856157075,0.35365434378958654,1,1,1,1,1,1
historical_mega100_examples,2023-04-30,CVNA,1.3880000114440918,-0.917894473167037,-0.8802622489190334,2.0230770299653043,2.3736255635193495,-0.761921092691583,-0.6581280711807487,-0.4870657925122295,0.9512008043240716,0.3871954693313733,-0.24833708333028626,-0.06926367079450768,-0.43015520908013516,-0.6521413127714519,0.16946503838743554,-0.26011829135757747,-0.8921857965636463,0.8921857965636463,0.0016945960432690477,0.829408540421866,-0.8763729495884156,-0.9156369940293587,-0.0998703231808562,0.47833135647403274,-0.3852140208673457,-0.12383693271038776,-0.18529908812771634,0.46413501181184214,-0.04093370129374785,-0.4870657925122295,0.46413501181184214,1.1455695044534036,-0.07056768933283475,-0.31760075412479394,-0.07374630386718695,-0.4141296056327234,-0.31760075412479394,-0.21703875501730324,1.8724780559267686,0.5132913359184226,0.7814973300767375,-0.3902455287685036,-0.5677531986944238,0.08046462076231042,-0.5458115137293916,0.5458115137293916,0.8655913689912771,202693778.08031937,1.1506603488054765,0.6984126984126984,0.25396825396825395,0.29365079365079366,0.14261538218338704,0.3592554815259952,-0.19723180365133497,-0.03612755089868469,-0.19504499735871839,0.632154279355624,0.03927813331408081,0.5894874985031792,-0.26326961098856594,0.07249520270138499,-0.4114701150110244,1.4633366013340496,0.6568049770151114,0.06648075040089282,0.0317154646914497,-0.5197231968646885,0.5197231968646885,0.01610538380022608,0.9206349206349206,0.5079365079365079,233231693.38660014,19.267542913954298,0.6666666666666666,0.25396825396825395,0.2857142857142857,0.13437174120062184,-0.1750861720351341,-0.04239654614463262,-0.3028875757042239,-0.29111335513032843,0.3333333333333333,0.0007697914704146899,-0.43015520908013516,1.1455695044534036,-0.2961922164120767,-0.29111335513032843,-0.19810502892089044,0.9611267628045818,0.0484996247062707,-0.29111335513032843,0.29111335513032843,0.0,85928592.94696365,-0.13627877603379357,0.11106422436002801,-0.08006362274343215,0.0050788612817482814,0.09652885150792945,0.16507552025922245,0.03763222424800361,1.0,3.0,1.0,1.0,0.0,63.0,126.0,0.8432804887051528,0.8616715340929977,2.7348702972021544,5.621037107068836,5.621037107068836,1.0,0.30748978315436853,0.48304854589883356,1,1,1,1,1,1
historical_mega100_examples,2023-04-30,IONQ,5.510000228881836,-0.33750512018129153,-0.2998728959332879,1.2567221637439518,1.3145377049199436,0.020370394735505837,0.08678501820962992,-0.06451606896733175,0.6616175625111295,0.13234560226572156,-0.24617993924171555,0.4871709657894091,-0.12393888550443344,-0.2295915892265542,0.3055070955150253,-0.07606074591305954,-0.3424820819051454,0.3424820819051454,0.050842311765177506,2.0961039713102716,0.06190533542093224,0.3178149923004956,0.06782953329838981,0.3500909323219377,-0.33139531982467174,0.1382886848370113,0.03811394676235769,0.5971014935437977,0.2001383192916186,-0.06451606896733175,0.5971014935437977,0.2869565205372724,0.1277446862274323,0.24099102654769355,0.06756750225933827,0.1444621750397641,0.24099102654769355,0.27112118798794926,0.8482176738192416,1.2137487697395972,1.047924744662476,-0.9213142551166111,-0.9295026885212906,0.037878584679057845,-0.22065062304135097,0.22065062304135097,0.7774194833515378,19311270.2824831,1.31821006508698,0.4603174603174603,0.1111111111111111,0.14285714285714285,0.06705402702281592,0.3431147239728027,-0.22065062304135097,0.2019138141167971,0.0178446390599607,1.0471818124316634,0.2974684372013481,0.2489904409453959,0.16244736180272623,0.3026574424110662,-0.7912114801717606,0.8888682892552281,1.1582403945719701,0.03910743484734148,0.22884338516019453,-0.22065062304135097,0.22065062304135097,0.24099102654769355,0.2698412698412698,0.9682539682539683,25456310.855984308,17.052474280269717,0.4126984126984127,0.12698412698412698,0.12698412698412698,0.07004748164367956,-0.053210350443161025,0.12728013013576045,-0.10108079309469764,-0.10406501732702156,0.5,0.015432206223638667,-0.33139531982467174,0.2974684372013481,-0.10914387860876984,-0.10406501732702156,-0.12525795449663213,1.0295231580694875,0.04006832270552518,-0.22065062304135097,0.22065062304135097,0.08464573063656267,43183938.20870944,-0.07223436461510269,0.06707284899471555,-0.009349145762804767,0.0050788612817482814,0.09652885150792945,0.16507552025922245,0.03763222424800361,1.0,4.0,1.0,0.0,1.0,63.0,126.0,0.643926804960874,0.9582576249806583,1.4555352397357129,2.493647767761794,2.493647767761794,0.9942528735632183,0.30748978315436853,0.48304854589883356,1,1,1,1,1,1
historical_mega100_examples,2023-04-30,PLTR,7.75,-0.2924398892222039,-0.25480766497420027,1.3624641611080965,1.4229845499422262,-0.25120775706681875,-0.04674048082311122,-0.11831626466057277,0.3254813593491416,0.1516495979939062,-0.11490327149350277,0.11104720349873232,-0.1467576754779737,-0.2833917849197952,0.11446019666580232,-0.1795793076148544,-0.3231440935283827,0.3231440935283827,0.0192086359273691,0.8413411107175977,-0.39185047823540897,-0.3941955441423204,0.03333333333333344,0.16286661061092392,-0.14399998982747397,0.005931752622145625,-0.1185289477765109,0.2071650946885688,0.040727387787109826,-0.11831626466057277,0.2071650946885688,0.21183802450972666,0.021284010189897673,-0.0038560679947704513,0.00771207469941948,-0.1003849195026999,-0.0038560679947704513,-0.005450133398063089,0.6588524381346145,0.6135141297823221,1.0738642725118828,-0.04777113865244431,-0.12665398319277044,0.0300440487314314,-0.23343221927001367,0.23343221927001367,0.29166666666666674,286449121.90936744,1.174940512176035,0.38095238095238093,0.0873015873015873,0.07142857142857142,0.05042303402313196,0.8057595820617597,-0.06923836132900507,0.0011347564948569477,-0.05547701180966502,0.7939799842583518,0.07780607714349252,0.14082338196182786,-0.01147961107605111,0.027253546840497522,-0.11022630723426341,0.707518094170108,0.5713144067520258,0.030211946762413965,0.0013515131694026294,-0.23343221927001367,0.23343221927001367,0.05442178238877515,0.7936507936507936,0.5396825396825397,336560678.0085677,19.634289014740844,0.38095238095238093,0.09523809523809523,0.07936507936507936,0.04971363151224987,-0.058818765934006034,-0.04020592959105984,-0.20494083235919647,-0.08284021598410107,0.5,-0.012706950822818345,-0.1467576754779737,0.21183802450972666,-0.08791907726584935,-0.08284021598410107,-0.06327431105416548,0.4042152802371192,0.02008333497837735,-0.12031786255724342,0.12031786255724342,0.0012920192735859093,217017763.27679953,-0.04907974903761825,0.04198156084333147,-0.010217116076450816,0.0050788612817482814,0.09652885150792945,0.16507552025922245,0.03763222424800361,2.0,7.0,2.0,1.0,1.0,63.0,126.0,0.8641477188838034,0.8980645210512224,0.9780645062846525,1.56000001968876,1.56000001968876,0.9904214559386973,0.30748978315436853,0.48304854589883356,1,1,1,1,1,1
historical_mega100_examples,2023-04-30,QBTS,0.4970000088214874,-0.9873794445140739,-0.9497472202660703,0.7495507103294791,0.7693464569609508,-0.9432648406580091,-0.9368487908451627,-0.8292096239991643,0.1743485052994992,0.041602797952728365,-0.5704467480648974,-0.031953244877912734,-0.19587634187256897,-0.9942851442583868,0.2268096310563542,-0.6207009170114772,-0.9599193528942709,0.9599193528942709,-0.2654975962104231,1.9557591657899294,-0.5594885207788434,-0.8248526327528949,-0.787606826046436,0.09105823861377542,-0.3846153375900221,-0.5432740837807004,-0.10490612549888634,-0.6548611186996651,-0.7572258562484219,-0.8292096239991643,-0.6548611186996651,-0.13194447893787176,-0.2802515014855339,-0.6023999929428101,-0.4440000057220459,-0.6989288444507396,-0.6023999929428101,-0.41285223799462195,1.3359245995504654,1.4086644180347312,1.0922155817468815,-0.6360099894342522,-0.7275556545972529,0.06034987570699342,-0.8763681564229906,0.8763681564229906,0.008113606694581055,1477664.1617836696,1.2155101965740465,0.6507936507936508,0.14285714285714285,0.29365079365079366,0.11895927466685725,0.7899180100055587,-0.08068113347027372,-0.12233221899987157,-0.22746913229811605,0.5957011988634434,-0.04460434307747785,0.15128655305716787,-0.2848920662786504,0.03945169625296541,-0.3806994606961922,1.4591176636679812,1.2897311131395177,0.06596869468795721,0.0590725440424793,-0.6854430409353371,0.6854430409353371,0.008113606694581055,0.9206349206349206,0.015873015873015872,1796115.855760092,14.401137590182076,0.6825396825396826,0.15873015873015872,0.31746031746031744,0.11550785646033129,-0.15485771324483544,0.002310351256337384,-0.1336468810387701,-0.2515059823227338,0.0,-0.2420910815871201,-0.4440000057220459,-0.04460434307747785,-0.2565848436044821,-0.2515059823227338,-0.2007076119995882,1.8818694485640377,0.08277905204314141,-0.41529412366939644,0.41529412366939644,0.008113606694581055,842388.1952440455,-0.09702033413969613,0.16944522990709518,-0.04533230836855162,0.0050788612817482814,0.09652885150792945,0.16507552025922245,0.03763222424800361,1.0,4.0,1.0,0.0,1.0,63.0,126.0,0.6475922781632955,1.5352112034183563,3.2052311409917866,3.2253518457921126,3.2253518457921126,0.9961685823754789,0.30748978315436853,0.48304854589883356,1,1,1,1,1,1
historical_mega100_examples,2023-04-30,RGTI,0.4699999988079071,-0.9700063232830362,-0.9323740990350325,2.0426003155620145,2.8049900856440337,-0.8939051880315375,-0.75,-0.7761904665942632,0.4209092822850843,0.13772894047688233,-0.6280952125774207,0.22988777071255395,-0.38095237554606376,-0.9412659868534856,0.3779830247293964,-0.6331987459622151,-0.9486899556072927,0.9486899556072927,-0.17785766679246995,1.4638223261250731,0.7128499641062456,0.030780361601168593,-0.6384615261173808,0.21460234191997976,-0.4392307699361496,-0.39195570503152255,-0.033775288397479675,-0.3552811843091789,-0.5899777256736076,-0.7761904665942632,-0.3552811843091789,0.07133065534859728,-0.21548689729155546,-0.3982074418648668,-0.03969272394441392,-0.49473629337279623,-0.3982074418648668,-0.2931437038175139,1.2258243901206032,0.9503510522306707,1.1081550834459344,-0.6260383470038138,-0.7568990610003855,0.05497022211116301,-0.7793427354198652,0.7793427354198652,0.04910710781375616,1156583.3146646146,1.134063645151017,0.5793650793650794,0.16666666666666666,0.24603174603174602,0.1145575671626446,0.7747451970776585,-0.18201438401600656,-0.2462576929211414,-0.26782153964942,0.4247020714035671,-0.03600001335144043,0.21843101590428532,-0.3733333349227905,-0.1213619875287757,-0.42841172243072745,1.3584035293241588,0.8575975208049814,0.060655293384650054,-0.10251732962626237,-0.6618705009749004,0.6618705009749004,0.04910710781375616,0.873015873015873,0.015873015873015872,1311639.0897493986,14.086788889015706,0.6190476190476191,0.1746031746031746,0.23809523809523808,0.12098713122300837,-0.14102955100783465,-0.1749198501216066,-0.3003792278918136,-0.34993083635210664,0.16666666666666666,-0.19574601063026287,-0.4392307699361496,0.07133065534859728,-0.3550096976338549,-0.34993083635210664,-0.13268130629084485,1.1649634990011355,0.0534433973381619,-0.34993083635210664,0.34993083635210664,0.04910710781375616,447409.14090545406,-0.04471545860440196,0.08373859736193646,0.014680474647019048,0.0050788612817482814,0.09652885150792945,0.16507552025922245,0.03763222424800361,1.0,4.0,1.0,0.0,1.0,63.0,126.0,0.6468243392883508,0.9978723678129087,1.499999904886205,4.297872374153828,4.297872374153828,0.9980842911877394,0.30748978315436853,0.48304854589883356,1,1,1,1,1,1
historical_mega100_examples,2023-04-30,SMCI,10.54300022125244,1.4666433400564878,1.5042755643044914,1.00243979466974,1.008440582080043,0.9520459501154701,0.9144725403445624,0.5150165330725516,-0.23085086044582726,-0.3465580937944863,0.0393734281726954,0.41825141772708485,0.296594283668838,0.3499410128133291,-0.05739168717277132,0.7929275517605977,-0.09017950029870248,0.09017950029870248,0.04960471147617107,1.541105680758005,-0.04320437770425045,0.39464907150642614,0.16845843927806525,0.17643827815615287,-0.09010304185439189,0.1464144213152465,0.13928681087952466,0.2841656726267243,0.3225468816591137,0.16845843927806525,0.5150165330725516,-0.11900124628157038,0.11467935756316394,0.45762484589978025,0.35448640951432875,0.3610959943918508,0.45762484589978025,0.7071827057086795,0.6495127227311259,1.0515784393301435,0.9963003933078249,0.19721337579617826,0.18462892559695354,0.032245624389186385,-0.09017950029870248,0.09017950029870248,0.577821006952745,129073722.92708972,1.1711775540870486,0.46825396825396826,0.1349206349206349,0.0873015873015873,0.05364089407992402,1.1344398340248962,-0.024828630957609565,0.07188574019814564,0.03519243988038245,1.0551003406047996,0.08757781031430367,0.19939313097529066,0.07614578903189817,0.04960872526257343,0.0021771488236730363,0.647109781115457,1.0554833124563863,0.033304408503626017,-0.013226637624595639,-0.09017950029870248,0.09017950029870248,0.4616665026085893,0.12698412698412698,0.9841269841269841,151168247.11465836,18.8339040004151,0.5396825396825397,0.1111111111111111,0.09523809523809523,0.05386320059086654,-0.004976830303312196,-0.0981145040464999,-0.01538981327303116,-0.010511451386730375,0.5,0.08650712732912963,-0.11900124628157038,0.35448640951432875,-0.015590312668478656,-0.010511451386730375,-0.0036902028443587254,0.6830135752946697,0.035046295964033976,-0.09017950029870248,0.09017950029870248,0.13025301711450732,163587593.77620333,0.011580943892239404,0.05310227531069298,0.0741284194728955,0.0050788612817482814,0.09652885150792945,0.16507552025922245,0.03763222424800361,2.0,7.0,2.0,1.0,1.0,63.0,126.0,0.7482367488557508,1.1241582080800994,1.3641277353686347,2.1325998040548937,2.1325998040548937,0.9923371647509579,0.30748978315436853,0.48304854589883356,1,1,1,1,1,1
historical_mega100_examples,2023-05-31,CVNA,2.5840001106262207,-0.6986260640794255,-0.5611412864123844,1.7821690444780567,1.977773939013719,-0.6083661577440616,-0.04508498705746633,0.6757457963265296,-0.40534254539413017,1.049992677232492,0.2217898029521539,0.14976019057169343,-0.3852140208673457,0.4848430279628677,-0.3041958028026823,0.3866123362801704,-0.7633266112601524,0.7633266112601524,0.16667087271847958,0.7507790681631118,-0.12368355995055624,0.20191180767465555,1.7257384735590215,0.7510867472720365,1.1455695044534036,0.39840466588702195,0.2897879457613559,0.2704032509323995,0.8906291736059835,0.2704032509323995,1.7257384735590215,-0.07374630386718695,0.1115221589488109,0.3715499935238473,0.03927813331408081,0.18430125986696644,0.3715499935238473,0.2872835395460881,1.7478640304866782,0.973797739884359,0.7399440290921424,1.1534975273690478,3.0091050454426123,0.07669791308170316,-0.10588234711780409,0.10588234711780409,2.4731183459006467,208718622.1836084,0.7275021391607348,0.7063492063492064,0.2777777777777778,0.2777777777777778,0.1393112315503045,0.7703167874455626,0.4614142136799758,0.1902093908769351,0.3608022169462497,1.104386891658761,-0.29111335513032843,0.6347908243002944,0.3197140876525595,0.3094049041915654,0.34776051304149447,1.2933215530235438,1.3160424323974047,0.06357977314002589,0.5178982186151446,-0.05830898318471267,0.05830898318471267,0.8916544686595209,0.015873015873015872,0.8571428571428571,151843244.12125632,18.838359264576283,0.7142857142857143,0.2698412698412698,0.2698412698412698,0.11675167028811356,0.29398416967965546,0.677232635875753,0.5062503525543246,0.8616715340929977,0.5,0.21607424866593683,-0.3852140208673457,1.1455695044534036,0.7828332970226681,0.8616715340929977,0.15926430186988338,1.7020660425130936,0.08872939257919009,-0.05830898318471267,0.05830898318471267,0.8274399207114922,266412152.40292323,0.08818332812539453,0.11943276890294269,0.0616269903151514,0.07883823707032955,0.18724873365688088,0.19090276836366193,0.13748477766704115,1.0,3.0,1.0,1.0,0.0,63.0,126.0,0.7715930902111323,1.006191870480404,2.5565012333363044,2.8970585385864407,2.8970585385864407,1.0,0.30704181222834537,0.38361526258613726,1,1,1,1,1,1
historical_mega100_examples,2023-05-31,RGTI,0.9390000104904176,-1.032919069609491,-0.8954342919424498,1.975830882845606,2.2197330105496325,-0.7640703502536641,-0.5528571175555781,-0.2776922731286662,0.4799969961822923,0.5657581800064213,-0.42307690191550995,0.6750769159027333,-0.4392307699361496,-0.4685950414923281,0.5296922871158896,-0.19406383271719874,-0.8974890801165565,0.8974890801165565,-0.0697716914834331,1.6591962268507068,1.1301685891748003,1.6669711034419943,0.28806590687775513,0.3049137624638366,0.07133065534859728,0.31767282727116375,0.338001709366343,0.20230472305362612,0.07089278560090502,-0.2776922731286662,0.28806590687775513,-0.03969272394441392,-0.09345139720692941,0.2520000139872234,-0.03600001335144043,0.0647512803303425,0.2520000139872234,0.16258590119625002,1.4309326433500658,1.497875357462084,1.0831746590125706,2.353869796032411,5.700603790735471,0.0607163114638438,-0.3244604171553318,0.3244604171553318,1.5040000279744468,1248921.645078678,0.7373755807481832,0.626984126984127,0.19047619047619047,0.23015873015873015,0.1204506280504982,1.9775666547681154,0.5394405612179248,0.03648384027997009,0.649567862556037,1.4276735590030674,-0.34993083635210664,0.5122742170258132,0.29875521921937387,0.16155671830346896,0.43165825150081494,1.5499499780306638,1.3828567212120317,0.06334340175685677,0.5873375888681092,-0.12242993975697558,0.12242993975697558,1.5040000279744468,0.031746031746031744,0.30158730158730157,920924.3233488665,13.733134229809899,0.6825396825396826,0.19047619047619047,0.2222222222222222,0.1210793188578212,0.6637136927998444,1.0389552896826628,0.4655647918473873,0.9978723678129087,0.3333333333333333,0.034058113262899224,-0.4392307699361496,0.9978723678129087,0.9190341307425791,0.9978723678129087,0.5346898935500111,2.1433587446621445,0.09133094808816586,-0.12242993975697558,0.12242993975697558,1.5040000279744468,1759814.1778257631,0.21995583634245053,0.14513920590726725,0.01932263268202905,0.07883823707032955,0.18724873365688088,0.19090276836366193,0.13748477766704115,1.0,4.0,1.0,0.0,1.0,63.0,126.0,0.6472168905950095,0.25133113864674983,1.6517571690295028,0.9169328351510737,1.6517571690295028,0.9980879541108987,0.30704181222834537,0.38361526258613726,1,1,1,1,1,1
historical_mega100_examples,2023-11-30,CVNA,6.263999938964844,2.72783555686921,3.062256624039426,1.2187758100951354,1.2384189260826426,2.3248408312329865,3.512968218528834,1.4241484794080725,-1.7425380087900115,-1.215815161405152,2.8970585385864407,-3.2750128455578285,1.006191870480404,1.3036362909917567,-1.8021027863794605,0.9894375227770221,-0.4393125691492844,0.4393125691492844,0.03381177175938066,0.36525691583912084,-0.46746811643867336,-0.6687408354302624,0.20833331800292054,0.8936891869042716,0.772762259516415,-0.20475926303472725,-0.34164230324505607,-0.3183895293819391,0.4380307560096847,-0.3183895293819391,1.4241484794080725,0.09575627362588146,-0.16552533174097517,-0.377954306971388,-0.16623632940499067,-0.408121509792551,-0.377954306971388,-0.45974042140817,1.4393515978765,0.69140416872636,0.571162538158925,0.20862674205957155,0.40200698236789445,0.055920730656365464,-0.4393125691492844,0.4393125691492844,1.119079752706063,613964388.1671154,0.5137602636695648,0.5555555555555556,0.1984126984126984,0.1746031746031746,0.10090161296516058,0.5431043032673977,0.07733618411275212,-0.1335878954673656,-0.07479071733431053,0.6544995406204732,-0.3568365704798949,0.5326309024454542,-0.25393044220229255,-0.04112313559597447,-0.0628483880431594,0.8221037119462461,1.210520863211757,0.037548731162119806,0.05699152985883349,-0.4393125691492844,0.4393125691492844,0.20507887536148073,0.8571428571428571,0.31746031746031744,315430505.9484603,19.569448952446187,0.4126984126984127,0.09523809523809523,0.19047619047619047,0.0759118861368435,0.009985907340265054,0.11025619587892477,0.16077592184072761,0.1599999682108566,0.6666666666666666,0.25193957865811195,-0.3568365704798949,1.006191870480404,0.05181173453854493,0.1599999682108566,-0.015960797267744686,0.9951736950347595,0.04368314928054921,-0.0834065206957022,0.0834065206957022,0.20507887536148073,270999144.63171506,-0.013014853455670772,0.0778256799562225,-0.004386801854302069,0.10818823367231167,0.03016720282116303,0.12051218841631584,0.3344210671702157,1.0,3.0,1.0,1.0,0.0,63.0,126.0,0.8839574010704572,0.6902938059887826,0.37484044529161364,1.4243295048323152,1.4243295048323152,0.9961904761904762,0.3006121710238456,0.4138569375468059,1,1,1,1,1,1
historical_mega100_examples,2023-11-30,SMCI,27.347000122070312,1.6963891776364977,2.0308102448067133,0.9528208383757752,0.978714965835223,1.7913647355045543,1.5938536989636587,0.22112076638024503,-0.3931012741980239,-0.12394921335533926,0.228309839602161,-0.2341626570185259,0.11297158863954393,0.10060857796392919,-0.22697358379660992,0.3227803115882299,-0.22593333430512075,0.22593333430512075,0.02483391435883453,1.170189862556358,-0.3847254866509974,-0.3883265760385719,0.09717155302490577,0.20097049995931474,0.3250552231969108,-0.016275497354357626,0.10265620166280554,-0.17198050781777885,0.04877060386245732,-0.17198050781777885,0.22112076638024503,-0.16710572972673288,0.014767612814604814,-0.005852817416364897,-0.003126310054129222,-0.03602002023752793,-0.005852817416364897,-0.009313952843472837,0.6850503529543905,1.0089341305535362,0.9172937764091672,1.1144824729456841,1.4146970906528793,0.031993867529621266,-0.22593333430512075,0.22593333430512075,0.2657131807177884,865082532.5397916,0.963841992761918,0.4365079365079365,0.10317460317460317,0.09523809523809523,0.06168381963511414,1.1711716879131595,0.20345155565525908,-0.0029909097398630458,0.008905168717751932,0.9461611710778375,-0.1267230788898901,0.18396827326466544,-0.0027350580015645942,0.009158666647942182,0.30664462457337893,0.6283924252919658,1.0999029498522315,0.030443512766954263,0.1381063866876211,-0.11871998965405817,0.11871998965405817,0.18109185950763163,0.5714285714285714,0.7777777777777778,833802872.0666795,20.541507569155428,0.3968253968253968,0.09523809523809523,0.09523809523809523,0.0570401170146695,0.024619803928542572,0.1749137173371822,0.20541986374890323,0.14198018737368212,0.5,0.04717531342323078,-0.16710572972673288,0.3250552231969108,0.03379195370137045,0.14198018737368212,-0.007840193012489727,0.6911706822434311,0.029742545213326695,-0.10219957504822219,0.10219957504822219,0.11211874552153156,903925196.0199447,-0.04917041058296634,0.06169128812893813,-0.03893868111833865,0.10818823367231167,0.03016720282116303,0.12051218841631584,0.3344210671702157,2.0,7.0,2.0,1.0,1.0,63.0,126.0,0.9630308414495042,0.03945589893611978,0.936629184142733,2.1671481012580536,2.1671481012580536,0.9980952380952381,0.3006121710238456,0.4138569375468059,1,1,1,1,1,1
historical_mega100_examples,2023-11-30,SOUN,2.140000104904175,0.33745405215549185,0.6718751193257075,1.118539357774126,1.1330245840307844,-0.28428090365266034,-0.19548870832615917,-0.2983606103734596,0.21681562109308672,-0.23130971595710992,-0.17377048513960425,0.022976882402104826,0.4918033645474069,-0.41887279878977546,0.1475670076359602,-0.29979743632642575,-0.5456475397936298,0.5456475397936298,-0.14606084295194366,0.6138784134338815,-0.3236358097559118,-0.4256272027654493,-0.5296703263305695,0.22410173134557,-0.48791212614658375,-0.02260785684071054,0.31417455851161546,-0.0815449892803729,-0.303191975328134,-0.5296703263305695,-0.0815449892803729,0.08154509160594658,-0.06567252688630665,-0.15079360273749942,-0.20238095012832025,-0.18096080555866245,-0.15079360273749942,-0.2038915483055138,0.9952073440968264,0.8240688251059308,0.7431391158114541,1.4835011185682325,2.3425739262234035,0.04750934268428819,-0.5456475397936298,0.5456475397936298,0.38961049215169385,37116605.910358824,0.45076186788353767,0.6349206349206349,0.18253968253968253,0.18253968253968253,0.0910755939001518,0.6980271948439833,0.24693368127853133,0.048758055798040933,0.13095872486405957,0.9122107100016833,-0.20895520352109842,0.3716953256335724,0.0646766741580711,0.14269694818337464,0.04683509488821658,0.7395775057411811,1.1089025023344483,0.03712642808983338,0.33252426297826565,-0.15079360273749942,0.15079360273749942,0.38961049215169385,0.9841269841269841,0.31746031746031744,16730750.609650498,16.63275899781463,0.5555555555555556,0.15873015873015872,0.12698412698412698,0.07491692529982388,0.1263158376197071,0.4081115317867714,0.42178249880804375,0.3459119874085004,0.5,0.003335360627641911,-0.48791212614658375,0.4918033645474069,0.2377237537361887,0.3459119874085004,0.05004911329112671,0.8201193467866655,0.0432636092871823,-0.0695651524909715,0.0695651524909715,0.38961049215169385,18623287.30812527,-0.025500864669054768,0.08357811025973821,-0.03690365473144552,0.10818823367231167,0.03016720282116303,0.12051218841631584,0.3344210671702157,1.0,4.0,1.0,0.0,1.0,63.0,126.0,0.6516078792664737,-0.009345896432088385,-0.2242991190433934,2.4672895853087815,2.4672895853087815,1.0,0.3006121710238456,0.4138569375468059,1,1,1,1,1,1
historical_mega100_examples,2023-12-31,MSTR,63.1619987487793,2.912983184636159,3.461538502993326,1.1115549914909575,1.0594313588563264,1.1607142169701699,1.094022428973032,0.8445767676897085,-0.07795573840318593,-0.4021267506538977,-0.041294359000638936,0.9653226413073015,0.278780370830634,0.7316213443327602,0.0794515146169541,1.4223491329753095,-0.05828152922320562,0.05828152922320562,0.0836982877997956,1.2845071654223281,3.035204081632653,6.763846777940507,0.44245001703581077,0.21325644418754738,-0.1834977660045366,0.4787774040949546,0.23089413997398245,0.7666210292865225,0.6845492713373472,0.44245001703581077,0.8445767676897085,-0.08181129896460193,0.26607237490916735,0.9240282823066626,0.2897222445266565,0.7780944948679822,0.9240282823066626,1.5049868672111066,0.5937900534470038,1.1549275089172382,1.033997849360952,1.1361242403781229,1.7076434204326096,0.02739595201140398,-0.05828152922320562,0.05828152922320562,1.0287797489845096,367588367.40197074,1.3111399825256425,0.3492063492063492,0.11904761904761904,0.047619047619047616,0.0497496500604255,2.146705571011739,-0.01610875314287763,0.2265091133338184,0.23411148651366132,1.4551100937898647,0.17692909622246855,0.20578616130427685,0.49181600183441354,0.20547831274167883,0.6153453381897402,0.6139776382361267,1.1169534923414248,0.03002302812573504,0.2078142495844051,-0.05828152922320562,0.05828152922320562,1.0287797489845096,0.031746031746031744,0.9682539682539683,481959805.6120494,19.993371279766155,0.42857142857142855,0.14285714285714285,0.047619047619047616,0.050801860189586864,0.13029673242901008,0.2589701642172557,0.3901365661734306,0.267549597186969,0.6666666666666666,0.12461204063293159,-0.1834977660045366,0.2897222445266565,0.21168011602661196,0.267549597186969,0.07485726552333682,0.6857844672473817,0.03196139756920311,-0.05828152922320562,0.05828152922320562,0.267549597186969,684181620.891571,0.041869744005262666,0.05249427034847561,-0.011035486023830532,0.05586948116035706,0.14593378743868035,0.1129554233569483,0.5485553183571672,1.0,4.0,1.0,0.0,1.0,63.0,126.0,0.9123724694583509,-0.206469089397887,0.6193913841906094,1.6987112033980414,1.6987112033980414,0.9961904761904762,0.26598931430118883,0.3732041291486036,1,1,1,1,1,1
historical_mega100_examples,2023-12-31,SMCI,28.426000595092773,1.9138077100245754,2.4623630283817426,0.9644602377826333,0.9961126293024081,1.667855589628069,0.26930118392734115,0.14046144293664198,-0.1070892895893587,-0.27977169735374185,0.1001806108076615,-0.06356768404520041,0.3250552231969108,0.027506019579693675,-0.1038485161741809,0.20535349182784285,-0.19539183817364436,0.19539183817364436,-0.024295847767047074,0.9690553697332812,-0.3738768223742933,-0.350952620327604,-0.13931025441709988,0.14116156968538565,-0.16710572972673288,0.04809530216076352,0.10608481509893586,0.03337215334728327,0.011507780622275124,-0.13931025441709988,0.14046144293664198,-0.003126310054129222,0.011856616433476352,0.036612926762461084,-0.1267230788898901,-0.10932086067621927,0.036612926762461084,0.05719799813269326,0.6839983176638514,0.8739537378348441,0.9358334925601586,-0.4846830080564194,-0.4643507129022283,0.03155697322300445,-0.19539183817364436,0.19539183817364436,0.2276929005506385,892913937.5310928,0.9952322710620656,0.4126984126984127,0.1111111111111111,0.07936507936507936,0.05825958552721206,0.6167492978385639,0.0009943939946598368,0.06651593534878031,0.03875395395879866,0.8749569282176206,0.14198018737368212,0.1811360306117115,0.1870380422337492,0.03357055077785431,-0.22245486119664015,0.6401085345246349,0.9338773882135485,0.030972155283643527,0.03765184170962965,-0.11772559565939833,0.11772559565939833,0.20133546643829847,0.12698412698412698,0.6666666666666666,888656765.9120408,20.60522162996381,0.3968253968253968,0.12698412698412698,0.07936507936507936,0.057168031059457614,-0.0028169037832745936,0.013106396829142275,0.06600372783178643,0.03945589893611978,0.5,0.03492269847266009,-0.16710572972673288,0.3250552231969108,-0.016413582224237278,0.03945589893611978,0.0016614667747087974,0.597782886395068,0.029633268785886374,-0.11772559565939833,0.11772559565939833,0.12169527489017784,893161895.5619448,-0.052232872177817136,0.0520926575610299,-0.02300034867626921,0.05586948116035706,0.14593378743868035,0.1129554233569483,0.5485553183571672,2.0,7.0,2.0,1.0,1.0,63.0,126.0,0.9589446528396072,0.8631181814686584,2.0469287869736665,2.5531906085123732,2.5531906085123732,1.0,0.26598931430118883,0.3732041291486036,1,1,1,1,1,1
historical_mega100_examples,2023-12-31,SOUN,2.119999885559082,-0.35081525711187855,0.19774006124528865,1.1860005599390437,1.2505944745916484,-0.2318840967810123,-0.304918059441583,-0.5340659787496219,0.37533578097384024,0.4439372040615307,-0.55824177885614,0.6129680950838694,-0.48791212614658375,-0.6470214021065702,0.5887922949773513,-0.5906113356186047,-0.5498938708303831,0.5498938708303831,-0.0640373971734941,0.5105091735037404,-0.3085193166076651,-0.2706771260629698,-0.09012877468809122,0.23897815272491194,0.08154509160594658,0.027978412675763842,0.4780305131716216,-0.15873019777578168,-0.2609749837378316,-0.5340659787496219,-0.09012877468809122,-0.20238095012832025,0.057665855902649055,0.05472631622772939,-0.20895520352109842,-0.09120747121095096,0.05472631622772939,0.07681369945919019,0.9042596146419077,0.8343329237245777,0.7878878415219367,0.011721652967008112,0.0022662071802772576,0.04308361398261926,-0.5320088769601243,0.5320088769601243,0.3766233364111007,27645996.578431036,0.5717265937918178,0.5952380952380952,0.1349206349206349,0.1746031746031746,0.0825876931511583,0.8500018131908849,0.07253270252490263,0.14618643328035952,0.06042411075519927,0.7994607243972478,0.3459119874085004,0.2865269511301779,0.3333332333674741,0.06972110826477818,0.2571203380265925,0.712455155955671,1.058948850020232,0.03554146395568998,-0.024036269120967346,-0.0782609002125968,0.0782609002125968,0.3766233364111007,0.3333333333333333,0.6349206349206349,15805951.455766626,16.575897164756114,0.5238095238095238,0.12698412698412698,0.1111111111111111,0.0693833330781454,-0.020332767627839643,-0.04129264217371653,-0.01238763633359938,-0.009345896432088385,0.3333333333333333,-0.08018951620227398,-0.48791212614658375,0.3459119874085004,-0.06521537759244544,-0.009345896432088385,-0.013035430427313255,0.7544535680902428,0.03664684688967406,-0.0782609002125968,0.0782609002125968,0.07614205825909193,19191161.37782619,-0.014869951695753891,0.0623315485891628,-0.007490696485181081,0.05586948116035706,0.14593378743868035,0.1129554233569483,0.5485553183571672,1.0,4.0,1.0,0.0,1.0,63.0,126.0,0.64893943485178,-0.2169811055515094,2.5000002249232,1.778301973791049,2.5000002249232,0.9980952380952381,0.26598931430118883,0.3732041291486036,1,1,1,1,1,1
historical_mega100_examples,2024-01-31,MSTR,50.12099838256836,0.5660025589231954,0.9910617611799208,0.8017825865942535,0.8003551477313818,0.5263108737687008,0.4637286821403168,0.1446286755164603,0.38214723936656503,0.25723971854211625,-0.033091202090539173,0.21689331247700494,-0.1834977660045366,0.05354330147032771,0.039173434870005464,0.2332427070524714,-0.2684667761941063,0.2684667761941063,0.08613699695717703,1.343442563843705,0.5242118947026324,0.8043652576251297,0.40186839405857655,0.19485493497711917,-0.08181129896460193,0.0803937103116319,-0.24577627422881776,0.5267759148830253,0.35775766148602073,0.1446286755164603,0.5267759148830253,0.2897222445266565,0.07259925479712748,0.18380211038646577,0.17692909622246855,-0.007586551692153165,0.18380211038646577,0.27854547714477806,0.6200780180617778,1.2035005645725132,1.0641627352718876,-0.4070046782146921,-0.5294398823209117,0.029744191317144952,-0.2684667761941063,0.2684667761941063,0.6098994416228043,438226208.24172,1.491844390231385,0.42063492063492064,0.1111111111111111,0.07936507936507936,0.05155793637417366,1.1549827614513217,-0.21018524697090069,-0.005941802728989143,-0.08697903033417642,1.2374603395802302,0.267549597186969,0.22730686531923025,0.0058397860891170605,-0.10764228564407208,-0.1368892433211667,0.6598639197825924,1.1309365801697853,0.03238553336899723,-0.20397798302697978,-0.2684667761941063,0.2684667761941063,0.18380211038646577,0.31746031746031744,0.9841269841269841,653765310.4177808,20.29825899397588,0.5079365079365079,0.12698412698412698,0.09523809523809523,0.05305636703623982,-0.0977133956569991,-0.22125110373137302,-0.27667021545256565,-0.206469089397887,0.5,0.04373713059484476,-0.206469089397887,0.2897222445266565,-0.22466111394049781,-0.206469089397887,-0.04418099271585618,0.7462642448163546,0.03905408656013326,-0.2684667761941063,0.2684667761941063,0.11332986653093213,793521866.1697024,0.038609270925866745,0.06686819408158963,0.007736787928596334,0.01819202454261082,0.19138866207861893,0.0910853740461326,0.42505920225672544,1.0,4.0,1.0,0.0,1.0,63.0,126.0,0.934351145038168,1.0407414034594473,2.400889829673202,1.1249177348608361,2.400889829673202,0.9980952380952381,0.2524802357756834,0.33713914508846143,1,1,1,1,1,1
historical_mega100_examples,2024-01-31,SOUN,1.659999966621399,-0.5908883687561597,-0.16582916649943424,1.0784510657292714,1.1326071094014063,-0.37593988230906417,-0.6351648577945894,-0.2875536390657757,0.11342427314414139,-0.05371621046371655,-0.31759652985328146,0.3616216441761124,0.08154509160594658,-0.3786390131119083,0.33157875338860665,-0.35806104021431995,-0.6475583963531171,0.6475583963531171,-0.04482859166646247,0.6905407026824713,2.091135346756152,2.2272229337844354,-0.34126984952949224,0.08532920393543245,-0.20238095012832025,-0.15729625783646006,0.11946641490151011,-0.1741293659216343,-0.26765095150563406,-0.34126984952949224,-0.1741293659216343,-0.20895520352109842,0.02495997923172877,0.04402511432283096,0.3459119874085004,-0.14736354775578797,0.04402511432283096,0.058628941890728085,0.8030855266846637,0.8559666784970501,0.9350323506457693,0.23024785478180543,-0.036692684851123536,0.038765784181860635,-0.37121215884131464,0.37121215884131464,0.07792208294861269,20271918.08277028,0.8520468865991934,0.5476190476190477,0.1349206349206349,0.1349206349206349,0.07453803365359166,1.131402836891531,-0.19999996890192384,-0.09188231560483207,-0.18988825742011373,0.7806676283887501,-0.009345896432088385,0.22393246506773065,-0.2242991190433934,-0.1255819368267459,0.14667012448132777,0.7509109477855568,0.9154407095175762,0.037287838220489165,-0.14079927035938722,-0.27826086911452064,0.27826086911452064,0.07792208294861269,0.6666666666666666,0.9682539682539683,17272624.687818307,16.664633476077523,0.5079365079365079,0.14285714285714285,0.1111111111111111,0.06778243691202451,-0.1552879473651364,-0.1544943899863126,-0.31564815853230443,-0.2169811055515094,0.3333333333333333,-0.035034346103094915,-0.2169811055515094,0.3459119874085004,-0.23517313009412022,-0.2169811055515094,-0.11619860262022819,0.6874144508253257,0.03465907332090142,-0.2095237895204357,0.2095237895204357,0.0,14637687.320945945,-0.10221742754591179,0.06669535725870669,-0.080841654551016,0.01819202454261082,0.19138866207861893,0.0910853740461326,0.42505920225672544,1.0,4.0,1.0,0.0,1.0,63.0,126.0,0.6478053435114504,3.4698796539110095,2.5481927619995823,1.5542167809484018,3.4698796539110095,1.0,0.2524802357756834,0.33713914508846143,1,1,1,1,1,1
historical_mega100_examples,2024-02-29,ASTS,3.1700000762939453,-1.013531490953533,-0.5077639676819916,0.7820868779079474,0.8495147002724315,-0.41512914544799995,-0.26107223671752855,-0.19132652688850615,0.14903049398645352,0.02553708374961261,0.23724484955058123,-0.5836365735450373,-0.03061227592911464,-0.3573501394824702,-0.1550651971059499,-0.18756445030325944,-0.5458452625169583,0.5458452625169583,-0.035197378906190124,1.133027224411584,0.25024845955078523,-0.18282725977442438,-0.16578944313889354,0.07970032743157936,-0.12894737254879818,-0.21462723849376109,-0.46770776835219485,-0.04229603290205264,-0.13313733430981745,-0.19132652688850615,-0.04229603290205264,0.4652567941012793,-0.16210668334000167,-0.34639172399445606,0.2432990367790897,-0.4782697428255269,-0.34639172399445606,-0.311671225557977,1.0200575139860677,1.0963447625129052,1.0895474265201288,-0.45244036910219954,-0.39520413207842986,0.04585888601380044,-0.5015723255115296,0.5015723255115296,0.21689061538717813,10878086.282326683,1.3347116659923497,0.5317460317460317,0.15079365079365079,0.14285714285714285,0.07123666486608192,0.961716513628989,0.047169840320284706,-0.31661157392333494,-0.19945450156842304,0.6666924059203162,-0.524046470033158,0.3394053175422428,-0.4742951963521247,-0.20876562948632438,-0.27743598907410716,1.1114010392660403,1.0062386783974024,0.048836667675890934,-0.007985235797551171,-0.5015723255115296,0.5015723255115296,0.21689061538717813,0.6825396825396826,0.23809523809523808,14519108.664692773,16.49097624762228,0.5238095238095238,0.15873015873015872,0.12698412698412698,0.07374116185636752,0.011003053537110619,0.07292372752977316,0.09346905371291434,0.10452968735098844,0.5,0.02157989995338111,-0.524046470033158,0.4652567941012793,0.05169618108571972,0.10452968735098844,0.007708826886281939,1.1183347129205599,0.05069621661925715,-0.09943179162757931,0.09943179162757931,0.21689061538717813,10640450.594835054,-0.018575840812449007,0.0700090085474831,-0.002517304026984246,0.052833506265268726,0.13187801883107086,0.16602361259396403,0.5057675232715413,1.0,4.0,1.0,0.0,1.0,63.0,126.0,0.6477099236641222,-0.08517349351050196,-0.3028391214644105,1.610409911473755,1.610409911473755,1.0,0.20836006951920394,0.3025947882464209,1,1,1,1,1,1
historical_mega100_examples,2024-03-31,ASTS,2.900000095367432,-0.8218891243080769,-0.4291338309210503,0.9329557060803928,0.9154689547783574,-0.38297867807342345,-0.2602040717026831,-0.23684207059009532,-0.16521975365912933,0.11297504506144362,0.5868421803881265,-1.1059134914221933,-0.12894737254879818,-0.48092992567794113,-0.28222924044397146,-0.23254457043329735,-0.5766423159500778,0.5766423159500778,-0.013878924658702108,1.6011408003642313,0.5935875909490684,-0.23359800913248452,-0.1238670255286517,0.13991263574161716,0.4652567941012793,-0.2724535630216056,-0.4788575287358008,-0.40206182424922465,-0.2542569734559906,-0.40206182424922465,-0.1238670255286517,0.2432990367790897,-0.23347149157769886,-0.5190713110340668,-0.524046470033158,-0.604725533577372,-0.5190713110340668,-0.5040639504190892,1.018480328948513,0.4859593119205636,1.011087501792427,1.1124536301006889,0.9325285745460714,0.0462392247116252,-0.5440251518100281,0.5440251518100281,0.11324379045450739,11512068.984167349,1.2696183842694602,0.5476190476190477,0.14285714285714285,0.15079365079365079,0.07244221178202506,1.6138243748397456,-0.029171982591947643,-0.03609141239100855,-0.055405328095572304,0.5748448663732144,0.10452968735098844,0.3418057803085834,0.010453035193242144,-0.050706713747954546,0.2831941970513123,1.0297727314212812,0.48063032235990333,0.04364558423543666,-0.11032358610105952,-0.5307443081034773,0.5307443081034773,0.11324379045450739,0.9841269841269841,0.5555555555555556,14615934.423277114,16.497622958808893,0.4603174603174603,0.07936507936507936,0.14285714285714285,0.0720059728618968,-0.051667725616100224,-0.10373183583344336,-0.1720885229209948,-0.08517349351050196,0.5,0.012486363689816557,-0.524046470033158,0.4652567941012793,-0.09792322590673952,-0.08517349351050196,-0.024226071386277304,0.49493999986044857,0.027064835923557098,-0.09657318974939744,0.09657318974939744,0.050724675865189583,10489627.702331543,0.0045029812480279485,0.06283252490646062,0.023288683326567527,0.012749732396237556,0.08565422254330524,0.2440878550878458,0.39275529338702664,1.0,4.0,1.0,0.0,1.0,63.0,126.0,0.6459923664122138,-0.23793104638951257,1.8534480504842277,3.003448025820237,3.003448025820237,1.0,0.1672906454347164,0.20808669304893934,1,1,1,1,1,1
historical_mega100_examples,2024-04-30,ASTS,2.2100000381469727,-0.9089133682078597,-0.583804131457271,1.0234992053473557,1.1286091070088775,-0.4848484713756541,-0.4184210352950477,-0.3323262609209757,-0.301172916317492,-0.2120036191608673,-0.13293053318030368,-0.09703457961744122,0.4652567941012793,-0.5470913443930462,0.10236114812323083,-0.31525890060251427,-0.6773722527131165,0.6773722527131165,-0.12403989051622388,1.311781334164311,-0.5665950902443271,-0.6662630992033869,-0.544329880081843,0.15470500078961869,0.2432990367790897,-0.36464126973438105,0.17658308916195298,-0.6334991772384677,-0.5033851060804287,-0.6334991772384677,-0.3323262609209757,-0.524046470033158,-0.12442835900166815,-0.2299651127977449,0.10452968735098844,-0.24958626762111447,-0.2299651127977449,-0.23973371396830348,1.054137600194135,1.0522432228551994,0.9099877324664253,-0.6253073102202599,-0.7144583339740544,0.046030804298058864,-0.6525157245671672,0.6525157245671672,0.09950251175753522,11948825.178146172,0.7965735430839714,0.5079365079365079,0.1349206349206349,0.1349206349206349,0.07215684564618544,0.6045454238820268,0.15858523143361591,-0.22026165432529,-0.16957876331242971,0.42181170925781747,-0.08517349351050196,0.3535199460451756,-0.3028391214644105,-0.26053346331561134,-0.3917576152467829,0.9592522845082601,1.15632682212452,0.041576760370236186,-0.2351903957732454,-0.37215907666986137,0.37215907666986137,0.09950251175753522,0.8571428571428571,0.31746031746031744,9518118.007846862,16.068707804036052,0.4603174603174603,0.07936507936507936,0.14285714285714285,0.06455114099604649,-0.06520971182258073,-0.20940169706480916,-0.214505124934079,-0.23793104638951257,0.5,-0.005677581950302509,-0.524046470033158,0.4652567941012793,-0.1941932764244262,-0.23793104638951257,0.015508343850500372,1.1092091457611222,0.04283428322255232,-0.05150209849286713,0.05150209849286713,0.09950251175753522,6721282.309292612,0.01890272384704028,0.050258581666237284,-0.004504500150622537,-0.04373776996508638,0.01962115482336957,0.21476508347207046,0.3251092367505888,1.0,4.0,1.0,0.0,1.0,63.0,126.0,0.6452290076335878,2.7443436541605877,4.253393419129498,8.357466039917096,8.357466039917096,1.0,0.23973882213890635,0.29861158261747406,1,1,1,1,1,1
historical_mega100_examples,2024-05-31,ASTS,8.274999618530273,0.222917052435474,0.5267526756546657,1.9487960285977788,2.354948610012456,1.1109692493561485,1.4999999279702165,0.7061855219061453,1.1770897214718825,-0.3338804919543674,-0.34639172399445606,1.956801635468211,0.2432990367790897,0.5425787029013673,0.9042243895676096,0.40621500227148455,-0.08259432388300636,0.08259432388300636,-0.08011710347707324,2.248786134602399,7.214467408585056,20.44312714084856,0.37230502995177783,0.7937303678584027,-0.524046470033158,1.6074899164184195,0.4189780016285233,1.8832752433780278,0.9872552650786502,0.37230502995177783,1.8832752433780278,0.10452968735098844,0.16749365460344467,1.610409911473755,-0.08517349351050196,1.58237791540542,1.610409911473755,0.7347412676383988,1.7384525878100934,1.9900451842635092,1.2607795351510174,9.37807980717729,37.859097268376416,0.05732797099600144,-0.08259432388300636,0.08259432388300636,3.1169152526329533,28701468.984102823,1.4966771525461606,0.5,0.14285714285714285,0.14285714285714285,0.0828346127921351,3.2276202407765373,0.289564752786855,0.5143974428184355,1.6846833916290467,3.274227738047379,-0.23793104638951257,1.1916386382756194,1.8534480504842277,0.9427125218172336,1.2164438407092302,2.1918054455412928,1.578424402348139,0.06714390287003241,1.6986300915008035,-0.08259432388300636,0.08259432388300636,3.1169152526329533,0.031746031746031744,0.6666666666666666,42956832.87301896,17.575706306031325,0.49206349206349204,0.14285714285714285,0.15873015873015872,0.09206646046368606,1.3309858028183839,2.1885026316672445,0.7932547948935932,2.7443436541605877,0.5,0.3741702280595822,-0.524046470033158,2.7443436541605877,2.682825338408298,2.7443436541605877,0.9599714857704287,3.459599200441912,0.12692116182199134,-0.08259432388300636,0.08259432388300636,2.6941962425444967,111116310.76617354,0.4001691424506475,0.13793699400722062,0.15653385139997256,0.06151831575228983,0.02803199606833484,0.16360681900477791,0.30383562321919166,1.0,4.0,1.0,0.0,1.0,63.0,126.0,0.652908585251387,0.4030211712250573,1.4990938076742495,2.5093658313286005,2.5093658313286005,1.0,0.22371008978088916,0.25829412742618446,1,1,1,1,1,1
historical_mega100_examples,2024-06-30,ASTS,11.609999656677246,1.164338048389875,1.4702127931559459,1.7047403087599926,1.9114063079088326,2.055263105885143,1.3938144092719953,0.9253730104009805,1.7370873609724247,2.1199231985274714,-0.5190713110340668,3.522519336854304,-0.524046470033158,0.752033344354671,2.0780750154192567,0.5272350127983859,-0.011914922835979058,0.011914922835979058,0.4266306027211768,2.5443700138566614,2.5215493452410818,13.098339774033958,3.045296208928452,1.1297573593344103,0.10452968735098844,1.6199394528608009,0.5188293852674982,2.662460371373405,2.211043196900946,0.9253730104009805,3.045296208928452,-0.08517349351050196,1.099762618885404,3.003448025820237,-0.23793104638951257,2.922680649170987,3.003448025820237,1.3506051929131657,1.7551433192750463,0.570235511799997,1.2670073096589805,-0.09438928564516447,0.2705910051280822,0.05798115617716811,-0.011914922835979058,0.011914922835979058,4.776119259583389,43622509.39864734,1.6649451252400824,0.47619047619047616,0.14285714285714285,0.15079365079365079,0.08822621951891235,2.0873082155965235,0.0706794010470273,1.7153874375680584,0.9300461669436053,2.2478974827009943,2.7443436541605877,1.189913145513786,4.253393419129498,1.7712783840918238,0.3570809392915033,2.2237794150206094,0.450064895011125,0.07231672811889957,1.257806851114359,-0.011914922835979058,0.011914922835979058,4.776119259583389,0.12698412698412698,0.9682539682539683,72629084.37401757,18.10087602455273,0.49206349206349204,0.20634920634920634,0.15873015873015872,0.10444646617592791,0.36449107572894457,0.9939034612785658,0.40268088616535985,0.4030211712250573,0.5,0.4007905838005768,-0.524046470033158,2.7443436541605877,0.3383199988197618,0.4030211712250573,0.15865370451283844,1.0008450489491516,0.04566864663628579,-0.011914922835979058,0.011914922835979058,0.4030211712250573,120164955.80494745,0.05296569317934052,0.09392765844409748,0.044064745980262554,0.06470117240529549,0.08076737664925049,0.17333966604630957,0.3058747447660708,1.0,4.0,1.0,0.0,1.0,63.0,126.0,0.6628083491461101,0.7812231625073405,1.5012921424873258,1.2523686814659514,1.5012921424873258,1.0,0.25800769950893115,0.291961136667272,1,1,1,1,1,1
historical_mega100_examples,2024-07-31,OKLO,9.100000381469728,-0.35531127542304697,-0.11907062452281658,1.1478272207664684,1.3132531390498412,-0.11821699122397811,-0.13825757387611592,-0.18165463353220113,-0.021497702660874363,0.03691779968242881,0.23561150292470123,-0.5733116096890285,-0.043165426904336224,-0.31469213940198504,-0.15604547323212614,-0.14398929818436243,-0.5008227860682983,0.5008227860682983,-0.04158058768505002,3.1208991228070175,4.920137314592914,2.9209063113954095,-0.14473683384977232,0.029545011048420576,0.0733082432145491,-0.13968325548943616,-0.3568975788565475,-0.2031523361930755,-0.17651460119168297,-0.2031523361930755,-0.14473683384977232,0.20315233619307604,-0.16947467226966495,-0.33770010676432727,-0.2671033578914884,-0.44893392190232495,-0.33770010676432727,-0.2022933590149788,1.2615842692670978,0.6399987447434499,1.3232238102942275,3.2676845496568143,3.5851156795172967,0.042095632024770104,-0.5008227860682983,0.5008227860682983,0.2709498010336979,25145197.243036922,1.6491769122963402,0.42857142857142855,0.14285714285714285,0.1349206349206349,0.07850587622072325,3.3272823244610823,0.03455842733189862,-0.055223002430976775,0.027853748831109915,0.7266480892607099,-0.15888773349395235,0.1722190740492894,-0.09632565469222931,-0.07131910320413903,0.9267600289502715,1.6693583437868678,0.4836662851472888,0.06573888510093752,-0.02418554897905878,-0.5008227860682983,0.5008227860682983,0.2709498010336979,0.8888888888888888,0.746031746031746,41468878.74835408,17.540453818314266,0.6825396825396826,0.23809523809523808,0.23809523809523808,0.12254838702973336,0.05466490064925211,0.02259104517406607,0.09212167311243821,0.07438017645563999,0.5,-0.01971929373775198,-0.2671033578914884,0.20315233619307604,0.09116126264220958,0.07438017645563999,0.07267051945580905,0.807412348719025,0.037815885674521876,-0.015151449471463962,0.015151449471463962,0.22641513314038808,32088971.107837137,0.02987781992165872,0.08466248254678756,0.02569887870816978,-0.016781086186569594,0.11123381513799768,0.1330375058697839,0.2362406509002304,1.0,4.0,1.0,0.0,1.0,63.0,126.0,0.6466793168880456,-0.34395609451310327,-0.1109890314882288,1.4681316640610045,1.4681316640610045,1.0,0.2180186956131437,0.31773277832953095,1,1,1,1,1,1
historical_mega100_examples,2024-08-31,APP,92.87000274658205,0.8800714749327525,1.1487737187313107,0.9913503861859078,1.0388725270333006,1.4778549594678236,1.2579625658842168,0.5550904361734477,-0.23909209200180426,-0.21342616127012093,0.36436707453862094,-0.22457818253584194,0.1590756832855964,0.46703164379944684,-0.41530154417066867,1.036509840320934,0.0,-0.0,0.035881789032322864,1.2366878408464226,-0.31983372921615205,-0.22475403984561582,0.34166427490332674,0.13125959950458382,0.019503011417418392,0.16217957918089443,0.05727174512049338,0.3159983441716434,0.40425101841613925,0.3159983441716434,0.5550904361734477,0.15459832378190508,0.009564781253025512,0.139788892002779,0.021354906628406,0.08139888416719021,0.139788892002779,0.2550399250009682,0.5355380282753276,1.360635489208266,1.0234677804602426,0.6363441551483981,0.9710413643392433,0.024653043744251486,0.0,-0.0,0.5470598806443923,311588027.45963806,0.9680952609437568,0.30158730158730157,0.047619047619047616,0.03968253968253968,0.04577650483177857,0.8813820168519872,0.12316617529247531,-0.004155937898881024,0.13224204225304081,0.9547855796260357,-0.07354004634476652,0.10770011051732756,0.11595771910993724,0.021561471911739405,-0.2432985944803211,0.5481059171510041,1.3294365637933445,0.025263105345585096,0.14017961641491206,0.0,-0.0,0.38322912706044243,0.0,0.30158730158730157,301646892.75048876,19.524767665269394,0.30158730158730157,0.047619047619047616,0.047619047619047616,0.048563058756412515,0.14384367827342248,0.1868642187791929,0.2807018867995598,0.20453961847683066,0.8333333333333334,0.080921916207565,-0.07354004634476652,0.20453961847683066,0.19350093046933337,0.20453961847683066,0.11641720005223744,0.7286720470920305,0.032459868559957604,0.0,-0.0,0.38322912706044243,324321222.52982,0.03747398027935933,0.040578228495459674,0.02580247815176362,0.0110386880074973,0.058390007835588786,0.08805879237400083,0.2687022437985582,2.0,7.0,2.0,1.0,1.0,63.0,126.0,0.8092030360531309,0.40572842888779315,0.8239473929151209,2.6260362877225565,2.6260362877225565,0.9943181818181818,0.3263959461868003,0.5255017904806476,1,1,1,1,1,1
historical_mega100_examples,2024-08-31,IONQ,7.420000076293945,-0.837055946778782,-0.5683537029802238,0.8617932461465546,0.9120512435883642,-0.3932951468502546,-0.2775073275985349,-0.2837837526846255,0.151619999557996,0.026526520081449734,-0.2133204740718866,0.12374997389952314,-0.03571427585140985,-0.37184254505862635,0.19421325251226207,-0.41158323991337864,-0.6229674816446773,0.6229674816446773,-0.05476255994304646,0.7970880609529718,-0.052638474892724996,-0.1374941205406367,-0.2572572326031758,0.08097392496059802,-0.14414410544296985,-0.05603968322723363,0.07399904591565298,-0.13216375312662954,-0.22440157947147696,-0.2837837526846255,-0.13216375312662954,-0.04678369161184903,-0.03975323260800756,-0.08957050017236345,-0.13742324676622486,-0.14796050800795224,-0.08957050017236345,-0.12457448788902988,0.6894929753319167,1.135264332242804,1.0428120549547164,-0.31487184346425356,-0.37623911512732966,0.0351632359825647,-0.3192660242226284,0.3192660242226284,0.12937593339782616,43828905.16335888,0.7971416455078326,0.5317460317460317,0.1111111111111111,0.15079365079365079,0.05853368828091733,0.5243941870971446,-0.05652728368045634,-0.03309764088761735,-0.011009510604979456,0.804320735040881,0.1593171230861823,0.11144008810607565,0.05547650851296737,-0.10698593939368106,-0.5779289008230692,0.7190115864827176,1.0886567017026882,0.03695391814866857,-0.06879511519625836,-0.17829454089557306,0.17829454089557306,0.12937593339782616,0.5238095238095238,0.30158730158730157,34937845.58272664,17.36908122890843,0.5873015873015873,0.12698412698412698,0.1746031746031746,0.0594112518015982,-0.0013458894518236786,-0.07657313122732234,-0.11442954210835429,-0.08957050017236345,0.16666666666666666,-0.049053116126439124,-0.14414410544296985,0.1593171230861823,-0.10060918817986075,-0.08957050017236345,0.028270509135336797,0.7827567822262925,0.03863690395634357,-0.04504503288181905,0.04504503288181905,0.12937593339782616,30515640.503134046,0.009523806805204371,0.051925298401458986,0.015325655498394264,0.0110386880074973,0.058390007835588786,0.08805879237400083,0.2687022437985582,1.0,4.0,1.0,0.0,1.0,63.0,126.0,0.6402277039848198,0.17789753116599916,1.0256064121872894,3.9191374157277084,3.9191374157277084,1.0,0.3263959461868003,0.5255017904806476,1,1,1,1,1,1
historical_mega100_examples,2024-08-31,LEU,39.59999847412109,-0.43431540776768907,-0.16561316396913084,1.2788849773690638,1.3296489198382448,-0.20831671108122274,-0.2114695836009649,-0.029173876310291114,-0.04839429996231004,-0.017298561972994397,0.21671978313741125,-0.41881533780460467,0.018141648618787976,-0.11723266868429194,-0.1729216783569023,-0.04973065477833449,-0.34000002543131524,0.34000002543131524,-0.01402674991722419,1.5301701363204059,-0.4459078080903104,-0.5578873769510602,-0.04647243828328551,0.024522756221775376,0.03371060840427509,-0.07524389069154902,-0.16356277255214613,-0.07756817627260115,-0.05107149695539259,-0.07756817627260115,-0.029173876310291114,0.1560680343655083,-0.06664201369032907,-0.20209555466719342,-0.1386258496886329,-0.2604855625027822,-0.20209555466719342,-0.30094893740821266,0.5866376873646336,1.426849210475817,1.1447060723018196,0.002837684449489286,-0.09104206861399256,0.027656152987324805,-0.22307244407056714,0.22307244407056714,0.09999995761447456,10198129.068937756,1.0532514475856714,0.38095238095238093,0.07936507936507936,0.06349206349206349,0.04979056105850456,0.5691432252523083,-0.04702358677332508,-0.08222570401906426,-0.04309923043674713,0.7611845909760508,0.021988271969800577,0.10419794728456892,-0.07368424621938974,-0.11167775918399647,-0.511878453038674,0.6715277229673926,1.2464764929626457,0.0314134255427914,-0.08728932045926552,-0.18985274941099706,0.18985274941099706,0.09999995761447456,0.5238095238095238,0.2857142857142857,10741194.204524206,16.18959692619069,0.4126984126984127,0.06349206349206349,0.12698412698412698,0.05222180733873033,-0.00490013743263118,-0.07687209261592609,-0.11183899452883098,-0.09361410577128182,0.6666666666666666,-0.00038856535025712696,-0.1386258496886329,0.1560680343655083,-0.10465279377877912,-0.09361410577128182,0.024049624565766647,0.8370435210515866,0.03671191249709212,-0.06382980642169589,0.06382980642169589,0.09999995761447456,9337924.35569763,0.015618960197124832,0.0447330519613255,0.015280462408135076,0.0110386880074973,0.058390007835588786,0.08805879237400083,0.2687022437985582,1.0,3.0,1.0,0.0,1.0,63.0,126.0,0.6224857685009487,0.3851010249398368,1.6214646858240265,1.2979798865262389,1.6214646858240265,0.9867424242424242,0.3263959461868003,0.5255017904806476,1,1,1,1,1,1
historical_mega100_examples,2024-08-31,MSTR,132.4199981689453,2.4350430159706757,2.7037452597692337,0.9758322010702227,1.0233455022600892,1.6574351455556138,1.64200639337224,0.2946306616279426,-0.051285401701788746,-0.5177732726233375,0.49044826386589047,-0.6218299474743109,0.6664971974930498,0.20657186925394178,-0.426012345236363,0.2603622733823878,-0.31001064050801563,0.31001064050801563,-0.03747234101029129,0.8991644770935805,-0.6477836959465559,-0.6940584669674328,-0.2231426109953949,0.28528648992072114,-0.3751877181316916,-0.07740337301478717,-0.05872289882929682,0.24334525992615386,0.10494443685290052,-0.2231426109953949,0.2946306616279426,0.4314057583902531,-0.062189353774498635,-0.1313816836084204,-0.09643227265457022,-0.18977169144400918,-0.1313816836084204,-0.15616176587783331,1.131618101963742,0.7640866894924913,0.7434644819408998,0.03570480488452343,-0.1504916369826258,0.052794784001393674,-0.31001064050801563,0.31001064050801563,0.28779400049310944,2522668095.415036,0.7160353911668206,0.626984126984127,0.20634920634920634,0.16666666666666666,0.08335048641396443,0.3294745212844566,-0.16123639174812054,-0.039965626875330895,-0.0841666319027643,0.7896174261813406,0.17202426863922748,0.39459943940934733,-0.038679348427513305,-0.13053910487658194,-0.5266127401415571,0.8413178659314177,1.0277379862152323,0.03962009524166468,-0.1770304795207971,-0.26437013597444114,0.26437013597444114,0.06203633766537631,0.4603174603174603,0.2698412698412698,1806319636.4845638,21.314557262706515,0.5079365079365079,0.12698412698412698,0.12698412698412698,0.07127816655573566,-0.08591703915277094,-0.16259790157181653,-0.20791837209464237,-0.1797775205724853,0.5,0.10308828552729721,-0.3751877181316916,0.6664971974930498,-0.1908162085799826,-0.1797775205724853,-0.02067295879065123,0.864654329299252,0.04171547261834464,-0.1172588292914647,0.1172588292914647,0.06203633766537631,1462417045.7771664,-0.03922336741438859,0.06909831953311206,-0.03198922519490777,0.0110386880074973,0.058390007835588786,0.08805879237400083,0.2687022437985582,1.0,4.0,1.0,0.0,1.0,63.0,126.0,0.9869070208728653,0.27322163143674727,0.8463978506332537,1.926068619381474,1.926068619381474,0.9886363636363636,0.3263959461868003,0.5255017904806476,1,1,1,1,1,1
historical_mega100_examples,2024-08-31,OKLO,5.96999979019165,-0.6924474186988435,-0.4237451749002853,1.116207786748533,1.1984862374750183,-0.4231884473279707,-0.4631295097453595,-0.43890981225971604,-0.1265923791783985,-0.038323134298279604,-0.05357148779193821,-0.35357846542403737,0.0733082432145491,-0.5269686046337169,0.03175985904374046,-0.3392379355394656,-0.6725178310421782,0.6725178310421782,-0.0905843454863201,2.7582496996846086,0.05997626716392612,-0.3715930204219109,-0.47723294655799564,0.06491757938622095,0.20315233619307604,-0.37797599587628194,0.03233466540385321,-0.5655021914381145,-0.4938816500852754,-0.5655021914381145,-0.43890981225971604,-0.2671033578914884,-0.10045342503356458,-0.4071499532159756,-0.15888773349395235,-0.46553996105156437,-0.4071499532159756,-0.519237648088137,1.2938111168544564,0.4875674874494455,0.6060623936001979,-0.6579468495968315,-0.7755981153254085,0.04803160488336432,-0.6725178310421782,0.6725178310421782,0.0,27706450.88846305,0.9290078520533416,0.5158730158730159,0.15079365079365079,0.18253968253968253,0.08850286755969289,0.9609885296543528,0.08554362523444137,-0.10460869595879607,-0.25142945976438,0.43290664167743514,0.07438017645563999,0.2180814793581158,-0.29515943306034076,-0.16036513774355343,-0.3490373537291265,0.7841302623473572,0.804483981514088,0.04098746118164532,-0.2323552720887293,-0.41527916083385696,0.41527916083385696,0.0,0.8571428571428571,0.0,25739510.427912455,17.06353777890753,0.5873015873015873,0.12698412698412698,0.2222222222222222,0.08407065241890412,-0.22272374786441174,-0.2632528890867518,-0.545252157695906,-0.34395609451310327,0.5,-0.06985107167254649,-0.34395609451310327,0.20315233619307604,-0.35499478252060057,-0.34395609451310327,-0.16251668892425153,0.6308202354788882,0.03596479010741243,-0.27106225933258865,0.27106225933258865,0.0,15901059.956259955,-0.11894926032500408,0.0755563508293401,-0.08603798143818608,0.0110386880074973,0.058390007835588786,0.08805879237400083,0.2687022437985582,1.0,4.0,1.0,0.0,1.0,63.0,126.0,0.6488614800759014,0.35510895090470074,2.7621440324626274,2.9430488681427,2.9430488681427,0.9962121212121212,0.3263959461868003,0.5255017904806476,1,1,1,1,1,1
historical_mega100_examples,2024-08-31,QBTS,1.0099999904632568,-0.3980125717936789,-0.12931032799512066,0.9021988304149274,0.9411873320545656,0.23170731618672447,0.1952662204336284,-0.4540540662449235,0.19128033409009726,-0.05084788995618039,-0.2702702667871647,0.018418394658287318,0.10270266787164717,-0.5421128586189243,0.20220219411604612,-0.4885448089459308,-0.5702127525740583,0.5702127525740583,-0.15801148879372418,2.0298161360237685,0.17872054518404767,-0.11814243083732578,-0.5049019562011039,0.12767129082296946,-0.32843135765358733,-0.16057879411709763,0.18493034600161995,-0.26277373215482625,-0.4072432515336179,-0.5049019562011039,-0.26277373215482625,-0.014598526172921567,-0.1061714270436821,-0.2518518721288774,-0.15555558106536194,-0.31024187996446617,-0.2518518721288774,-0.3052582337963505,0.9294010660446409,0.8832894871414089,0.8877171907574181,0.0128665099591736,0.022995165399317452,0.044260472697260675,-0.5702127525740583,0.5702127525740583,0.26249996926635544,5640767.529583214,0.7700316705512746,0.5634920634920635,0.15873015873015872,0.1746031746031746,0.09663130504193998,0.42862876954579304,0.06974331483221208,-0.13032565904414506,-0.02304077601684007,0.7157005081620037,-0.1228070065365382,0.15157813614415683,-0.11403508496746784,-0.14111633103547383,-0.6811502012203038,0.8250453034360982,0.9950122587890504,0.041217335775969186,0.0017962404785283326,-0.24060153543352603,0.24060153543352603,0.26249996926635544,0.5396825396825397,0.25396825396825395,4343569.643996349,15.28420729685199,0.5873015873015873,0.15873015873015872,0.1746031746031746,0.08577726070508636,0.05350994354618899,0.010610076704524962,0.01218129211617499,0.009999990463256836,0.3333333333333333,-0.08478163551558417,-0.32843135765358733,0.10270266787164717,-0.0010386975442404633,0.009999990463256836,0.07338326219179048,0.8209301909752496,0.03866431133726992,-0.05607482153980292,0.05607482153980292,0.26249996926635544,2882645.473315886,0.0060762775334239905,0.07871288717179546,0.019584078957994855,0.0110386880074973,0.058390007835588786,0.08805879237400083,0.2687022437985582,1.0,4.0,1.0,0.0,1.0,63.0,126.0,0.644876660341556,-0.026732683434181337,0.04950490375089078,1.990099019249822,1.990099019249822,0.990530303030303,0.3263959461868003,0.5255017904806476,1,1,1,1,1,1
historical_mega100_examples,2024-08-31,RGTI,0.9160000085830688,-0.7598133366603456,-0.49111109286178734,1.2636148683712631,1.370699073278489,-0.1358490018583155,-0.26129032134017394,-0.5127659516455416,0.22839097434652988,0.11145877890816125,-0.4414893856492179,0.31387038582201465,-0.186170225919993,-0.6008247440195424,0.38514695181833836,-0.5417626946377766,-0.5855203652615721,0.5855203652615721,-0.13448922728844426,1.6358194802500965,-0.5805816898860141,-0.6341074351319768,-0.40130717273738037,0.11420641757266568,-0.1633986958659308,-0.133215981064279,0.24051193030634666,-0.28437497729901173,-0.39948270056064455,-0.5127659516455416,-0.28437497729901173,-0.17968751891749024,-0.06476793205307207,-0.12761899982720326,0.01904771528006588,-0.18600900766279205,-0.12761899982720326,-0.13888584502671025,0.9464770400781799,1.0306337589152457,0.9708391199961861,-0.12478172636745477,-0.22165051608909958,0.0469213811052154,-0.5855203652615721,0.5855203652615721,0.17737790739276882,6710800.228295581,0.7382021642016323,0.5952380952380952,0.18253968253968253,0.23809523809523808,0.09066863330924027,0.294884638013007,-0.02008925510655868,-0.1071474711266599,-0.053758099333114595,0.6594328672864641,-0.037383251496717174,0.08418567956488014,-0.14392526758863344,-0.18212944936269893,-0.7878300199451603,0.9188769366860952,1.0615906772682322,0.04807299724637119,-0.12749079657976337,-0.28437497729901173,0.28437497729901173,0.17737790739276882,0.5238095238095238,0.2698412698412698,4953927.252052606,15.415691406095036,0.6666666666666666,0.2222222222222222,0.23809523809523808,0.08311383076285545,-0.005500858141221365,-0.10951065610024191,-0.11346268326664348,-0.11067957861482502,0.16666666666666666,-0.10971192592248173,-0.186170225919993,0.01904771528006588,-0.12171826662232232,-0.11067957861482502,0.050639452519733785,0.9754711895427502,0.05398726011425553,-0.0517598456103987,0.0517598456103987,0.17737790739276882,2921830.6490523475,0.015521069253929376,0.06862133398205592,0.014846007378983783,0.0110386880074973,0.058390007835588786,0.08805879237400083,0.2687022437985582,1.0,4.0,1.0,0.0,1.0,63.0,126.0,0.648292220113852,-0.14519652288889917,0.4410480786937474,2.3296942398878704,2.3296942398878704,0.9924242424242424,0.3263959461868003,0.5255017904806476,1,1,1,1,1,1
historical_mega100_examples,2024-08-31,RKLB,6.269999980926514,-0.27504138202609485,-0.006339138227536623,1.3462536235923357,1.4481519982190048,0.4315068075578905,0.29278352664246565,0.36750271074382224,0.300050479902332,0.15804468031310304,-0.04689207214811342,0.48167471405300044,-0.10359866972313914,0.2794439183698214,0.06727993116106479,0.6201149551613473,-0.12795550333411299,0.12795550333411299,0.08641848839959554,1.3683356449208157,0.2641649752877926,0.8138019630470454,0.5255473910569253,0.15009666806310024,-0.0851581828908281,0.3116194385197497,-0.08628882359625212,0.6675531906461543,0.5202010974823006,0.36750271074382224,0.6675531906461543,0.1622340150646302,0.12445667715226794,0.434782641904887,0.098398241747498,0.37639263406929824,0.434782641904887,0.6061908213439847,0.5926364260126608,1.6702343770394552,1.210248350412468,0.599643186229341,0.9140769437489773,0.02690149305510092,-0.12795550333411299,0.12795550333411299,0.7762039749983334,45299504.52230431,1.3183036646302986,0.3253968253968254,0.07142857142857142,0.047619047619047616,0.05124213947107765,1.0078850714803347,-0.044039413005479644,0.11298531155494262,0.15412225516655842,1.9823202365093073,0.09166657560401847,0.1260272930265302,0.30624994412064765,0.12012679013367977,-0.13475385382165495,0.7172372569761633,1.3800757311259448,0.03256544201259081,0.2569417962938072,-0.12795550333411299,0.12795550333411299,0.4649531947586687,0.14285714285714285,0.9682539682539683,59718502.81769056,17.90515247703426,0.38095238095238093,0.12698412698412698,0.06349206349206349,0.05825173800305245,0.10280537838766679,0.20129868000984996,0.19858218521661034,0.19656493412184983,0.6666666666666666,0.06001781898733821,-0.10359866972313914,0.19656493412184983,0.18552624611435253,0.19656493412184983,0.05934530199506205,0.9898417318121456,0.046899076777967945,-0.12795550333411299,0.12795550333411299,0.36899565182807703,110885801.34690376,-0.05129369549850138,0.09166096549844678,-0.0031796472254066455,0.0110386880074973,0.058390007835588786,0.08805879237400083,0.2687022437985582,1.0,4.0,1.0,0.0,1.0,63.0,126.0,0.6271347248576851,0.5518340624936546,0.7065390497312258,3.3508773157307665,3.3508773157307665,0.9981060606060606,0.3263959461868003,0.5255017904806476,1,1,1,1,1,1
historical_mega100_examples,2024-09-30,ALAB,52.38999938964844,,,1.2287561708126413,1.286460158278845,,,-0.29384017164543175,0.10558480515138202,-0.08806169162440824,-0.18439147687961377,0.050198795386922845,0.14247202246922952,-0.39636662817172263,0.15964749015274082,-0.37312411458888767,-0.38868143226085583,0.38868143226085583,-0.10106576458120986,1.3612707048440933,-0.2146378839363049,-0.3200277322336661,-0.38190186326984,0.09695529753804398,-0.23855593099448646,-0.02735799977284592,0.15988271963082534,-0.18825536649404973,-0.28799913380310715,-0.38190186326984,-0.18825536649404973,-0.06244193580456836,-0.101680715842828,-0.13419268149269092,-0.27549163165342705,-0.15432567250182105,-0.13419268149269092,-0.16012532664831503,0.7875132165316845,1.0309098127257095,1.0641698525897296,-0.7268250289687138,-0.6676350183659435,0.03665268839954535,-0.38868143226085583,0.38868143226085583,0.44047294276160387,130330724.98368157,0.9692814243849946,0.4523809523809524,0.12698412698412698,0.1111111111111111,0.07071956761174825,0.7467611314658587,0.2247949679752197,0.027906317784291534,0.1858145771915607,0.6569714884711777,-0.01779194289648811,0.19751021411756225,0.1950273541811527,0.0990992052086288,-0.4314253557359916,0.8380478235489864,0.9687455533690609,0.039644977589474245,0.19444213608358796,-0.13404959686531503,0.13404959686531503,0.44047294276160387,0.9841269841269841,0.5873015873015873,126327150.75331189,18.654385542468873,0.5079365079365079,0.15873015873015872,0.12698412698412698,0.0699772481582333,0.17337015135024836,0.1930657039783903,0.2668879633064396,0.2166743548258354,0.3333333333333333,-0.039189177342317506,-0.27549163165342705,0.2166743548258354,0.19045832529443896,0.2166743548258354,0.14576270329546936,0.8118551025737,0.03823025442141138,-0.04310503397902399,0.04310503397902399,0.3775966624056002,167719738.1653922,0.037343570616029664,0.045560767057791454,-0.007501987529135445,0.026216029531396456,0.02013299100913013,0.10252645652629089,0.37163977447739627,1.0,4.0,1.0,0.0,1.0,63.0,126.0,0.7089184060721063,0.3391869532255054,0.9707959763863028,1.5281541991087049,1.5281541991087049,0.9848484848484849,0.26661263096383164,0.38712133713873503,1,1,1,1,1,1
historical_mega100_examples,2024-09-30,APP,130.5500030517578,1.895377393760876,2.2670171682382723,1.2799982027281769,1.4869285436626305,2.2760353337664,1.1860348356205335,0.8860156132547337,-0.2837819648359088,-0.03607932848339224,0.2022536803396171,0.36647981085000003,0.019503011417418392,0.7834891567284428,-0.3172821220651165,1.5393271500029615,-0.0012241118039235666,0.0012241118039235666,0.09930129294925694,0.7338701484270793,-0.6461985049987944,-0.44497974555865283,0.8499362847713414,0.1544832879666538,0.15459832378190508,0.4891807946864932,0.03591575945765768,0.6022336484188249,0.7793951821483001,0.6022336484188249,0.8860156132547337,0.021354906628406,0.14020925329164502,0.5687334911896171,-0.07354004634476652,0.548600500180487,0.5687334911896171,0.8906592899062705,0.5755862964237518,1.1331613719369011,1.1093964086318395,-0.16734328618823113,0.1704892141094907,0.02624580699844987,-0.0012241118039235666,0.0012241118039235666,0.9543412737661912,365858561.9278378,1.051366292610858,0.31746031746031744,0.07142857142857142,0.03968253968253968,0.04694089031990019,0.7064193568298254,-0.0012241118039235666,0.285829186111082,0.4012668022833863,1.3450757346479925,0.20453961847683066,0.1716089929147323,0.6932555854145368,0.35557297494081763,0.02217677110499805,0.6385533701102117,1.0214215253629402,0.028632164329285954,0.4282917233336099,-0.0012241118039235666,0.0012241118039235666,0.9444445075745094,0.047619047619047616,0.6190476190476191,384651359.87401086,19.767847925816973,0.3333333333333333,0.1111111111111111,0.06349206349206349,0.049180374549048146,0.25621252187109356,0.43604448106553817,0.6220613693024071,0.40572842888779315,0.8333333333333334,0.12203070714126446,-0.07354004634476652,0.40572842888779315,0.3795123993563967,0.40572842888779315,0.1747767382170713,0.6522321573236185,0.02944281583831352,-0.0012241118039235666,0.0012241118039235666,0.5436916580685245,613385402.8297061,0.02857638991347944,0.04477210956907298,0.010104915683162075,0.026216029531396456,0.02013299100913013,0.10252645652629089,0.37163977447739627,2.0,7.0,2.0,1.0,1.0,63.0,126.0,0.850853889943074,0.29751049735703283,1.5794714065727917,1.4805053925880038,1.5794714065727917,0.9867424242424242,0.26661263096383164,0.38712133713873503,1,1,1,1,1,1
historical_mega100_examples,2024-09-30,BE,10.5600004196167,-0.5752596660807328,-0.2036198916033365,1.0205770531945744,1.1232501452165866,-0.28648646732940586,0.20410488807539617,-0.06049816417690357,-0.29244297448220224,0.009285254117301966,0.08896797334191753,-0.22622282488739198,-0.009786446522881298,-0.16302462070319446,-0.07675668736857089,-0.08332928143797584,-0.3788235047284294,0.3788235047284294,-0.0029025875470480855,0.7085480953721409,-0.6255167810641455,-0.6769164196854577,-0.0512129100596016,0.17158527190186204,0.46630723513195615,-0.1669230225806665,-0.028900470557293167,-0.3529411386591058,-0.15488407096520365,-0.3529411386591058,-0.0512129100596016,-0.25,-0.08798361554534773,-0.13725485154547445,0.10620916789576906,-0.15738784255460458,-0.13725485154547445,-0.19729479570149025,0.726013270880464,0.8599750607803934,0.9582250403149589,0.5546319272125724,0.3784142748987076,0.03612322400815003,-0.3788235047284294,0.3788235047284294,0.1330472924243873,77529758.640751,0.8046147237447169,0.5634920634920635,0.10317460317460317,0.11904761904761904,0.06389150250520122,0.6364757440732348,-0.06509095052328673,-0.11566676795850261,-0.08089190885850339,0.6392188717762703,-0.12038405605858238,0.2520393240089401,-0.22008859310428663,-0.08517072580581764,0.02995625291114501,0.6956840957586278,0.8974666958168076,0.036174716333533016,-0.10165707279742375,-0.3089004840209306,0.3089004840209306,0.08307696611453319,0.8253968253968254,0.23809523809523808,62381585.330722444,17.948780698937977,0.5714285714285714,0.1111111111111111,0.1111111111111111,0.062076783668766324,-0.026638359121100685,-0.10810349765982874,-0.18154797632493272,-0.11335007935275065,0.3333333333333333,0.013165970182251815,-0.25,0.46630723513195615,-0.1395661088841471,-0.11335007935275065,0.011978958243189508,0.6243533067527992,0.030269858691880785,-0.11335007935275065,0.11335007935275065,0.08307696611453319,51916525.96073605,0.009270802644223641,0.055438316606984825,0.00782595442019307,0.026216029531396456,0.02013299100913013,0.10252645652629089,0.37163977447739627,1.0,3.0,1.0,0.0,1.0,63.0,126.0,0.6436432637571158,-0.09090909090909072,1.5994317871377337,1.1032195266975968,1.5994317871377337,0.9886363636363636,0.26661263096383164,0.38712133713873503,1,1,1,1,1,1
historical_mega100_examples,2024-09-30,IONQ,8.739999771118164,-0.7842742029787734,-0.4126344285013771,1.0060616607697797,1.0818422483444683,-0.2945924512561984,-0.15637065050624366,-0.1251251279918788,0.19751778813954735,0.14734730064038848,-0.29629625917183644,0.5395394327529696,-0.14414410544296985,-0.2276515845181697,0.3683683015730119,-0.16829005507853706,-0.45375001430511475,0.45375001430511475,-0.014332360675724631,0.9908693809903385,0.4843047993097087,0.845351809255509,0.022222172648509675,0.10266578580800534,-0.04678369161184903,0.12665159449006724,0.19639921867564292,0.07239266014766854,-0.010170098398566862,-0.1251251279918788,0.07239266014766854,-0.13742324676622486,0.005420417819686829,0.24324317358113312,0.1593171230861823,0.223110182572003,0.24324317358113312,0.2785448619821282,0.7435087470467926,1.3412677871713719,1.1745173239075382,5.899384551552451,7.126768029838468,0.036621527034903095,-0.09989704049619352,0.09989704049619352,0.33028912370759533,41279490.01316759,1.0430524926121754,0.5396825396825397,0.12698412698412698,0.15079365079365079,0.059243562757179895,2.5285566751214894,0.07839750039937954,0.018976274883959032,0.1605672327858194,1.3463855322228246,-0.08957050017236345,0.1454772402468164,0.07239266014766854,0.06709265002191711,1.211585636175558,0.8732639038832456,1.141973608962247,0.043830182947243654,0.11941111157831386,-0.09989704049619352,0.09989704049619352,0.33028912370759533,0.015873015873015872,0.6190476190476191,43056674.95199385,17.578027851193713,0.6666666666666666,0.1746031746031746,0.20634920634920634,0.0660961308997166,0.15435410115115422,0.15671230586032858,0.17838911235336707,0.17789753116599916,0.3333333333333333,-0.013451148290204292,-0.14414410544296985,0.17789753116599916,0.1516815016346027,0.17789753116599916,0.1377245114992054,0.9972443318940107,0.044845315349553196,-0.09989704049619352,0.09989704049619352,0.32024168009181775,59014645.836707525,0.06429611940434388,0.07671624593749227,0.03505444289913462,0.026216029531396456,0.02013299100913013,0.10252645652629089,0.37163977447739627,1.0,4.0,1.0,0.0,1.0,63.0,126.0,0.6426944971537002,0.7196796483494996,3.176201482363463,3.7791763789050723,3.7791763789050723,0.9962121212121212,0.26661263096383164,0.38712133713873503,1,1,1,1,1,1
historical_mega100_examples,2024-09-30,OKLO,8.09000015258789,-0.5899972764662911,-0.2183575019888948,1.2502036467122037,1.358255738396495,-0.23390153114392231,-0.23966166432834213,-0.29159368664266383,0.09497009158396585,-0.1196144438266481,-0.2583187206267059,0.21345448184738203,0.20315233619307604,-0.3941201431689547,0.24672944786333995,-0.21325469385874066,-0.5562259815835702,0.5562259815835702,-0.1416690757298018,2.659020360919661,0.3519633935658588,0.2913085850560151,-0.4112081304693119,0.10752786949190912,-0.2671033578914884,-0.02627491422849826,0.41092237714298474,-0.19662359505869798,-0.29980847072355793,-0.4112081304693119,-0.19662359505869798,-0.15888773349395235,-0.0855444767613518,-0.044864238779323884,0.07438017645563999,-0.06499722978845401,-0.044864238779323884,-0.04995973456973402,1.3673494419579562,0.8398109286744199,0.656750879884557,-0.07385491299897651,0.25502749723149987,0.0531618131941465,-0.5562259815835702,0.5562259815835702,0.44722717920546473,30926382.955025114,0.7786681436933381,0.5793650793650794,0.16666666666666666,0.1984126984126984,0.09859433403560132,0.797032632781425,0.29082032457664475,-0.12009782204044395,0.09999185967796986,0.6900881798193952,-0.34395609451310327,0.2773657572241348,-0.1109890314882288,-0.05166101657940969,-0.4270874554808073,0.8980079491155458,1.278735901841564,0.038959983825251676,0.12409812926118158,-0.12445883625721221,0.12445883625721221,0.44722717920546473,0.7619047619047619,0.30158730158730157,24081389.2067387,16.996949909576404,0.49206349206349204,0.09523809523809523,0.15873015873015872,0.0777112741071996,0.18349833347541722,0.24629521268491983,0.30924349978843446,0.35510895090470074,0.5,-0.022884287057521213,-0.34395609451310327,0.35510895090470074,0.3288929213733043,0.35510895090470074,0.17835555628528676,1.148315004673161,0.042806918652263604,-0.0848416274948185,0.0848416274948185,0.44722717920546473,23611701.837305795,0.03851092338431572,0.08042555294753226,-0.03804992676665775,0.026216029531396456,0.02013299100913013,0.10252645652629089,0.37163977447739627,1.0,4.0,1.0,0.0,1.0,63.0,126.0,0.6514231499051233,1.7762668307599454,1.909765200436639,1.6242273352053171,1.909765200436639,0.9924242424242424,0.26661263096383164,0.38712133713873503,1,1,1,1,1,1
historical_mega100_examples,2024-09-30,QBTS,0.9829999804496764,-0.35298691731168574,0.018652857165710524,0.878736093610744,0.9464616475132128,0.11704543838200476,-0.46864866606417654,-0.5181372554748622,0.24628537628173064,0.23565548688236793,-0.4411764671508279,0.30345716257600397,-0.32843135765358733,-0.6206637120011531,0.38041795090003827,-0.6807753230997091,-0.5817021190035443,0.5817021190035443,-0.10350632692696315,0.638086112310333,-0.8522163704191354,-0.8725690291125554,-0.2824817685924943,0.1392258295100938,-0.014598526172921567,-0.09516009049738372,0.16909771296537235,-0.2718518791931316,-0.3574903010868294,-0.5181372554748622,-0.2718518791931316,-0.15555558106536194,-0.07686073479663902,-0.13771930457482395,-0.1228070065365382,-0.15785229558395408,-0.13771930457482395,-0.16243524990395303,0.761098761799528,0.8981879459787548,1.1139700758304512,0.09677944709091646,0.06745958933471852,0.038031822903299164,-0.5085000097751617,0.5085000097751617,0.2287499572522944,4204667.837562163,0.8415527054202788,0.5396825396825397,0.1349206349206349,0.1349206349206349,0.08484018811125056,0.5190366088631985,-0.020300758753659,0.011991235873638706,0.027425872747502522,0.5938422392510594,0.009999990463256836,0.12673335938988262,-0.017000019550323597,0.01743998510894773,0.06687965358821346,0.8478412453962827,0.8062945006033188,0.041986152543831125,-0.032432993987460024,-0.260902294187185,0.260902294187185,0.2287499572522944,0.8571428571428571,0.5714285714285714,3538449.594094072,15.079199504013635,0.5873015873015873,0.19047619047619047,0.14285714285714285,0.08285965056118147,0.01284514893875377,-0.02553362832063588,-0.039105182565859924,-0.026732683434181337,0.16666666666666666,-0.1063541940665556,-0.32843135765358733,0.009999990463256836,-0.05294871296557779,-0.026732683434181337,0.030560345402372624,0.6836097335476916,0.03341644702525302,-0.04563106043263032,0.04563106043263032,0.16607353092049282,2008762.9708264552,0.020132817285109406,0.05667780317527225,0.006141230674246101,0.026216029531396456,0.02013299100913013,0.10252645652629089,0.37163977447739627,1.0,4.0,1.0,0.0,1.0,63.0,126.0,0.6401328273244782,0.07833160107962645,2.0722279155539813,7.545269364794562,7.545269364794562,0.9981060606060606,0.26661263096383164,0.38712133713873503,1,1,1,1,1,1
historical_mega100_examples,2024-09-30,RGTI,0.7829999923706055,-0.7829179946988943,-0.41127822022149807,1.1217188544417158,1.249164320731126,-0.2050761614222043,-0.5835106412996907,-0.48823528953443707,0.23394960184780356,0.09995404724695234,-0.30065354741140526,0.03242920534359661,-0.1633986958659308,-0.590761746060728,0.22001094746662841,-0.5784553403625597,-0.6457013670338528,0.6457013670338528,-0.08715319470234217,0.3733871044086602,-0.9126727644560307,-0.9360960547544125,-0.38828124228748473,0.11738685078163673,-0.17968751891749024,-0.19165015224875082,-0.12115797139368933,-0.2542856876866335,-0.3769340731695185,-0.48823528953443707,-0.2542856876866335,0.01904771528006588,-0.10106272915272285,-0.26822434206780865,-0.037383251496717174,-0.2883573330769388,-0.26822434206780865,-0.3038888515546961,0.8440328154433232,0.927923719385232,1.0457408872570921,0.04766783499595584,-0.1044498917879979,0.04328635970090445,-0.4407142816392742,0.4407142816392742,0.13808134560946406,4552536.546459321,0.932008398004874,0.5873015873015873,0.18253968253968253,0.21428571428571427,0.08479431650812905,0.3281583844025256,-0.103906264988473,-0.10412162683847614,-0.09954460573529689,0.6760446789880572,-0.11067957861482502,0.07819158626393208,-0.239805811534043,-0.09025146531592276,-0.014806551391917222,0.8826396252958023,0.887336175425935,0.04815703722840046,-0.12186181496778303,-0.38828124228748473,0.38828124228748473,0.13808134560946406,0.8412698412698413,0.23809523809523808,4243002.293524194,15.260781900409519,0.7301587301587301,0.2222222222222222,0.2222222222222222,0.08590089539764045,-0.05533661554069835,-0.15165461931357427,-0.1853892757959755,-0.14519652288889917,0.16666666666666666,-0.10288297541729942,-0.17968751891749024,0.01904771528006588,-0.17141255242029563,-0.14519652288889917,-0.011737988649426545,0.7831980693893575,0.04075062939392867,-0.14519652288889917,0.14519652288889917,0.13808134560946406,2434288.493905181,-0.009487672100589428,0.07224957892868669,0.01136656420857629,0.026216029531396456,0.02013299100913013,0.10252645652629089,0.37163977447739627,1.0,4.0,1.0,0.0,1.0,63.0,126.0,0.647248576850095,0.6858238382042179,2.895274561985786,18.4891447989428,18.4891447989428,1.0,0.26661263096383164,0.38712133713873503,1,1,1,1,1,1
historical_mega100_examples,2024-09-30,RKLB,9.729999542236328,0.8498212501824873,1.2214610246598836,1.3948791369046123,1.5103455638039376,0.7594935213526033,1.1221372870846706,1.3673964053904641,-0.14085182940782515,0.22036943687421306,0.16788322014735546,0.8591999372694985,-0.0851581828908281,1.2648699488641733,-0.3403132479736102,2.0384458627197963,-0.005112494079759333,0.005112494079759333,0.15437179785339028,1.3449909857842368,0.3551273777286912,1.746955883548297,1.5877658422646772,0.1820635098759899,0.1622340150646302,0.7722325150763962,0.0368036792841373,1.226544575982639,1.3939022745459269,1.226544575982639,1.5877658422646772,0.098398241747498,0.17119167182111394,1.027083157416854,0.09166657560401847,1.0069501664077238,1.027083157416854,1.3084311473149772,0.6708033950757052,1.2106788241265432,1.1701983503144628,1.49625580625789,2.873774788848554,0.03068518374961902,-0.005112494079759333,0.005112494079759333,1.7563738303390415,57816347.61844703,1.432296163597109,0.38095238095238093,0.1111111111111111,0.047619047619047616,0.0552411020111436,1.9493824344350028,0.12284300925435365,0.25042035912450644,0.5375376621523444,1.6168967576299782,0.19656493412184983,0.21115329843180972,0.8568702227557621,0.24748748335591975,0.8170466609372629,0.7849730263029311,1.0345928310368941,0.036778259801829756,0.2187405622986165,-0.005112494079759333,0.005112494079759333,1.1244540839125134,0.015873015873015872,0.5873015873015873,82810132.88709852,18.232061001807253,0.4444444444444444,0.19047619047619047,0.047619047619047616,0.06342853190848406,0.3772765318415181,0.3817672395215814,0.6794919343185961,0.5518340624936546,0.8333333333333334,0.16925660769013717,-0.0851581828908281,0.5518340624936546,0.5256180329622582,0.5518340624936546,0.33424746575678177,0.8121274655703478,0.038855981181094554,-0.005112494079759333,0.005112494079759333,0.6746987328852596,107842209.29530235,0.2027193699402583,0.05953603091232316,0.09547396809419251,0.026216029531396456,0.02013299100913013,0.10252645652629089,0.37163977447739627,1.0,4.0,1.0,0.0,1.0,63.0,126.0,0.6496204933586338,0.09969170736526722,1.8037000996996464,1.6176773393249824,1.8037000996996464,0.990530303030303,0.26661263096383164,0.38712133713873503,1,1,1,1,1,1
historical_mega100_examples,2024-09-30,SOUN,4.659999847412109,0.9467681208072654,1.3184078952846616,1.5964321683089815,1.714406652247753,1.1981132542293436,-0.3719676820084844,-0.20882853089220765,0.1316007430520646,0.30788515800687943,-0.32937179334087585,0.5091185759123692,-0.28013584597107,-0.31135498741849854,0.388575313463701,-0.24139601228815724,-0.47699215182752264,0.47699215182752264,0.019465599863816463,0.4678579288898012,-0.6302732870876024,-0.5638161000108647,0.09905662711467178,0.15448204914527447,0.19103784512778121,-0.027566232692346482,0.04118123117340233,-0.07722778784014306,-0.06233323053922631,-0.20882853089220765,0.09905662711467178,-0.21782180227820513,0.018031680807036654,0.17974678257149335,0.28860761801070667,0.15961379156236322,0.17974678257149335,0.18910009971727096,0.8650869122184446,0.5144887364233206,1.098777166396945,0.35722117120990626,0.29338458556812275,0.03883443196712301,-0.24838709826275918,0.24838709826275918,0.312676030987431,115929572.1750757,1.0118500353372426,0.5079365079365079,0.15079365079365079,0.15079365079365079,0.07491403694624946,0.6528005046000812,-0.03709677841115089,-0.010913303607870795,-0.03575569492340447,0.586190073880984,-0.03929278587557794,0.22255045505969165,-0.08447942873973346,-0.027715270181067453,-0.1112604876400698,0.9505377460944652,0.4682375573114669,0.03910988012818349,-0.027389032832955462,-0.24838709826275918,0.24838709826275918,0.1857505771640504,0.873015873015873,0.9682539682539683,117303341.70198175,18.580273810250763,0.4444444444444444,0.1746031746031746,0.15873015873015872,0.07530477628523356,-0.035928583400351655,-0.021483591737708974,-0.10567771440131316,-0.04703477001090095,0.3333333333333333,-0.01743995683287769,-0.28013584597107,0.28860761801070667,-0.0732507995422974,-0.04703477001090095,-0.019669746003836752,0.44507747236361966,0.01959797684614203,-0.0698603523912098,0.0698603523912098,0.07126435622433092,58254226.93807057,-0.04213775163880307,0.04460453621547637,-0.03479704366491121,0.026216029531396456,0.02013299100913013,0.10252645652629089,0.37163977447739627,1.0,4.0,1.0,0.0,1.0,63.0,126.0,0.6991461100569261,0.07939922199819738,0.9978542327178246,3.25751090176663,3.25751090176663,0.9943181818181818,0.26661263096383164,0.38712133713873503,1,1,1,1,1,1
historical_mega100_examples,2024-10-31,BE,9.600000381469728,-0.4653816627020819,-0.0769230063850328,0.9941905093449179,1.0352406085846186,-0.1519434063360371,-0.14590742197900308,-0.13746628187236498,-0.07821994680533895,-0.2742983896359129,0.2165318798411502,-0.5075215099359561,0.46630723513195615,-0.28045160076918696,-0.15352334822244096,-0.18964413771302752,-0.43529409520766305,0.43529409520766305,-0.07421402729875792,0.6882501020765751,-0.05146473324672063,-0.32747865965113543,-0.4117646715082779,0.14130624094376712,-0.25,-0.1802648394252213,0.004865035735862833,-0.21568622867770393,-0.25497239401944893,-0.4117646715082779,-0.13746628187236498,0.10620916789576906,-0.07409239115308319,-0.29098963009480594,-0.12038405605858238,-0.31956282803594427,-0.29098963009480594,-0.45736245616048493,0.7248643882701037,0.731092661384974,0.8777285744728045,0.20417121119416892,0.09470110108560825,0.036670265484570634,-0.43529409520766305,0.43529409520766305,0.06194694933404743,75765130.40487653,0.6828364202644592,0.5793650793650794,0.1111111111111111,0.11904761904761904,0.06316745652072468,0.8042118104803726,0.11023610574814802,-0.047754635780735355,-0.0841616814509597,0.6640149415324804,-0.11335007935275065,0.25566661699862553,-0.19395461759340948,-0.026608819159029684,0.26870147705933456,0.6362341862024196,0.8329370635154434,0.03199471762322514,-0.07461552797086313,-0.1986643782727826,0.1986643782727826,0.06194694933404743,0.8571428571428571,0.09523809523809523,51735190.42653583,17.76164879315034,0.47619047619047616,0.12698412698412698,0.07936507936507936,0.05556719715125741,-0.06396251643335382,-0.059304294853550155,-0.17154502455088816,-0.09090909090909072,0.3333333333333333,-0.00035447054878308865,-0.25,0.46630723513195615,-0.08226279809278614,-0.09090909090909072,-0.0491754160055321,0.5299430347635812,0.02539924502825547,-0.11357336573419097,0.11357336573419097,0.06194694933404743,48233420.43922061,-0.01518255780148825,0.05234374678471974,-0.030107068006111626,-0.00864629281630458,0.02857319794113833,0.14298531889682198,0.3884586563170491,1.0,3.0,1.0,0.0,1.0,63.0,126.0,0.6415559772296016,1.8593749658515066,1.3135414793673559,1.4562498944501114,1.8593749658515066,0.9943181818181818,0.25560514764942915,0.37108879949012763,1,1,1,1,1,1
historical_mega100_examples,2024-10-31,IONQ,15.029999732971191,0.17066989116084352,0.5591285474778926,1.1278189134213925,1.2229913643661012,0.4634857899747382,0.5045045122447394,0.7578946663952506,0.38008531716166805,0.08627716630007654,-0.04678369161184903,0.8909555243071762,-0.04678369161184903,0.6149093474984286,0.08627716630007654,0.9213427875633575,-0.1560920727868249,0.1560920727868249,0.12133291970864768,1.4574343903871383,4.331619841758658,8.832423134810835,0.8441718326953271,0.19926189937674343,-0.13742324676622486,0.7291961125593356,-0.03432481557170819,1.1379799835569187,0.9133488275491656,0.7578946663952506,1.1379799835569187,0.1593171230861823,0.30450560059719955,0.8441718326953271,-0.08957050017236345,0.8155986347541888,0.8441718326953271,0.8864238605404162,0.8225979262285513,1.1830817337162824,1.1577153963080846,0.1279166499619131,0.9396553079740484,0.04001180316304201,-0.1560920727868249,0.1560920727868249,1.2876711324606416,77289860.83240774,1.5151827739329509,0.5634920634920635,0.1746031746031746,0.15079365079365079,0.0662660035600158,2.0438707216738257,-0.056195032290631386,0.5045867459430218,0.5259192742182375,2.2952081031066687,0.17789753116599916,0.3168131963198597,1.0256064121872894,0.661996933764623,0.48876492442700115,0.9523342841658958,1.0219106850345865,0.04599913754857777,0.8785012991072707,-0.1560920727868249,0.1560920727868249,1.2876711324606416,0.047619047619047616,0.9841269841269841,117108265.73293929,18.578609421575255,0.5714285714285714,0.25396825396825395,0.15873015873015872,0.07660182199002108,0.30291556952118626,0.9008659680082258,0.7394977588500586,0.7196796483494996,0.5,0.13051947734187394,-0.13742324676622486,0.7196796483494996,0.7283259411658042,0.7196796483494996,0.15172411746905667,0.9732005807138931,0.04884297996967649,-0.1560920727868249,0.1560920727868249,0.6571113824345589,254070238.5911124,-0.04224814916961328,0.10528942629151146,-0.09902889747552779,-0.00864629281630458,0.02857319794113833,0.14298531889682198,0.3884586563170491,1.0,4.0,1.0,0.0,1.0,63.0,126.0,0.6994307400379507,1.4284764237174428,1.779108529598517,1.6274120013347635,1.779108529598517,0.9924242424242424,0.25560514764942915,0.37108879949012763,1,1,1,1,1,1
historical_mega100_examples,2024-10-31,QBTS,1.059999942779541,0.07968530293384757,0.4681439592508967,1.0482894659811273,1.0910548105917228,0.2544377596328862,-0.4803921751955852,-0.22627741672252244,0.1561019396004062,0.011462545655314127,-0.27007299524128703,0.33007293802082804,-0.014598526172921567,-0.3692627356193444,0.28627735950206346,-0.27780874347993967,-0.5489361762568769,0.5489361762568769,-0.046481641640032434,0.9680986186821714,2.2903624891748113,2.4877840502492483,-0.2148148710672083,0.08700551685641603,-0.15555558106536194,0.03117850224056018,0.18637783320915513,-0.07017547712211625,-0.170422588303949,-0.22627741672252244,-0.07017547712211625,-0.1228070065365382,0.05381834836584276,0.059999942779541016,0.009999990463256836,0.03142674483840269,0.059999942779541016,0.07160540012998381,0.814507901688349,1.2145485727764518,1.028749787375943,1.9619125399064519,2.1939238914151473,0.039476934785550546,-0.2535211444965225,0.2535211444965225,0.324999908730389,4529623.324630989,0.903595191185936,0.5634920634920635,0.15079365079365079,0.1349206349206349,0.08653333922585135,1.334794355547005,0.13693527713060205,0.055402705771271155,0.056892677993780616,1.5021660365115554,-0.026732683434181337,0.08662710986780332,0.04950490375089078,0.11415070076675815,0.8232117422136238,0.8379248306779146,1.1806063900867771,0.039774029635789104,0.2071503788157243,-0.12396701705658297,0.12396701705658297,0.324999908730389,0.12698412698412698,0.9365079365079365,4092945.8540202132,15.22477577078731,0.5555555555555556,0.1746031746031746,0.14285714285714285,0.08414619342704469,0.03620184216750255,0.15297039274044777,0.07918206319449426,0.07833160107962645,0.3333333333333333,-0.03856036761101996,-0.15555558106536194,0.07833160107962645,0.08697789389593102,0.07833160107962645,-0.0008954769925818562,0.9892594095107267,0.045794497594186405,-0.12396701705658297,0.12396701705658297,0.18701000543717172,7528069.803324767,-0.07665510364250838,0.1303908588448189,-0.04847400764471843,-0.00864629281630458,0.02857319794113833,0.14298531889682198,0.3884586563170491,1.0,4.0,1.0,0.0,1.0,63.0,126.0,0.6408918406072106,1.8490567395762718,6.924528369788136,4.603773941387713,6.924528369788136,0.9981060606060606,0.25560514764942915,0.37108879949012763,1,1,1,1,1,1
historical_mega100_examples,2024-10-31,RGTI,1.3200000524520874,-0.14317552074369067,0.24528313557335846,1.0977420454748656,1.1108379993622168,0.0645161631452178,-0.13725485154547445,0.03125006402842834,0.20239478433123526,0.22589290015951002,-0.19531250436557468,0.4768659889457948,-0.17968751891749024,-0.11173525486839364,0.2503034205517918,0.033093836161120785,-0.4027149187025024,0.4027149187025024,-0.012634187381628026,0.550548133708779,1.5931379489357687,2.323244974455839,0.25714296418793836,0.12419300336870875,0.01904771528006588,0.3947591418219232,0.14428575716051129,0.2336448483596636,0.17401262552534344,0.03125006402842834,0.25714296418793836,-0.037383251496717174,0.06591944400464511,0.2815534845802201,-0.11067957861482502,0.2529802866390818,0.2815534845802201,0.2733109785988757,0.9442865395321398,1.3322924984202535,1.0909379018436993,1.8280405579288694,3.767578187964844,0.04577669443340853,-0.11999996503194177,0.11999996503194177,0.9186046622439674,4910918.177335745,0.8874466534984039,0.5952380952380952,0.19047619047619047,0.18253968253968253,0.08753435596930692,0.8657230639951682,0.26828127725554296,0.16894274591885594,0.4458465272329557,1.9149958060152181,-0.14519652288889917,0.32519822288829275,0.4410480786937474,0.34745492933694133,0.7739776151528195,1.0301579761764401,1.221235870683988,0.049645712305990956,0.6670961267570403,-0.11999996503194177,0.11999996503194177,0.9186046622439674,0.047619047619047616,0.6031746031746031,4358177.902081088,15.287564845062446,0.6507936507936508,0.23809523809523808,0.12698412698412698,0.09051254284189181,0.37280736693072014,0.7772633913301243,0.5451414372928237,0.6858238382042179,0.3333333333333333,0.038654113594392026,-0.17968751891749024,0.6858238382042179,0.6944701310205225,0.6858238382042179,0.248167976534454,1.25806587297789,0.05613271101833091,-0.11999996503194177,0.11999996503194177,0.7647058917276883,7966085.728957255,0.02009276232968804,0.13365798876829213,-0.044862491999952736,-0.00864629281630458,0.02857319794113833,0.14298531889682198,0.3884586563170491,1.0,4.0,1.0,0.0,1.0,63.0,126.0,0.6484819734345351,1.3106059326668027,10.560605774624191,8.977272388609984,10.560605774624191,1.0,0.25560514764942915,0.37108879949012763,1,1,1,1,1,1
historical_mega100_examples,2024-10-31,RKLB,10.699999809265137,1.1410921146091413,1.5295507709261904,1.4140911938024114,1.4082334996112686,1.206185571064616,1.603406195054236,1.845744637341562,-0.6165780989904448,-0.39723203105433846,0.3936169639384923,0.6483678216795159,0.1622340150646302,1.70275931844474,-0.8037598517235538,2.6238199414086227,-0.06713168612359,0.06713168612359,0.22925099194684884,1.496945147648947,1.5599427529554766,4.227364153588163,1.4485126062872236,0.3125365408420954,0.098398241747498,0.5554699226474877,0.016784404205043346,1.2291665383511172,1.507807927326634,1.2291665383511172,1.845744637341562,0.09166657560401847,0.32252052843361145,1.0419847856180082,0.19656493412184983,1.01341158767687,1.0419847856180082,1.2588898949758354,0.7034570506201185,0.896785933143625,1.17661950471343,-0.35891141365986345,-0.2950001979152296,0.0328340471329571,-0.06713168612359,0.06713168612359,1.6952140383260565,76211296.97595003,1.5487176608753388,0.4126984126984127,0.1349206349206349,0.03968253968253968,0.059217356802234486,1.1492659484579637,-0.06201919204383066,0.37140619854828927,0.24618572201264133,1.4673871999951034,0.5518340624936546,0.17739563310826012,0.7065390497312258,0.3781744423546751,-0.05800238069472996,0.8277012864878142,0.7621715682522536,0.03904386851635553,0.296317975423517,-0.06713168612359,0.06713168612359,1.3362445387568669,0.031746031746031744,0.9523809523809523,118029781.58486912,18.58644754537076,0.4603174603174603,0.20634920634920634,0.047619047619047616,0.06968618818486946,0.07844782703792141,0.17882907280903093,0.1580274964239552,0.09969170736526722,1.0,0.20006492273281973,0.09166657560401847,0.5518340624936546,0.1083380001815718,0.09969170736526722,0.018950555751186426,0.6308503875668252,0.028198959028262433,-0.06713168612359,0.06713168612359,0.15675673613677144,126015581.27996808,-0.03516683912922092,0.06344461108492226,-0.03725034331502719,-0.00864629281630458,0.02857319794113833,0.14298531889682198,0.3884586563170491,1.0,4.0,1.0,0.0,1.0,63.0,126.0,0.6915559772296016,1.549532819900028,1.3803738100350245,1.7149532481211947,1.7149532481211947,0.990530303030303,0.25560514764942915,0.37108879949012763,1,1,1,1,1,1
historical_mega100_examples,2024-10-31,SOUN,5.03000020980835,1.7750634218052204,2.1635220781222695,1.2494891416511256,1.3042061611636295,2.03012066924671,-0.14601013177787803,0.18632086823953964,0.087096891023007,-0.19028126035263448,0.20047179890426414,-0.21225960656258724,0.19103784512778121,0.04333554934271766,-0.19810867589786274,0.21722353307677938,-0.4354657355836765,0.4354657355836765,0.005783603441844365,0.505842848448871,0.31119423542545643,0.29573812997555904,-0.003960392113094846,0.14185172148399006,-0.21782180227820513,0.04419676347314638,0.0009276826856121634,0.27341775926254663,0.15192607846299713,-0.003960392113094846,0.27341775926254663,0.28860761801070667,0.02576656999738436,-0.011787807658323102,-0.03929278587557794,-0.04036100559946143,-0.011787807658323102,-0.014673500230420158,0.8577379513189441,1.0526261576938098,0.9365795944097332,1.1487427236367957,1.319351224167845,0.03634775358760841,-0.18870961862101454,0.18870961862101454,0.2930591450285467,114252314.47694643,0.847554291083903,0.42857142857142855,0.15079365079365079,0.12698412698412698,0.07008245622084282,1.328100447903664,0.07028257275080196,0.051591429719527904,0.01731256042775886,1.2586022774460282,-0.04703477001090095,0.18246532681014938,0.028629927841566705,0.08781869573585244,0.6590292045788084,0.8033398625561321,1.12390464620064,0.0325450088759201,0.12259267096646265,-0.1781045255119572,0.1781045255119572,0.1919432369402827,0.047619047619047616,0.9841269841269841,96835039.40120348,18.388519474360834,0.36507936507936506,0.14285714285714285,0.1111111111111111,0.06319068372791917,-0.0049455544092738,0.17554992042326045,0.08794020278500168,0.07939922199819738,0.5,0.04248255449533354,-0.21782180227820513,0.28860761801070667,0.08804551481450196,0.07939922199819738,-0.02970674804466744,0.9028774040050204,0.03787220511004276,-0.1781045255119572,0.1781045255119572,0.08639310701523217,116074877.03413737,-0.07212687580357968,0.08788696210661529,-0.09499816180047405,-0.00864629281630458,0.02857319794113833,0.14298531889682198,0.3884586563170491,1.0,4.0,1.0,0.0,1.0,63.0,126.0,0.6722011385199241,0.8508946384261531,2.944333861835728,1.81312107918767,2.944333861835728,0.9962121212121212,0.25560514764942915,0.37108879949012763,1,1,1,1,1,1
historical_mega100_examples,2024-11-30,QBTS,3.0199999809265137,2.362977253354222,2.682926838132755,1.502339401560194,1.5383228772524682,0.6324324010844824,1.2043795404490605,1.2370369834010337,0.7829629975254799,0.4120858401274923,-0.2518518721288774,2.2419508913786994,-0.15555558106536194,1.102676507662783,0.7530620358487883,1.009303868116411,0.0,-0.0,0.13347258084694302,2.0138339143731594,12.376287610439315,38.99642446517814,1.649122823528526,0.39166219735193525,-0.1228070065365382,1.588408703762478,0.24060153543352603,2.0199999809265137,1.6353865959520244,1.2370369834010337,2.0199999809265137,0.009999990463256836,0.342145663224964,1.990099019249822,-0.026732683434181337,1.9183197438029365,1.990099019249822,1.3209298826672875,1.2256338477228113,1.8418838447717316,1.2292328970278767,3.1175991377149446,10.731273574180207,0.051068138259706665,0.0,-0.0,2.77499991990626,13053429.02454223,1.6672468486380212,0.6111111111111112,0.20634920634920634,0.15873015873015872,0.09885064719004084,2.9582157151411193,0.12396701705658297,0.572754921265711,1.2430850382292542,3.066629523178635,0.07833160107962645,0.7773257956261078,2.0722279155539813,0.7377010365566943,1.2643999807012345,1.5065894453317348,1.4984010346820071,0.060918940743444144,0.9624782000953509,0.0,-0.0,2.5824436532825366,0.0,0.9206349206349206,21763288.40508811,16.8957351360406,0.6349206349206349,0.25396825396825395,0.14285714285714285,0.11192403367499534,0.8832234909811982,1.5274336761180645,0.8190817568697796,1.8490567395762718,0.5,0.27204884334717894,-0.15555558106536194,1.8490567395762718,1.7955485258191246,1.8490567395762718,0.6489666442441531,2.2574751837260627,0.10381652064488184,0.0,-0.0,2.023022964971264,56108217.01735457,0.34281900739466487,0.14569537000815613,0.057422946973137545,0.053508213757147205,0.07177927544688556,0.13436047573825083,0.31994958477853275,1.0,4.0,1.0,0.0,1.0,63.0,126.0,0.6470588235294117,1.781456844894819,0.966887448588033,0.8145695541998854,1.781456844894819,0.9981060606060606,0.13795667362576086,0.19303091860235233,1,1,1,1,1,1
historical_mega100_examples,2024-11-30,RGTI,3.049999952316284,1.557409016127188,1.8773586009057208,2.5781281512795586,3.5617107257113236,0.6223404042830882,1.3828125160071072,1.9047619912629803,0.05640309323789028,-0.05429488583930331,-0.12761899982720326,2.4573132397150736,0.01904771528006588,1.7704015155247295,0.4249322486248901,1.354661345689654,0.0,-0.0,0.1407949149226264,2.716457829799591,62.0788891884605,209.0334139893422,1.850467105423677,0.05535233528178059,-0.037383251496717174,1.8336770417848363,0.28437497729901173,1.9611650845008706,1.9054647270625094,1.850467105423677,1.9611650845008706,-0.11067957861482502,0.36370867905974213,2.3296942398878704,-0.14519652288889917,2.257914964440985,2.3296942398878704,1.3313873836409167,1.4060798274961273,1.8769562157334725,1.2444702274424606,20.2899574127325,48.19270190408329,0.058968151308735985,0.0,-0.0,3.433139315023099,20359508.444600303,1.7566774627426491,0.6587301587301587,0.24603174603174602,0.1984126984126984,0.10043566263605633,4.659337011880042,0.11999996503194177,0.6163861527598709,1.4709961294202536,2.947112662289217,0.6858238382042179,0.5880128151261685,2.895274561985786,0.5972593333229643,1.8206640073366,1.7498244827263612,1.5082371392611365,0.06986330537110079,0.5106196690565801,0.0,-0.0,3.433139315023099,0.0,0.9206349206349206,35765089.637148,17.39248285376293,0.6507936507936508,0.2698412698412698,0.15873015873015872,0.11775749450925722,0.9973804454827973,0.7879234108941029,0.49660148061806675,1.3106059326668027,0.5,0.28703635552510753,-0.14519652288889917,1.3106059326668027,1.2570977189096555,1.3106059326668027,0.8557955289770782,2.639150272036305,0.11511776603856257,0.0,-0.0,1.7232142315455241,97195851.89173505,0.6061084522298998,0.13747072546441902,0.25617789372348576,0.053508213757147205,0.07177927544688556,0.13436047573825083,0.31994958477853275,1.0,4.0,1.0,0.0,1.0,63.0,126.0,0.6524667931688806,4.003278841789102,3.3180328794078022,1.773770547675626,4.003278841789102,1.0,0.13795667362576086,0.19303091860235233,1,1,1,1,1,1
historical_mega100_examples,2025-02-28,QBTS,5.480000019073486,1.7977203444032923,1.9621621342973175,1.4155735921370276,1.6015195715386312,3.05925920169867,4.480000019073486,4.425742644373663,-0.2559310265505692,0.14902859475356767,1.990099019249822,-1.1755294650499366,-0.026732683434181337,4.355541476885859,-3.6111730901737777,2.2904675837823705,-0.46327130278169326,0.46327130278169326,0.3312906586137454,2.6957859537371465,0.3903358850655181,1.5228611671514405,4.574771239127231,0.20481801161528787,0.07833160107962645,0.2625040998688424,-0.46327130278169326,4.169811617823094,4.39010850044133,4.169811617823094,4.574771239127231,1.8490567395762718,0.23372097224536192,0.8145695541998854,1.781456844894819,0.8160419730040502,0.8145695541998854,0.3539537290348279,1.9322441739451297,0.5857945359860204,1.1910217020108076,-0.3895672603400603,-0.4368398328694837,0.08106576236932968,-0.46327130278169326,0.46327130278169326,5.500593182883102,275337308.9842276,1.9348622609344386,0.6904761904761905,0.29365079365079366,0.21428571428571427,0.14214048375035887,1.3397869163885876,-0.0450538723240258,-0.15357209387269577,-0.1852512556027781,0.9193275430438552,-0.29285710393165876,0.9862244356719867,-0.347619015721776,-0.09384490111520105,-0.14903798683616487,2.3013447447525954,0.4918420336061221,0.10252963536109938,0.08103477045588536,-0.46327130278169326,0.46327130278169326,1.029629600849335,0.5714285714285714,0.9841269841269841,532739768.1808267,20.09354362496851,0.746031746031746,0.3333333333333333,0.30158730158730157,0.17609386925399037,-0.08949932953885464,0.018991702802942934,-0.06841701080176077,-0.07744108311713105,0.5,0.551969052511291,-0.29285710393165876,1.8490567395762718,-0.05040635268564708,-0.07744108311713105,-0.10413600889363273,1.1318980792878786,0.05739636919350028,-0.25845735885248844,0.25845735885248844,0.028142607413610188,394480482.5158755,-0.13153723157411656,0.13727842159840611,-0.07150117500529796,-0.027034730431483966,-0.0014724188041648212,0.07020116748780358,0.16444178989402514,1.0,4.0,1.0,0.0,1.0,63.0,126.0,0.8972485768500948,0.38686129163873884,0.2609488728761713,1.979926983005193,1.979926983005193,1.0,0.1734977761159226,0.2465263223074672,1,1,1,1,1,1
historical_mega100_examples,2025-03-31,LEU,62.209999084472656,0.43539556282739933,0.4979533087654451,1.279989453383957,1.4013839647470365,0.45520465694672874,0.5709596333728999,0.13418415342024326,-0.4505577898546097,-0.5349162548793605,0.21440296195776543,-0.2804591319857105,0.8926162342114305,0.17043608220767004,-0.20024032344818832,0.1142926875441068,-0.4759497972853597,0.4759497972853597,-0.016859840698419726,1.4233683370995613,0.7017878840479084,0.5893742942277429,-0.4007321014591172,0.28759174546399496,-0.12339849590462981,-0.23595401867631305,-0.08409369715493631,-0.31637363643436645,-0.19430719482441347,-0.4007321014591172,0.13418415342024326,-0.268021971314818,0.016558509495050222,-0.06605617002794506,0.23555025217891878,0.015337169752672075,-0.06605617002794506,-0.0633361299661588,1.174039707207516,0.5503462464745178,0.8883397198461276,0.32665764546684706,-0.09036296862878768,0.05100379592216592,-0.4759497972853597,0.4759497972853597,0.13418415342024326,85367404.15037851,0.8010534462695107,0.6031746031746031,0.2222222222222222,0.15873015873015872,0.08692330574960928,1.26007326007326,-0.24024938499213055,-0.12837169487402944,-0.2792845069170662,0.6164462399238047,0.10243013356723951,0.44781754987144057,-0.24410696503438423,-0.24095755997460977,0.2207695181172955,1.0429461045889543,0.6195222775469785,0.043946055085520165,-0.2736132583671329,-0.4759497972853597,0.4759497972853597,0.0,0.5079365079365079,0.0,68383853.29374284,18.040647306391893,0.5873015873015873,0.15873015873015872,0.15873015873015872,0.07616308685065526,-0.23826356318053932,-0.24321447695548448,-0.4864966622945271,-0.3143392837787373,0.5,0.08747281149323395,-0.3143392837787373,0.8926162342114305,-0.2384774263579732,-0.3143392837787373,-0.1677647733051566,0.6461283460736983,0.03618277316046453,-0.29943697132292835,0.29943697132292835,0.0,46030779.91460165,-0.13056239690942129,0.07311640877331854,-0.08857830363649033,-0.07586185742076412,-0.08139333978061714,-0.03625192878742678,0.06255774593804575,1.0,3.0,1.0,0.0,1.0,63.0,126.0,0.6462897475705826,0.11380810055054025,1.0401864657899345,1.944542603626274,1.944542603626274,1.0,0.34972771164168226,0.5302121920211558,1,1,1,1,1,1
historical_mega100_examples,2025-03-31,OKLO,21.6299991607666,0.8314877020709215,0.8940454480089672,1.4096893709208305,1.564965192122088,1.5537188286717951,2.6231155646443045,1.67367104484509,-1.7548096039137464,-1.7106256288851163,1.6242273352053171,-1.6053860904029096,1.7762668307599454,1.7099229736325168,-1.6548298000426824,1.0354874746704736,-0.6102000629572832,0.6102000629572832,0.07966544008691145,1.8095292851508953,-0.35521830612101324,-0.3430698163825283,-0.03695458404002616,1.0006288865704949,0.04808556879244619,-0.25227638372289385,-0.4095223509512774,-0.08113855906865641,0.5185259672454691,-0.08113855906865641,1.67367104484509,-0.09813089564356403,0.041756989514578846,0.018841244802407564,0.9599623884856874,0.1002345845830247,0.018841244802407564,0.012422761864074405,1.616312206362233,0.8125358199188359,0.9383528544527663,-0.24778034768335444,-0.5127130654166658,0.07702351969896018,-0.6102000629572832,0.6102000629572832,1.67367104484509,489488644.85006636,1.2545756832449435,0.753968253968254,0.30952380952380953,0.29365079365079366,0.12718278943218703,0.6757470785433658,-0.21193007520569906,-0.268356188623603,-0.3901235751126272,0.7186469673290743,-0.19754869262506536,0.8355764200569027,-0.48017306312210006,-0.4080409825006678,-0.3993720870658276,1.51667117252685,0.8659171398723937,0.07714998054310483,-0.33656998293103346,-0.6102000629572832,0.6102000629572832,0.018841244802407564,0.5555555555555556,0.9523809523809523,614100551.0534135,20.235669238262606,0.7936507936507936,0.31746031746031744,0.3492063492063492,0.11976536797701545,-0.2828091060076391,-0.2631641923367999,-0.2681780019695571,-0.3522012711544903,0.5,0.35607232143582657,-0.3522012711544903,1.7762668307599454,-0.27633941373372617,-0.3522012711544903,-0.186107798685352,1.3133115638413597,0.06969967495839992,-0.30045281023947645,0.30045281023947645,0.0,349341015.30184066,-0.17772289589426482,0.12591638808596506,-0.12173139239982445,-0.07586185742076412,-0.08139333978061714,-0.03625192878742678,0.06255774593804575,1.0,4.0,1.0,0.0,1.0,63.0,126.0,0.9089933370708987,0.09754973149415425,1.4373556757380217,1.5885346209362692,1.5885346209362692,0.998109640831758,0.34972771164168226,0.5302121920211558,1,1,1,1,1,1
historical_mega100_examples,2025-04-30,LEU,69.29000091552734,0.48734460998340223,0.6140228377117787,1.19492666151667,1.2670755285299333,0.5859465116386691,0.2632634975955237,-0.3325305602052654,0.37276476348733667,0.09395914169457686,-0.20720542349203896,0.049125208986474656,-0.12339849590462981,-0.3182634555462268,0.17445034569970108,-0.30646883498997135,-0.4163086391212809,0.4163086391212809,-0.045392017993369005,1.1845206684256817,-0.5639947818524425,-0.6329185802627537,-0.23857141851068853,0.1938704309364887,-0.268021971314818,-0.10853395400846533,-0.16770098796620747,0.04023420328207128,-0.17695592514462755,-0.3325305602052654,0.04023420328207128,0.23555025217891878,-0.14581368473514222,-0.1580802145055643,0.10243013356723951,-0.06979415769085962,-0.1580802145055643,-0.1570319513392053,1.085038745346315,0.8365924739010965,0.9277783685000656,-0.6931864545083639,-0.6582685876727841,0.047997383686725896,-0.4163086391212809,0.4163086391212809,0.2730112167377394,76891531.90567985,0.7990439498428381,0.5714285714285714,0.1984126984126984,0.18253968253968253,0.0853417988939887,0.43760153238125254,0.05964115816407878,-0.18754642450735182,-0.060229905299825304,0.6701484728496532,-0.3143392837787373,0.22541076046110434,-0.23630554004347237,-0.14165790993241012,-0.5533115533115534,1.0066754769167623,0.9017158648068193,0.04325942173918483,-0.054575681729194025,-0.4163086391212809,0.4163086391212809,0.2730112167377394,0.8412698412698413,0.2698412698412698,61439713.363381036,17.93356699775937,0.6190476190476191,0.12698412698412698,0.20634920634920634,0.08069619313534408,0.044279007941540494,0.02241561636556999,0.125375874485674,0.11380810055054025,0.5,-0.042328544116914425,-0.3143392837787373,0.23555025217891878,0.09983983510989547,0.11380810055054025,0.07993112278024195,0.9077352482478156,0.0443830710056494,-0.0235343600689355,0.0235343600689355,0.2730112167377394,38494367.559778124,0.024287853116286007,0.06277963048739552,-0.007107430502880319,0.013968265440644778,-0.0882860568147047,-0.014267104659038576,0.12667822772837645,1.0,3.0,1.0,0.0,1.0,63.0,126.0,0.6397470315105515,0.8317216985416946,1.6436713848380404,2.10867356112583,2.10867356112583,0.998109640831758,0.4406246238269758,0.6291793545875377,1,1,1,1,1,1
historical_mega100_examples,2025-04-30,OKLO,23.739999771118164,0.6011238222411046,0.7278020499694811,1.2859799178090014,1.4051484713089064,1.608791074279488,1.934486937373423,0.05699023770354539,0.06123869696450668,-0.048494109929017704,0.8526269949457808,-1.2820910799520129,0.04808556879244619,0.07125734236258396,-0.4864543227097776,0.039720839442061645,-0.5721751837623281,0.5721751837623281,0.0002938351288623853,1.0356293802391094,-0.7521574260483844,-0.8585969102961044,0.008496127774527684,0.05498961358361208,-0.09813089564356403,-0.17957721475804733,-0.5650170058059264,0.11822893466805207,0.06123843338204171,0.008496127774527684,0.11822893466805207,0.9599623884856874,-0.2510728512088469,-0.42946408500623223,-0.19754869262506536,-0.34117802819152754,-0.42946408500623223,-0.3406314761691581,1.4347692169666644,0.7535141450094033,0.8787392473317511,-0.3394068637175164,-0.27496618064627887,0.06891683792097121,-0.5721751837623281,0.5721751837623281,0.31888887617323136,473170043.7391811,1.035858028163991,0.7142857142857143,0.2698412698412698,0.2857142857142857,0.11907888299162203,0.48968443032762776,0.03802487919495512,-0.21470412796534788,-0.10622854644783064,0.49358781471257274,-0.3522012711544903,0.46284757838337315,-0.2890086790933565,-0.1515653281367748,-0.3371957631588549,1.2607880218120526,0.8574945836292304,0.06451402151685952,-0.12731419832066604,-0.5721751837623281,0.5721751837623281,0.1989899336300449,0.8888888888888888,0.2698412698412698,490136988.49393755,20.010195480392216,0.7301587301587301,0.23809523809523808,0.3492063492063492,0.1092692063011834,0.002364460533715862,-0.01957121860774269,0.09023034516503053,0.09754973149415425,0.5,0.07628613822486136,-0.3522012711544903,0.9599623884856874,0.08358146605350947,0.09754973149415425,0.05286499555275537,1.081118899808447,0.050792142498837185,-0.03062474508001012,0.03062474508001012,0.1989899336300449,234916125.88886982,0.034152283775390035,0.0754783932393041,-0.016814384944442318,0.013968265440644778,-0.0882860568147047,-0.014267104659038576,0.12667822772837645,1.0,4.0,1.0,0.0,1.0,63.0,126.0,0.8762251308147893,1.2207245884156128,1.3584668162711462,2.2262003823213687,2.2262003823213687,1.0,0.4406246238269758,0.6291793545875377,1,1,1,1,1,1
historical_mega100_examples,2025-04-30,QBTS,6.909999847412109,3.9171172637763085,4.043795491504685,1.4006046083422554,1.4630283181706527,5.909999847412109,6.029501510519978,5.518868132476166,-5.696249065664692,-4.230788698352404,4.603773941387713,-4.4404743149823975,1.8490567395762718,5.533135237135205,-5.355568506070851,2.6215659783710326,-0.38193205198633795,0.38193205198633795,0.18254649549693602,1.4038970421532562,-0.728784317079592,-0.6844948973834271,1.288079434123762,2.9578821397624853,1.781456844894819,0.02593794927024362,0.03628537847132951,-0.1773809331885262,2.2098555444704675,-0.1773809331885262,5.518868132476166,-0.29285710393165876,0.0639078509173725,0.16329962640531503,-0.07744108311713105,0.25158568322001973,0.16329962640531503,0.1088373993950639,2.105179948934734,0.46310084111225064,0.7127181362800376,-0.39545185092509016,-0.45033846443674885,0.09070013686469065,-0.38193205198633795,0.38193205198633795,5.916916675034587,434838349.2301414,1.042322789110923,0.7063492063492064,0.30952380952380953,0.2698412698412698,0.15590961429070935,0.4914918195695819,-0.06171735584846305,0.034873418497781916,-0.023349184156571612,0.5233215661603647,0.38686129163873884,0.9730778996613807,0.2609488728761713,-0.09793275651530631,-0.38836124796065163,1.5003999297388684,0.6497671625551161,0.06292313263751326,-0.21518409030050467,-0.38193205198633795,0.38193205198633795,0.49244053490622997,0.49206349206349204,0.5714285714285714,453241920.9819506,19.931936585006767,0.6349206349206349,0.23809523809523808,0.23809523809523808,0.11885246380494902,-0.06609003190383655,-0.10250683907444358,-0.09312595624944385,-0.09078948235247619,0.5,0.5927145344514272,-0.29285710393165876,1.8490567395762718,-0.10475774779312097,-0.09078948235247619,0.002248151134715437,0.9749106050443201,0.04119683090302401,-0.08233736322990359,0.08233736322990359,0.11093248882556606,219230795.97658885,0.006701611429636545,0.08403969213491741,-0.04452435335026106,0.013968265440644778,-0.0882860568147047,-0.014267104659038576,0.12667822772837645,1.0,4.0,1.0,0.0,1.0,63.0,126.0,0.8642022094761659,1.3632417198709295,1.1186686927070828,1.4876991191968711,1.4876991191968711,0.996219281663516,0.4406246238269758,0.6291793545875377,1,1,1,1,1,1
historical_mega100_examples,2025-05-31,BE,18.46999931335449,-0.027060361605251604,0.13174017516753556,1.0014783981394744,0.9968552626272986,0.5507976112499937,0.9239581853565295,-0.3271402987248351,0.11043119665167322,0.15874768615003954,-0.12495447030393758,-0.10610302505990321,-0.19089258771684192,-0.3486855319705813,0.09608280336099428,-0.4185048996635585,-0.38040927057190077,0.38040927057190077,-0.05557409215139786,1.101793321375026,-0.7214081651460695,-0.7857788967362355,-0.16839261257479554,0.08137399278368747,0.06168396648837238,-0.14136956317901772,-0.07889074690537845,-0.21670910207316185,-0.2374140044575975,-0.3271402987248351,-0.16839261257479554,0.018659903964429958,-0.10756866956569766,-0.2310574953638408,-0.1815154257810323,-0.25410908901370777,-0.2310574953638408,-0.3233778246043403,0.7816880972906826,0.7882278890706321,0.914063415607464,-0.6448619091355704,-0.6419541264367377,0.03687625279811316,-0.38040927057190077,0.38040927057190077,0.13174017516753556,143989164.1117217,0.8842478972260092,0.49206349206349204,0.1349206349206349,0.1349206349206349,0.07002599530835121,0.4832137719243009,0.03555841556600636,-0.06281566613333778,-0.023908209478125775,0.6110804960231151,-0.06815870615402253,0.10733014224858962,-0.060529020513408804,0.029962656625018402,-0.48726106465324504,0.7145124921492209,0.862333920832829,0.035774374057376906,0.06713624185398492,-0.27312084123307967,0.27312084123307967,0.13174017516753556,0.7777777777777778,0.2857142857142857,127322115.58912066,18.662230784408386,0.5079365079365079,0.1111111111111111,0.12698412698412698,0.06832745628342768,0.012239645081233652,0.024909129232536298,0.013288605125882168,0.008187752239572799,0.5,-0.05867251615992027,-0.19089258771684192,0.06168396648837238,-0.08359512224449173,0.008187752239572799,-0.0003518372508704015,0.6161483588390736,0.029309774134150167,-0.08790126847632151,0.08790126847632151,0.13174017516753556,103878871.90290178,-0.032477771070584804,0.055727435931325,-0.036716411852818154,0.09178287448406452,0.023051593649866975,0.021545233245746198,0.15880053677278716,1.0,3.0,1.0,0.0,1.0,63.0,126.0,0.6571022727272728,0.2950731437763998,1.0243638754558098,1.8662696586258893,1.8662696586258893,0.998109640831758,0.32864295036877317,0.43432796001503154,1,1,1,1,1,1
historical_mega100_examples,2025-05-31,ECHO,17.729999542236328,-0.23536309730875216,-0.076562560535965,0.5537753126975302,0.5630425706897405,-0.04368939230270674,-0.2924980079775277,-0.2989324278216767,-0.06006975438928375,0.0731682285895302,0.23487538203535596,-0.6671520454321076,-0.09450380428929417,-0.3204776610674229,-0.1333442355750749,-0.5041441794728747,-0.43227666339675164,0.43227666339675164,-0.010374071444965605,1.7161731275875047,1.412403946710317,0.36957801786122624,-0.22576419923214652,0.06672621320937938,0.20786027546612384,-0.29624985903705914,-0.4293530828328308,-0.3590021822109605,-0.2945662697549279,-0.3590021822109605,-0.22576419923214652,0.1290672347982038,-0.10612576500846138,-0.43227666339675164,-0.18091577654008795,-0.4553282570466186,-0.43227666339675164,-0.5655541629689649,0.5929502709606522,1.6659854642062104,1.2890486704159736,7.648084759576202,5.8207536454982325,0.02357533086277583,-0.43227666339675164,0.43227666339675164,0.0,55658101.34219821,1.228081031575621,0.2222222222222222,0.031746031746031744,0.07142857142857142,0.047633760770887754,3.051299746951921,-0.14917376396456583,-0.07017023700644942,-0.22450445605437563,1.35437239878641,-0.12118844373399795,0.17240725130062598,-0.3068803911212995,-0.024147468731739674,1.2339995508645853,0.76434175840462,1.2924147105078663,0.03080525222839606,-0.06138604780425172,-0.4293530828328308,0.4293530828328308,0.0,0.9841269841269841,0.0,68352658.51186723,18.04019103057282,0.30158730158730157,0.047619047619047616,0.14285714285714285,0.05842114887105186,-0.19316184559062133,-0.13353404660368995,-0.21389854572849204,-0.21129893668705413,0.3333333333333333,-0.045163241831017754,-0.21129893668705413,0.20786027546612384,-0.30308181117111865,-0.21129893668705413,-0.1890408701634474,0.9878465324175805,0.03968989350181522,-0.2688659982582957,0.2688659982582957,0.0,72987347.87790208,-0.1455010091187886,0.10103939514901189,-0.0940214883436048,0.09178287448406452,0.023051593649866975,0.021545233245746198,0.15880053677278716,1.0,3.0,1.0,1.0,0.0,63.0,126.0,0.5581439393939394,0.5623238284328564,0.8381275236331582,2.4850537231166574,2.4850537231166574,1.0,0.32864295036877317,0.43432796001503154,1,1,1,1,1,1
historical_mega100_examples,2025-06-30,BE,23.920000076293945,0.7963651762370689,0.9542484087896985,1.067213571514533,1.1275631238376915,1.2651514323672894,-0.12859747134912292,0.0769923936204382,-0.0811556067579885,-0.06257338795088874,-0.11481311761256618,0.3314967525029595,0.06168396648837238,-0.004875020579939937,0.13969124126995514,0.09728932703674088,-0.19758468618483882,0.19758468618483882,-0.024826719925555296,1.3388233496969149,0.6865118066022402,1.0519513151423778,0.014419005669549456,0.042518545451180535,0.018659903964429958,0.13720642842828612,0.3404897618373507,-0.004163213137550303,0.029082728717479116,-0.004163213137550303,0.0769923936204382,-0.1815154257810323,0.03092566967455035,0.21668363489039333,-0.06815870615402253,0.038957126852660284,0.21668363489039333,0.30295181437970814,0.7913755389772853,0.8541964119729635,0.9037949953834706,2.432261750819475,3.4450300158972684,0.03736294211714642,-0.19758468618483882,0.19758468618483882,0.46568630659227384,133035846.08857442,0.8487238355999879,0.5,0.14285714285714285,0.12698412698412698,0.06614257787255176,1.4007715721088547,0.27312084123307967,0.14291463412022054,0.21866721210022266,0.775958298987164,0.008187752239572799,0.15867715215439848,0.3056768818097657,0.17976459843042214,0.42062484441125214,0.7152412515965672,0.945121865396629,0.034778118624786226,0.16015605157621482,0.0,-0.0,0.46568630659227384,0.0,0.6031746031746031,112910693.56458452,18.542107750626442,0.49206349206349204,0.12698412698412698,0.1111111111111111,0.05966867391298612,0.1483437323512451,0.17970137735784197,0.43650509635148166,0.2950731437763998,0.6666666666666666,0.022321772422286685,-0.1815154257810323,0.2950731437763998,0.23121478671995987,0.2950731437763998,0.10230414129244769,0.6759901459175672,0.031979658620367404,0.0,-0.0,0.30853387187062586,104972540.09791782,0.07245337061100732,0.04703176672962263,0.05859443128825581,0.06385835705643994,0.17772650803773304,0.08186741420037813,0.1578832325526296,1.0,3.0,1.0,0.0,1.0,63.0,126.0,0.6488636363636364,0.5631270597989677,1.2132106378701675,2.535535093021919,2.535535093021919,1.0,0.2901395840225572,0.4436603369565938,1,1,1,1,1,1
historical_mega100_examples,2025-06-30,ECHO,27.700000762939453,0.3974228647838398,0.5553060973364694,0.8427880314353745,0.9436644422271101,0.11603549973918037,0.09529457335576597,0.2096070403654111,-0.3226393436327488,-0.2081608756601323,0.11703058296154567,-0.03415330205629008,0.20786027546612384,0.12773962616503298,-0.12672975946015552,0.20886543313399417,-0.11303230326733771,0.11303230326733771,-0.03770289239394442,1.6881104476230153,0.1400431284730861,0.23452680307565643,0.0014461647052788074,0.16357078785891724,0.1290672347982038,0.14012886220238108,0.14238753205625487,-0.11303230326733771,0.03267363393445074,-0.11303230326733771,0.2096070403654111,-0.18091577654008795,-0.05543880377740429,0.08287728090525559,-0.12118844373399795,-0.09484922713247745,0.08287728090525559,0.06102242646122505,1.0035506460800585,2.0492333610917317,1.3533394023517413,-0.7409246833534379,-0.5952404594442885,0.033172545795261445,-0.11303230326733771,0.11303230326733771,0.732332780452718,69171026.9475846,1.1405977853564733,0.30952380952380953,0.05555555555555555,0.10317460317460317,0.05286636399878288,0.7258988689873697,0.3908248383489977,-0.04168111323995838,0.2733290771127146,1.237520511429805,-0.21129893668705413,0.29776621514919205,0.2322064647241464,-0.0318382191167611,-0.4346246392409836,1.3581446315956902,1.5142050527241822,0.04746129182389098,0.2060095904136976,-0.038528244483833074,0.038528244483833074,0.732332780452718,0.015873015873015872,0.2222222222222222,78896320.14724793,18.18364515795145,0.42857142857142855,0.07936507936507936,0.1746031746031746,0.06522778315975918,0.3067065404254903,0.30444242757788675,0.2734360519196949,0.5623238284328564,0.5,0.06430803028934068,-0.21129893668705413,0.5623238284328564,0.4984654713764165,0.5623238284328564,0.2930028857829634,2.056509463492417,0.07536955728993644,-0.038528244483833074,0.038528244483833074,0.732332780452718,122925120.409248,0.0800483813740589,0.06738008635223135,0.05051581961545182,0.06385835705643994,0.17772650803773304,0.08186741420037813,0.1578832325526296,1.0,3.0,1.0,1.0,0.0,63.0,126.0,0.6138257575757576,0.17653426913225556,1.2306858921894972,1.7566786464683273,1.7566786464683273,0.998109640831758,0.2901395840225572,0.4436603369565938,1,1,1,1,1,1
historical_mega100_examples,2025-06-30,RGTI,11.859999656677246,9.926228052767438,10.084111285320068,1.4027920552322986,1.5120381409777086,14.146870718057086,2.8885245383923097,-0.2228047523727804,0.6246959584247119,0.12333623209731714,-0.48099607093686936,0.9784707606374999,-0.13695937884930398,-0.30467216657315854,0.720279442073411,-0.12191472874028134,-0.40700001716613765,0.40700001716613765,-0.02446894132187205,0.6801960378675858,0.3809789069274634,1.0679809601343195,-0.09946852027546327,0.33086211675037003,-0.3576309803236062,0.15035060240798526,0.4397998557619641,0.4018912060519315,0.02653931113456261,-0.2228047523727804,0.4018912060519315,-0.06382978243712933,0.120789368698756,0.4974746897006306,0.11994946971132814,0.31974818166289753,0.4974746897006306,0.4232232999193026,1.827545815628464,0.44040129758996716,0.6431809123331762,-0.10817471281418911,-0.12658563999150896,0.07257208450342127,-0.40700001716613765,0.40700001716613765,0.9603304599626254,979339805.5278951,0.5488089521384865,0.6349206349206349,0.2222222222222222,0.23809523809523808,0.11878362162604293,0.7033544078107592,-0.01761804139484313,0.12726129596241442,0.07364320841253869,0.8624640663337321,0.3652761908591553,0.24392833667856195,0.3370912975981062,0.0008472864531581248,0.24666935669917445,1.1754425850265942,0.6847238298667568,0.05158673055850996,-0.11143305025187789,-0.16420014042333864,0.16420014042333864,0.5813332875569661,0.36507936507936506,0.9206349206349206,537470452.4592732,20.10238434614684,0.5238095238095238,0.2222222222222222,0.1746031746031746,0.08998634742486694,-0.007835835623235865,-0.1837705412831706,-0.02564950655877557,-0.02064409637387188,0.3333333333333333,-0.01563976290223799,-0.3576309803236062,0.3652761908591553,-0.08450245343031182,-0.02064409637387188,0.02978203507202104,0.8048535486078905,0.039055714227964194,-0.05271571700919209,0.05271571700919209,0.09916586641400338,564743247.1910158,0.04521016378303799,0.0784449644840164,0.047148139893835816,0.06385835705643994,0.17772650803773304,0.08186741420037813,0.1578832325526296,1.0,4.0,1.0,0.0,1.0,63.0,126.0,0.8871212121212122,0.22259699997853022,0.36846543103386575,1.5118045343918207,1.5118045343918207,0.994328922495274,0.2901395840225572,0.4436603369565938,1,1,1,1,1,1
historical_mega100_examples,2025-06-30,SNDK,45.34999847412109,,,1.0682478332412064,1.076476054833329,,,,,,,,,,,,,,,,0.435885303302735,0.36772517284181316,,,,,0.09878168898100903,-0.03201707681652466,-0.03201707681652466,-0.03201707681652466,-0.03201707681652466,0.01622203118427601,0.001021749482432055,-0.047469063374452,-0.32556185257913917,-0.22519557141218505,-0.047469063374452,-0.05505728877815245,0.9373243136661821,0.4733263994541654,0.9198265876894441,-0.4482144155938613,-0.33607120396317725,0.037000430980768016,-0.19620701974636667,0.19620701974636667,0.5310599996355301,160957213.72174406,0.7648339616000753,0.43617021276595747,0.10638297872340426,0.0425531914893617,0.07268257144295795,0.7335799066889066,0.2746059056698843,0.1638392217303366,0.16597158463743833,0.7014224600219461,0.17377757428502028,0.24263319767105104,0.41233253229840305,0.13894231334635432,-0.16142700551753353,0.8621758249979145,0.5145822112439001,0.03451438579189853,0.19011876905399716,-0.057368574126283045,0.057368574126283045,0.5310599996355301,0.9682539682539683,0.746031746031746,123105543.41891152,18.628552630099076,0.38095238095238093,0.09523809523809523,0.047619047619047616,0.06735996059742984,0.08783429485727123,0.23125787139291254,0.45809128460992987,0.20323693623018224,0.75,0.01691867228008484,-0.32556185257913917,0.20323693623018224,0.1393785791737423,0.20323693623018224,0.04918560286264673,0.4436603425084607,0.02127650753450839,-0.04405565373290732,0.04405565373290732,0.2148405103048936,162187689.59946406,-0.020476078470773373,0.05002363682398475,-0.033172755933933984,0.06385835705643994,0.17772650803773304,0.08186741420037813,0.1578832325526296,1.0,3.0,1.0,1.0,0.0,63.0,94.0,0.6546401515151515,-0.053583249987592674,0.15700116838250966,1.474090423889848,1.474090423889848,0.9924385633270322,0.2901395840225572,0.4436603369565938,1,1,1,1,1,1
historical_mega100_examples,2025-06-30,UUUU,5.75,-0.20903833910488367,-0.05115510655225408,1.3943282214715786,1.491686982262849,0.04735887790918447,-0.20798900568552758,0.12085767480078347,0.27477343192671766,-0.03799513959138778,-0.27290449593294164,0.8144594478356688,0.035087685053246886,0.038990260600405335,0.4206972771019437,0.17108207523246136,-0.2112482811949945,0.2112482811949945,0.004901643182891657,1.2301613983645303,-0.20890843957433358,0.21951111238264165,0.08286253520939568,0.17066939232271644,-0.22410547458453434,0.23554943999680433,0.34022252303929157,0.3956311067275011,0.19978377224589342,0.08286253520939568,0.3956311067275011,-0.0946601643977164,0.15254935647375634,0.5415549519027272,0.21179623533869574,0.36382844386499413,0.5415549519027272,0.6826928486757873,0.7064309609090582,1.038031554635757,1.1229164728228982,0.04512289900126443,0.22892777777849282,0.031636785662171575,-0.02542374456658214,0.02542374456658214,0.6715116001032961,42771234.714140214,1.1639224208303953,0.3492063492063492,0.1111111111111111,0.0873015873015873,0.06022448187242759,0.9265615546387724,0.07732854210827733,0.14259125994152555,0.14273222020245524,1.2709876887278337,0.0818583821062846,0.1656181816413353,0.2721238991734154,0.18416576245809502,0.11082937093400291,0.7932629629168902,0.9244067388434074,0.03489927599195348,0.18927974027151362,-0.02542374456658214,0.02542374456658214,0.6715116001032961,0.031746031746031744,0.8888888888888888,49782399.05038712,17.723172066887088,0.4126984126984127,0.12698412698412698,0.09523809523809523,0.06670336110940371,0.08069164342610802,0.10739300381931716,0.23983324901338188,0.17586915275980974,0.6666666666666666,0.030974302712631036,-0.22410547458453434,0.21179623533869574,0.1120107957033698,0.17586915275980974,0.032038052384107285,0.7332976285952614,0.03426266664532033,-0.02542374456658214,0.02542374456658214,0.18069817969613622,66241592.671467006,0.012323931764099738,0.06732919349433472,0.01018972170654675,0.06385835705643994,0.17772650803773304,0.08186741420037813,0.1578832325526296,1.0,3.0,1.0,0.0,1.0,63.0,126.0,0.6109848484848485,0.5808695917544158,1.0104348555855127,1.6695652837338657,1.6695652837338657,0.996219281663516,0.2901395840225572,0.4436603369565938,1,1,1,1,1,1
recent_month_non_top10_control,2025-07-31,A,113.89602661132812,-0.3879900155993613,-0.18180211824341586,0.976905074024529,0.993731339333126,-0.11358065419813812,-0.1417581339805618,-0.23906949072646877,0.22467563145853275,0.14038446712190555,-0.2883541887882509,0.35760872142979505,-0.15575516972250358,-0.32369324055914395,0.3083240233680129,-0.6713823648324831,-0.24445474202634143,0.24445474202634143,-0.027334798661438175,1.4877517761742425,0.6110039939402285,0.7225733226242201,-0.09868502360456322,0.11349885341977109,-0.0855221582467206,0.008700267342415913,0.21297357076540147,-0.014393859267936016,-0.117382791199656,-0.23906949072646877,-0.014393859267936016,-0.07823057032344827,0.03847203755737416,0.06925453264154413,0.04014877588792909,-0.12039904010439573,0.06925453264154413,0.2077998017736501,0.35608544884273075,0.9934981435976726,0.9359418070327715,0.45999750374438353,0.4233989413465422,0.01621140676851985,-0.23906949072646877,0.23906949072646877,0.15874473266271893,240430000.03464714,0.9527080677518095,0.1111111111111111,0.015873015873015872,0.03968253968253968,0.027916989459128263,0.9349024936061381,-0.05455425217684884,0.02764323572234706,-0.014772663117065488,1.0233397092775334,0.05441387556925714,0.08059426475944877,0.027982301597931247,0.011231566360838219,-0.1928583750215629,0.3332752584479409,1.061495635874385,0.015421928160300516,5.924521245703751e-05,-0.07538061802284945,0.07538061802284945,0.09323237242273241,0.23809523809523808,0.9365079365079365,229059600.76257616,19.249492797359803,0.09523809523809523,0.015873015873015872,0.015873015873015872,0.02516050926896658,-0.028917020295520124,-0.0037857973330130967,-0.07085828330468923,-0.02506755135127192,0.3333333333333333,-0.041668799697793024,-0.15575516972250358,0.05441387556925714,-0.049304470024600144,-0.02506755135127192,-0.030181800651024937,0.353770232387397,0.01669378901784559,-0.07538061802284945,0.07538061802284945,0.024723162861433723,211996364.74017188,-0.022444459332175426,0.031549007902053366,-0.031008496624473247,0.024236918673328223,0.18965357274593986,0.08462374983267518,0.20618789735594545,1.0,3.0,1.0,1.0,0.0,63.0,126.0,0.47405303030303036,0.09450409884932132,0.12017901233740913,0.2773618120410648,0.2773618120410648,0.8922495274102079,0.2990785070984203,0.4979279774899724,0,0,0,0,0,0
recent_month_non_top10_control,2025-07-31,ABBV,183.33248901367188,-0.14974495882325978,0.05644293853268567,0.8076393096277174,0.815947039066434,-0.047290022055677894,0.09301631444620173,0.04629959741222178,-0.12794108418822192,-0.12578822765977404,0.07070714547587298,-0.09350287273591973,0.1366503791187308,-0.038324152420453395,-0.06909532467226853,0.1627367629914967,-0.11190587451956291,0.11190587451956291,-0.009188219321965563,1.1820953465607862,0.23179020795886052,0.20371065433663404,-0.07948863024755226,0.07325325252423598,0.0023442441023278082,0.0018621834426066908,0.05180035451520093,-0.08164148677600014,-0.03827683987044354,-0.08164148677600014,0.04629959741222178,-0.060218483645141596,0.010620629392356529,-0.02279572726004675,-0.04607904495713966,-0.2124493000059866,-0.02279572726004675,-0.09108385054501726,0.2845060732505846,0.7320798421571143,0.8796715139904286,0.5962576743899053,0.6395358563158717,0.012887203320188346,-0.11190587451956291,0.11190587451956291,0.1204311078476481,1283634225.9430294,0.8921881520172275,0.07936507936507936,0.0,0.023809523809523808,0.02624114850712906,1.016654576774635,0.06649452535153366,0.014291628082234054,0.011993747787762521,0.8523537468220842,-0.0026328789627684257,0.07017907786712603,0.024408015752255707,0.017254734653468606,0.09156982366075339,0.25027188819581353,0.8322195620910827,0.011581289971121449,0.027807737620771267,-0.03938850921097059,0.03938850921097059,0.07446209726042019,0.9682539682539683,0.8412698412698413,1145243247.9101756,20.85888289585252,0.031746031746031744,0.0,0.015873015873015872,0.023351305291662613,0.007361251458945395,0.0284280680831539,0.13017153306432488,0.02711227806156513,0.5,0.009529415619595675,-0.060218483645141596,0.1366503791187308,0.002875359388236909,0.02711227806156513,-0.0009903599496552395,0.20828116119802836,0.010804479421290682,-0.02229451538679117,0.02229451538679117,0.02255873431901101,1023040461.3541377,-0.0003967088449183809,0.023719148156775012,-0.003427084411271486,0.024236918673328223,0.18965357274593986,0.08462374983267518,0.20618789735594545,1.0,3.0,1.0,1.0,0.0,63.0,126.0,0.47897727272727275,0.11310976274582218,0.22494976644789877,0.1618446729130334,0.22494976644789877,0.8582230623818525,0.2990785070984203,0.4979279774899724,0,0,0,0,0,0
recent_month_non_top10_control,2025-07-31,ABNB,132.41000366210938,-0.2574202993447924,-0.05123240198884693,1.1593368375663644,1.1622878336088514,-0.017657020124418166,0.007609770733826959,0.009453423118653603,0.09895110288908149,-0.05597168971488098,-0.07051917457592782,0.15655924717031866,0.05870242475969767,-0.07517032671402157,0.07658664947573723,0.020687885651994396,-0.17971747513262581,0.17971747513262581,-0.00854743483431597,1.1767745042395474,-0.4854795466008335,-0.44121016943907043,-0.046518266596227376,0.07844873323888546,-0.13977098520335818,0.026918936674810823,0.17611856981932728,0.10840452600773509,0.02377989417672044,-0.046518266596227376,0.10840452600773509,0.020592659495444643,0.036676080908713216,0.08604007259439084,0.05807088203236255,-0.10361350015154902,0.08604007259439084,0.31095252898994463,0.4569545326031061,0.4710288344257708,0.6055272405747688,0.05744837556943727,0.05800776149449094,0.01821643220268425,-0.17971747513262581,0.17971747513262581,0.2528148415505669,697614705.6822944,0.9110939979960835,0.14285714285714285,0.023809523809523808,0.05555555555555555,0.030178287237267648,0.6123593434888607,-0.009568742391364626,0.02288615461829835,-0.018917718392436833,0.7355101710839026,0.025891444479772208,0.07396311413752259,0.0264341369155765,0.02203077166362366,-0.320123002811994,0.27669841719529203,0.7778821543662816,0.013100208715632899,0.045375344045346155,-0.0685846915365459,0.0685846915365459,0.08827160068048134,0.047619047619047616,0.9365079365079365,635592571.2609427,20.270068306373755,0.07936507936507936,0.015873015873015872,0.0,0.023145251376290473,-0.027395862423638895,0.03276447050837761,0.002457717020672827,0.0005289959661174404,0.8333333333333334,0.004002570255006055,-0.13977098520335818,0.05870242475969767,-0.023707922707210782,0.0005289959661174404,-0.039309847683458576,0.21523876087761395,0.009431474424297486,-0.0685846915365459,0.0685846915365459,0.0,461383868.61012775,-0.04449540911136318,0.023421838049970042,-0.03697613403496791,0.024236918673328223,0.18965357274593986,0.08462374983267518,0.20618789735594545,1.0,3.0,1.0,1.0,0.0,63.0,126.0,0.7231060606060606,-0.014198359873246358,-0.08299981262147615,-0.04433201861062863,-0.014198359873246358,0.14177693761814744,0.2990785070984203,0.4979279774899724,0,0,0,0,0,0
recent_month_non_top10_control,2025-07-31,ABT,123.33917236328124,0.007849911764887363,0.2140378091208328,1.0787380100258375,1.0911732634716411,0.12915097810833198,0.13174659446478376,-0.004583838056317346,-0.03541922133300923,-0.07270315724950094,0.02677750796960998,-0.05732097603597086,0.07879281735451116,-0.08920758788899252,-0.025959630010043533,-0.018773205621669235,-0.09182991896960258,0.09182991896960258,-0.006091801802144414,1.3109291541866113,-0.2100816638270372,-0.234208509302969,-0.07728699530581828,0.03635556397423329,-0.038837557016353275,-0.03096447464261698,-0.018789884285184466,-0.04000305938932658,-0.04062463091715407,-0.07728699530581828,-0.004583838056317346,-0.009757622968507906,-0.0068851829321450175,-0.03054346806636088,0.02164438147036485,-0.22019704081230074,-0.03054346806636088,-0.12315627499837396,0.24416917114178877,1.3724972967522195,1.0157129134322789,0.16920882828669326,0.08966068485745504,0.010204118814130386,-0.09182991896960258,0.09182991896960258,0.04713296369376496,877459429.3715522,0.9797016705877184,0.047619047619047616,0.0,0.015873015873015872,0.021045942325565406,0.7518943877655637,-0.06701592799750156,-0.02197939022555695,-0.04035827465275432,1.1282720915707347,0.018191329268119505,0.05145773772114861,-0.05108220676711028,-0.039183835525719246,-0.2449090384924989,0.248005780190771,1.3512649869876137,0.00906984448033923,-0.05951408657550705,-0.08200721160671198,0.08200721160671198,0.04713296369376496,0.4126984126984127,0.15873015873015872,859648468.8282558,20.57203410763466,0.047619047619047616,0.0,0.015873015873015872,0.019072513008895498,-0.03312983911563516,-0.05788049510039406,-0.20301850975015834,-0.06803587306623782,0.5,0.0003329125069827521,-0.06803587306623782,0.07879281735451116,-0.09227279173956604,-0.06803587306623782,-0.01907342630393294,0.33512152734233513,0.010434134753800315,-0.05715239858110188,0.05715239858110188,0.04713296369376496,955792978.0128115,0.0007693010166816006,0.026153199955266267,-0.007378377738816333,0.024236918673328223,0.18965357274593986,0.08462374983267518,0.20618789735594545,1.0,3.0,1.0,1.0,0.0,63.0,126.0,0.3715909090909091,0.05127180522063424,0.061415367957763145,-0.0160099594762243,0.061415367957763145,0.44045368620037806,0.2990785070984203,0.4979279774899724,0,0,0,0,0,0
recent_month_non_top10_control,2025-07-31,ACGL,86.05999755859375,-0.2612737718646009,-0.05508587450865543,0.8976587692406854,0.9154096649122521,-0.08173831609389703,-0.06811046041641211,-0.07531967507484916,-0.029899733476529633,0.0015923493454541582,-0.025679589529227775,-0.025268830530695063,-0.0017190935128340579,-0.15994342490752433,0.02437125501492632,-0.2712562857721282,-0.21205059252732894,0.21205059252732894,-0.005386342811868117,1.1154594951328163,-0.012387943813086721,-0.0627052177079418,-0.073727325729395,0.01774016590899571,0.03519531282076538,-0.060175652731721985,-0.04147983186132154,-0.10521940855137879,-0.08475546978520765,-0.10521940855137879,-0.073727325729395,-0.05718444564928982,-0.019757550410590463,-0.05094842005992284,0.04808117110364307,-0.2406019928058627,-0.05094842005992284,-0.20996275577895285,0.27766978693397826,0.9108530698795145,0.8738961569913279,0.46515524373003814,0.3848572484581989,0.012552319380490716,-0.11223441931919409,0.11223441931919409,0.012589713162945548,173812613.47593883,1.0511896263317602,0.07142857142857142,0.007936507936507936,0.007936507936507936,0.022825208903985587,1.1365577931968183,-0.04646078818958521,-0.0371716504635865,-0.04973910893666511,0.8620579666220848,-0.04198230035073236,0.04629398026336478,-0.09448656639760689,-0.03656399327485438,0.1037352581548534,0.24265455971420444,1.0422898219571337,0.011733501153630121,-0.033576778695669884,-0.106055878679705,0.106055878679705,0.005256359596238269,0.6507936507936508,0.015873015873015872,182710016.2115188,19.02341084858914,0.06349206349206349,0.0,0.0,0.02059228096633013,-0.03218916839559749,-0.042463375441134654,-0.21669261251965255,-0.05480511066350491,0.3333333333333333,-0.012069077708658782,-0.05718444564928982,0.04808117110364307,-0.07904202933683313,-0.05480511066350491,-0.024456625578577973,0.2529163778416048,0.01241924740344041,-0.050005507919444914,0.050005507919444914,0.005256359596238269,256692237.10145497,-0.016119845567518554,0.022650305484805622,-0.0066485352744311,0.024236918673328223,0.18965357274593986,0.08462374983267518,0.20618789735594545,1.0,3.0,1.0,1.0,0.0,63.0,126.0,0.27339015151515156,0.06356032275017065,0.05426453556613553,0.0029049501172688785,0.06356032275017065,0.45179584120982985,0.2990785070984203,0.4979279774899724,0,0,0,0,0,0
recent_month_non_top10_control,2025-07-31,ACN,261.7071228027344,-0.3834422878620217,-0.17725439050607628,0.8402013729977118,0.8598530913465444,-0.2143337866506302,-0.22990011515193043,-0.29921561942579544,0.16374240658115513,0.07329590241092476,-0.21903263270304607,0.11636126629208476,-0.09468772687022797,-0.3838393692584706,0.19654425301483414,-0.9997167225004494,-0.32261905937338686,0.32261905937338686,-0.053262084552129885,1.2024888244533043,0.6912195294034642,0.5175797094187076,-0.22591971701487068,0.08202076478940726,-0.10461966652049703,-0.11186215073094075,0.07564464958219552,-0.1354732128446403,-0.22020284976176882,-0.29921561942579544,-0.1354732128446403,-0.03655499803063422,-0.02431578058623185,-0.1026713664109613,0.059067481776387876,-0.29232493915690116,-0.1026713664109613,-0.39270056609627685,0.29930040449599554,0.7348159609614264,0.8735354027246638,0.5283409844427442,0.3726169475842611,0.013131539588798853,-0.32261905937338686,0.32261905937338686,0.0,1056511605.412147,0.9320264696449108,0.07142857142857142,0.007936507936507936,0.031746031746031744,0.02136044227487438,1.1038598214765412,-0.09422410683951554,-0.06663243381475548,-0.10600079136622942,0.6712937859530123,-0.05659364925360599,0.06258671767349308,-0.15271817043807479,-0.07060927191260613,0.2041846679393149,0.26144949937706424,0.841197687774812,0.011966383631260373,-0.05803437466349437,-0.16946921921601998,0.16946921921601998,0.0,0.8253968253968254,0.0,984696781.7311604,20.70784431695481,0.047619047619047616,0.0,0.015873015873015872,0.016942474267586223,-0.07367174864132753,-0.06759472346111528,-0.46328635491744,-0.1018908989836862,0.16666666666666666,-0.055879909647043924,-0.10461966652049703,0.059067481776387876,-0.12612781765701442,-0.1018908989836862,-0.060778326269198546,0.21993071434586858,0.012192336415167825,-0.11924726393242546,0.11924726393242546,0.0,992294501.6389393,-0.04599987809704087,0.018510991092989794,-0.032379601168327166,0.024236918673328223,0.18965357274593986,0.08462374983267518,0.20618789735594545,1.0,3.0,1.0,1.0,0.0,63.0,126.0,0.5178030303030303,-0.02669416633364896,-0.07675026140970131,-0.06364654259943214,-0.02669416633364896,0.11342155009451796,0.2990785070984203,0.4979279774899724,0,0,0,0,0,0
recent_month_non_top10_control,2025-07-31,ADBE,357.69000244140625,-0.5577876678420824,-0.351599770486137,0.8874777785861455,0.9140362768399988,-0.25181975299579173,-0.1956238006367873,-0.1823294263114048,0.11495530585111635,-0.002069505573354835,-0.14280489079318648,0.09669574353639498,0.002537399292692477,-0.26695317614408,0.1362202790546133,-0.5313880583604897,-0.3901798484604895,0.3901798484604895,-0.041158268601192316,1.3204606361235955,0.3653305097564665,0.3023762842279154,-0.18439893188475964,0.0669748854491678,-0.12547883775456425,-0.06963351174123755,0.04231119638708125,-0.06737412046028846,-0.14470082621881764,-0.18439893188475964,-0.06737412046028846,-0.02229287883654929,-0.011590276624212192,-0.046109147256791494,0.10696566263908114,-0.23576272000273135,-0.046109147256791494,-0.1879684843324784,0.34311916393821906,0.6001052343096684,0.7149193896084508,-0.028500699601765156,-0.10180008595552281,0.013356361167432189,-0.2292990589925431,0.2292990589925431,0.052029418945312544,1470033346.6577196,0.9385013289902483,0.10317460317460317,0.007936507936507936,0.015873015873015872,0.023274330480477345,1.1010694099947138,-0.06938766508894334,-0.07097692874677675,-0.0793813144109553,0.576653787106461,-0.06796114506241846,0.08062275371668715,-0.13828325038640477,-0.07033812230754355,0.011157663612125557,0.24530254324567355,0.839402655785201,0.01052906200079792,-0.04021462579629198,-0.14973374377450255,0.14973374377450255,0.0,0.7936507936507936,0.0,1379628249.4982522,21.0450799161283,0.07936507936507936,0.0,0.015873015873015872,0.01839612452702232,-0.04380733258189862,-0.054049166930968284,-0.36642530397777556,-0.07544975721929081,0.3333333333333333,-0.030279926156841535,-0.12547883775456425,0.10696566263908114,-0.09968667589261904,-0.07544975721929081,-0.031846812191286045,0.2059076062712825,0.010176065251649824,-0.06422663358147229,0.06422663358147229,0.0,1254430088.5928202,-0.02883176138226695,0.016528675758483404,-0.024091451352963977,0.024236918673328223,0.18965357274593986,0.08462374983267518,0.20618789735594545,2.0,8.0,2.0,1.0,1.0,63.0,126.0,0.6090909090909091,-0.0027677324711841145,-0.013810848521592312,-0.04858957411218001,-0.0027677324711841145,0.18714555765595464,0.2990785070984203,0.4979279774899724,0,0,0,0,0,0
recent_month_non_top10_control,2025-07-31,ADI,221.6545867919922,-0.2186813916377114,-0.012493494281765938,0.8528979428015374,0.8632729493348813,0.02009831074836832,0.06671615572118506,0.06958564766886677,0.04933509699682448,-0.08447512823955217,-0.07608642830151946,0.2337549380329973,0.08575192993420644,-0.015038102163808409,0.08808286206261107,0.145536579722719,-0.08568046062048462,0.08568046062048462,0.016267007858784988,1.587133437939529,0.20935815554649628,0.4000358536631212,-0.014889480570685398,0.06766975624874172,-0.11958865350767656,0.04853829480385885,0.11139901398236107,0.11892074466569125,0.05787230392129087,-0.014889480570685398,0.11892074466569125,-0.03347051832201431,0.06992745019554625,0.15766850973147783,0.09778362025958054,-0.03198506301446202,0.15766850973147783,0.558363540523742,0.4781316683506209,0.43830313598426,0.5905822646191454,0.6386289010955288,0.5464466052072119,0.017939640188644572,-0.08568046062048462,0.08568046062048462,0.37091575991761494,858721186.894008,0.9692004431790372,0.15873015873015872,0.031746031746031744,0.023809523809523808,0.029017887178857824,0.9897010397810466,-0.08568046062048462,0.051111050276537284,-0.0257914583329647,0.7445278810673626,0.11741154560355782,0.09786472560356106,0.05455072235249525,0.032681344336618734,-0.1794138890169502,0.28237608348063986,0.7421542471596448,0.01243786105091556,-0.009251805488176057,-0.08568046062048462,0.08568046062048462,0.16471942141014018,0.30158730158730157,0.9841269841269841,832272954.9049014,20.539671016982716,0.09523809523809523,0.015873015873015872,0.0,0.02071499401212397,-0.051486991456996645,-0.03580327564376895,-0.26843851186605205,-0.05625574883165263,0.5,0.01527202918933355,-0.11958865350767656,0.11741154560355782,-0.08049266750498085,-0.05625574883165263,-0.05378902086108417,0.2095666096514633,0.009998780026496604,-0.08568046062048462,0.08568046062048462,0.0,785049747.5125268,-0.030664175397905113,0.022913845688441906,-0.019151506976852084,0.024236918673328223,0.18965357274593986,0.08462374983267518,0.20618789735594545,1.0,3.0,1.0,1.0,0.0,63.0,126.0,0.7820075757575758,0.11877301635544502,0.09812454672903148,0.04641384573074259,0.11877301635544502,0.6824196597353497,0.2990785070984203,0.4979279774899724,0,0,0,0,0,0
recent_month_non_top10_control,2025-07-31,ADM,52.52543640136719,-0.2974915287089026,-0.09130363135295716,1.0612886741108027,1.0776502641250894,0.011969023633263687,0.09558300139099907,0.08039931977320847,0.059707549917276115,0.07927291843294992,-0.057502044203442404,0.2038168060854486,-0.06835803757411096,-0.004224430059466711,0.06591544210879774,0.25715898634604856,-0.1053512804167569,0.1053512804167569,0.03799099677504669,1.057522666629132,-0.0871556481714717,0.04640695580165355,0.1596722382061584,0.04129566312813665,0.0171609951977445,0.09353500808187931,0.02924195955695197,0.14010686969048458,0.12672614255661716,0.08039931977320847,0.1596722382061584,-0.0054155214588090805,0.05662026554735,0.1463147618820062,0.021273864372953977,-0.04333881086393365,0.1463147618820062,0.5835647297250701,0.312644410819921,0.7035828761837153,0.8019521206682647,-0.050609698008954984,-0.025426859096880472,0.01411939006474302,-0.03628610735184867,0.03628610735184867,0.3097995047786104,195383972.40631467,0.8948275960323403,0.10317460317460317,0.007936507936507936,0.015873015873015872,0.025666847883578474,0.8782266415022288,-0.01080592136718972,0.07949468869479692,0.03920911755177059,0.8745688407420235,0.09343260562456024,0.05232411924634733,0.12243620626268092,0.069420279763857,-0.09044652839573775,0.2507258482721158,0.8773377587647271,0.012368203078209399,0.03237932270698263,-0.03628610735184867,0.03628610735184867,0.1532567300113994,0.09523809523809523,0.6031746031746031,174834970.33159167,18.97935306600145,0.047619047619047616,0.0,0.0,0.0226218879022863,-0.0010264104103266947,0.03404112815984717,0.12058518836629979,0.02652527507312996,0.6666666666666666,0.014103196872578105,-0.06835803757411096,0.09343260562456024,0.0022883563998017387,0.02652527507312996,-0.008727185062087917,0.2199712537874431,0.011746756463694899,-0.03628610735184867,0.03628610735184867,0.01195362831806368,157585403.24421838,-0.013761498774631953,0.021120069409439772,-0.010194020468955123,0.024236918673328223,0.18965357274593986,0.08462374983267518,0.20618789735594545,1.0,3.0,1.0,1.0,0.0,63.0,126.0,0.33522727272727276,0.16606435742076453,0.11207992198255412,0.12678597521952573,0.16606435742076453,0.7863894139886578,0.2990785070984203,0.4979279774899724,0,0,0,0,0,0
recent_month_non_top10_control,2025-07-31,ADP,301.131591796875,-0.003260489707249903,0.20292740764869555,1.0539041877835644,1.061332963003507,0.08672435889740782,0.06823291346218707,0.031991864948778925,-0.013936630375171344,-0.03984819079124058,-0.0026673396372380864,0.037419239342808996,0.040163730142287024,-0.05263188488389625,0.0027600347567919847,0.1466457346827647,-0.04823470449544709,0.04823470449544709,-0.0011682392056605595,1.1222566952814208,-0.39245960502693,-0.3713464221537429,-0.007856325842461653,0.02022175783137586,-0.025452018256083897,0.017243041075219345,0.0033540991781819685,0.01805523457360758,0.014063591226641617,-0.007856325842461653,0.031991864948778925,-0.016135911552048632,0.005207744464653663,0.03475189970557091,0.08293415650849512,-0.15490167304036895,0.03475189970557091,0.21757696334311016,0.21815748693943388,0.6067444611620346,0.732142329855867,-0.15911538142963633,-0.15611613469630625,0.009340746181738212,-0.04823470449544709,0.04823470449544709,0.1238851389907325,521029219.0970769,0.9127919437909787,0.031746031746031744,0.007936507936507936,0.007936507936507936,0.018320756013990445,0.738613765339283,0.003382668007773537,-0.029617284123397813,-0.004087425255638211,0.8294252528657724,-0.047888292283781775,0.04790592062674289,-0.04449232348370047,-0.019648223546009258,-0.17351424694708273,0.159722330763338,0.8287247389199327,0.007048670689604718,-0.0015332279209719912,-0.04823470449544709,0.04823470449544709,0.04136872696095639,0.5873015873015873,0.9841269841269841,475591273.67151654,19.980069376673832,0.015873015873015872,0.0,0.0,0.015258753681445211,0.01266015392622899,0.014082678359159218,0.026946343612942368,0.0035667755921489075,0.5,0.006198073358502791,-0.047888292283781775,0.08293415650849512,-0.020670143081179315,0.0035667755921489075,0.013748663432475716,0.1323658468615304,0.006982148916454106,-0.004631210450591561,0.004631210450591561,0.037963725106044954,431416403.33978564,0.011193346349666511,0.015684284097625147,0.001877451584116896,0.024236918673328223,0.18965357274593986,0.08462374983267518,0.20618789735594545,1.0,3.0,1.0,1.0,0.0,63.0,126.0,0.3118371212121212,-0.017609055199503842,-0.04677060404480171,-0.15459767843461547,-0.017609055199503842,0.1342155009451796,0.2990785070984203,0.4979279774899724,0,0,0,0,0,0
recent_month_top_future_return,2025-07-31,BE,37.38999938964844,1.5552596281233235,1.761447525479269,1.2079827013690023,1.3202249431505462,2.894791448323271,0.683475953665768,0.5856657977364352,0.3161653151753061,-0.02904636904848301,-0.22307040907127884,1.2640092743820621,0.018659903964429958,0.5010420479037601,0.45527306757434793,0.7363794762625873,-0.006113757277153797,0.006113757277153797,0.04028991702790652,1.5515036471839263,0.9787149966892368,3.0384363401163617,0.5566194286879522,0.19147467413012548,-0.1815154257810323,0.7104847555527103,0.30256549952193224,0.9018311129117413,0.6813721131120429,0.5566194286879522,0.9018311129117413,-0.06815870615402253,0.21485408150750152,1.0409388653107832,0.008187752239572799,0.8512852925648433,1.0409388653107832,1.2156161597041482,0.7953315058547222,1.4061936604978402,1.076664943599188,0.6233254185905917,1.53746388865844,0.0367348722806521,-0.006113757277153797,0.006113757277153797,1.2910539270111894,160648301.16926527,1.1424358758647748,0.4603174603174603,0.1349206349206349,0.11904761904761904,0.06334797276566714,1.8124826765362856,-0.006113757277153797,0.2628724446397783,0.5598794923734731,1.3198503119548257,0.2950731437763998,0.27382682129667746,1.0243638754558098,0.29779603285600453,0.670845094555719,0.8563055508937317,1.306064313561719,0.036764200067241924,0.417753974527602,-0.006113757277153797,0.006113757277153797,1.2910539270111894,0.015873015873015872,0.9523809523809523,183530382.65249768,19.02789079024002,0.3968253968253968,0.15873015873015872,0.09523809523809523,0.0533675965947794,0.4167887486319719,0.5948644569969237,0.5035157669579942,0.5631270597989677,0.6666666666666666,0.1058956213073859,-0.1815154257810323,0.5631270597989677,0.5388901411256395,0.5631270597989677,0.3159932301743831,1.1183901215271113,0.045696131080199306,-0.006113757277153797,0.006113757277153797,0.6573581682080316,333749690.02376735,0.18656975480137694,0.05250067744290604,0.04511404192046986,0.024236918673328223,0.18965357274593986,0.08462374983267518,0.20618789735594545,1.0,3.0,1.0,0.0,1.0,63.0,126.0,0.7074810606060606,0.415886587079368,1.261834743924541,2.5346350847681043,2.5346350847681043,0.998109640831758,0.2990785070984203,0.4979279774899724,1,1,1,1,1,1
recent_month_top_future_return,2025-07-31,CIEN,92.83999633789062,0.5541456897359989,0.7603335870919443,0.7717159732294196,0.8131408939885857,0.4618170176586671,0.09468221920121023,0.065411946157522,0.47091100385144813,0.10135940854853542,-0.22928615868125113,0.6116564873813597,-0.0868716978178391,-0.019211803675153183,0.31695838254258657,0.12023034201068791,-0.05438993634840772,0.05438993634840772,0.005360301901017106,0.9972073425659785,0.13875790684301315,0.5741851419924238,0.16677135470605742,0.24785724548639393,-0.24054291143717865,0.2650069163163207,0.2775966121162198,0.5363229500089701,0.25616875029084984,0.065411946157522,0.5363229500089701,0.11136858055513166,0.07114045846665618,0.38237032870010856,0.19207851687123045,0.1927167559541687,0.38237032870010856,0.9638620001578257,0.544055228186136,0.4817284994270267,0.729165878548933,0.08634593230566678,0.2400879147457482,0.02337099674406243,-0.0030069415854017123,0.0030069415854017123,0.7353270343530958,168657947.14665186,0.9959684757035353,0.21428571428571427,0.06349206349206349,0.05555555555555555,0.04104216232217718,0.8032639485123615,0.02933268466553063,0.05922139225801226,0.15076448335816095,0.7915976917659157,0.01586315652247494,0.16249192946113983,0.15963026691255555,0.10595748439495156,-0.027054912300814027,0.39670650843948413,0.6606569418548276,0.01618755679188379,0.13272477901699964,-0.0011834385579682083,0.0011834385579682083,0.29973394849843626,0.015873015873015872,0.9841269841269841,167977998.53493828,18.939343573642983,0.07936507936507936,0.047619047619047616,0.015873015873015872,0.02972754489323075,0.12280188023801175,0.12734236317897718,0.5399816553892909,0.14152212280463772,0.6666666666666666,0.02223629458307617,-0.24054291143717865,0.19207851687123045,0.1172852041313095,0.14152212280463772,0.09647927198540573,0.26208690867953593,0.014343046959059339,-0.0011834385579682083,0.0011834385579682083,0.1940835541850885,164387528.73208183,0.049324066568683156,0.02636641043289107,0.017960104561906443,0.024236918673328223,0.18965357274593986,0.08462374983267518,0.20618789735594545,1.0,3.0,1.0,1.0,0.0,63.0,126.0,0.6335227272727273,0.012171530885243254,0.569043557894813,1.0456700308101325,1.0456700308101325,0.9867674858223062,0.2990785070984203,0.4979279774899724,1,1,1,1,1,1
recent_month_top_future_return,2025-07-31,ECHO,32.59000015258789,0.416820084537161,0.6230079818931065,1.0021449806640481,1.064069069109501,0.3004788845617934,0.4231441351735499,0.17823573146682548,0.09580649878296366,-0.13468784064754247,-0.1872740540040323,0.6370071863982962,0.1290672347982038,0.0936119816341503,0.27149740092743846,0.17518873461273674,-0.007007908116239192,0.007007908116239192,0.006511738135297707,1.8235037228335589,1.8937245313773432,3.1951283291597994,0.04354789081928301,0.11579244372068873,-0.18091577654008795,0.3327717098726797,0.2731714107520258,0.27404223024978913,0.16527528417863255,0.04354789081928301,0.27404223024978913,-0.12118844373399795,0.14720692095701948,0.44973313239426393,-0.21129893668705413,0.2600795596483241,0.44973313239426393,0.3392683066795554,1.0173926529055894,0.5544865678568129,1.302935735244134,0.2915499618056818,0.5195527903608406,0.03387643300925335,-0.007007908116239192,0.007007908116239192,1.0381488817437865,75230651.0845805,1.1965637172228676,0.3333333333333333,0.07142857142857142,0.10317460317460317,0.05455984613071423,0.8539235767339134,0.03152033636759388,0.36026338266934843,0.29799267024186826,0.8852061091016246,0.5623238284328564,0.29500763478214187,0.8381275236331582,0.3838945909939364,-0.37012222885831036,1.3255972442455242,0.4255670888886301,0.04459482960270513,0.15073927127957787,-0.007007908116239192,0.007007908116239192,1.0381488817437865,0.015873015873015872,0.5714285714285714,90018267.5108622,18.31552319115021,0.4126984126984127,0.1111111111111111,0.12698412698412698,0.06062317451153813,0.12144708353090428,0.14374630747986505,0.3129315828006661,0.17653426913225556,0.5,0.059087029233695965,-0.21129893668705413,0.5623238284328564,0.15229735045892734,0.17653426913225556,0.07382328391722259,0.5641305602723581,0.023350993139786107,-0.007007908116239192,0.007007908116239192,0.1589615640095532,80042930.13878778,0.09044065490311581,0.04184017898392938,0.055649132667934476,0.024236918673328223,0.18965357274593986,0.08462374983267518,0.20618789735594545,1.0,3.0,1.0,1.0,0.0,63.0,126.0,0.6248106060606061,0.895980381289466,1.3430500231000462,1.2973305429897888,1.3430500231000462,0.994328922495274,0.2990785070984203,0.4979279774899724,1,1,1,1,1,1
recent_month_top_future_return,2025-07-31,INTC,19.799999237060547,-0.5579900181150828,-0.3518021207591373,0.9537838362310072,0.9828617742831453,-0.07992570558160039,-0.012468828404636478,0.019042662175677183,-0.14718004503456694,-0.1846558261448079,0.034482762005694445,-0.04940819179253919,0.22130721407735177,-0.065581087656998,-0.03396809196252193,0.028388258732447512,-0.3518021207591373,0.3518021207591373,-0.003410738603265684,1.0442053580361796,0.32750782241757737,0.3076941976225964,-0.16561316396913073,0.09760820829163684,-0.04298358522713841,-0.07929676482440873,0.09738973648278815,-0.12813738285888976,-0.09156929488411443,-0.16561316396913073,0.019042662175677183,-0.11492729230391929,0.03274684522988114,-0.014925429786844746,-0.02736324049606631,-0.2045790025327846,-0.014925429786844746,-0.03312452808937896,0.6707935965763057,0.7150594937777495,0.671719935810879,0.17590632717010113,0.039417177559323946,0.028646336653477152,-0.277108445480886,0.277108445480886,0.09211252915597656,2125255251.5827057,0.8154611729971759,0.31746031746031744,0.0873015873015873,0.07936507936507936,0.04500974901286876,1.045508411674059,-0.15511541313450394,0.06246526055400903,-0.08185413059435664,0.7709023483932909,0.14578007635248613,0.14056001109048358,0.012787724284207602,0.053853208012563325,-0.03564587067163738,0.4505854316345847,1.0645202794443673,0.020872905284101424,-0.009556315729099985,-0.1687657644528504,0.1687657644528504,0.012787724284207602,0.23809523809523808,0.6666666666666666,1733063140.3740413,21.273156281738622,0.2222222222222222,0.047619047619047616,0.031746031746031744,0.032604581775789516,-0.11205456540786485,-0.09508168384677396,-0.24198827040854964,-0.11607144757801224,0.3333333333333333,0.010956954137450273,-0.11607144757801224,0.22130721407735177,-0.14030836625134047,-0.11607144757801224,-0.11632788368817515,0.479657329597209,0.020841528968441592,-0.1687657644528504,0.1687657644528504,0.0,1855377216.2492752,-0.09028259720820075,0.03993507913446661,-0.028745257638582156,0.024236918673328223,0.18965357274593986,0.08462374983267518,0.20618789735594545,1.0,3.0,1.0,1.0,0.0,63.0,126.0,0.9335227272727273,0.22979804645106938,0.694444471202984,1.0196971322915869,1.0196971322915869,0.9848771266540642,0.2990785070984203,0.4979279774899724,1,1,1,1,1,1
recent_month_top_future_return,2025-07-31,MU,108.9651107788086,-0.2077322510169186,-0.0015443536609731634,0.8266014437244211,0.7856038540535395,0.0991177829554295,0.29972629103097836,0.1988709072907524,0.05838223498932327,-0.03060232619032699,-0.1555216713023181,0.5751802540626351,0.026194598301618077,0.11424715745807723,0.22078767546956457,0.3142388991277035,-0.14594063809719093,0.14594063809719093,0.04674496858341959,1.1180716847861167,0.47751942687557203,1.0975731355590104,0.16826858110042542,0.045209217089259304,-0.07077696462804095,0.10596047757752669,0.13254800302266945,0.2572531422800757,0.20813087689041784,0.16826858110042542,0.2572531422800757,-0.11439753364112937,0.14026583543276328,0.419658582760317,0.22755022956934234,0.23000501001437712,0.419658582760317,1.1079379877325155,0.6328653385777465,0.5833769780034498,0.5985071540532493,0.28178440944398386,0.1361105842089354,0.02787014416588052,-0.14594063809719093,0.14594063809719093,0.6879286587914726,2213326549.479687,1.079753331342988,0.3333333333333333,0.07142857142857142,0.05555555555555555,0.04094954496057751,1.252379649753839,-0.10950878898185368,0.07521933180142781,-0.03506222593764685,0.8744296478127785,0.30478519297311424,0.18173077712034127,0.15649734614800348,-0.011590721761584488,0.15690623919601188,0.3787744326911131,0.9747201416936557,0.01901528250571337,-0.09701817431005899,-0.14594063809719093,0.14594063809719093,0.4046899532670756,0.4126984126984127,0.9841269841269841,2389846715.150573,21.59449506533121,0.2222222222222222,0.031746031746031744,0.0,0.03009254497974259,-0.0802006919395497,-0.10170286876403145,-0.30782645628204963,-0.1136492409813592,0.5,0.04328438026559086,-0.11439753364112937,0.30478519297311424,-0.13788615965468742,-0.1136492409813592,-0.05976813533406056,0.3691990687026158,0.018308868488676515,-0.12358469661807292,0.12358469661807292,0.0,2548422252.9105415,-0.022699806244832033,0.035282337639039874,-0.02265604181073866,0.024236918673328223,0.18965357274593986,0.08462374983267518,0.20618789735594545,2.0,7.0,2.0,1.0,1.0,63.0,126.0,0.93125,0.09043433206544482,0.5330767682319519,1.0515863194063972,1.0515863194063972,0.9886578449905482,0.2990785070984203,0.4979279774899724,1,1,1,1,1,1
recent_month_top_future_return,2025-07-31,QBTS,17.190000534057617,15.983812636701671,16.190000534057617,1.4131383873066234,1.3533535985704908,15.216982511321508,1.0464287279414553,1.8939394559705511,-0.6320972520542751,0.2429219444357873,0.16329962640531503,1.324399492791556,-0.07744108311713105,1.809315706137876,-0.40624033677368,1.2651576131969249,-0.15320191230969027,0.15320191230969027,0.2399584248741793,1.428506160782867,0.8645051614969572,3.6383278479940007,2.1368614004063384,0.4517035534819166,0.38686129163873884,0.38551939055349393,0.22873013967664768,1.261842203916276,1.7642143534310553,1.261842203916276,2.1368614004063384,-0.09078948235247619,0.2785856119303174,1.4876991191968711,1.3632417198709295,1.2980455464509313,1.4876991191968711,0.9913419195388982,1.4969988215023726,0.64978825472432,1.0024672108920265,-0.013897973809368636,0.15786160924398995,0.059963260315396325,-0.15320191230969027,0.15320191230969027,2.712743004139935,767952561.4781762,1.4098047930076067,0.6190476190476191,0.23015873015873015,0.18253968253968253,0.10611577499045624,0.9287068269412486,0.07789054360591519,0.025983389312645766,0.026771345455091522,1.2192906448779193,-0.10349048305443953,0.5671363518451588,0.05266384656273693,0.09874365218703152,-0.21669971888364925,1.5006922333001342,0.6481890356754094,0.05700338799327939,0.23919481998321968,-0.15320191230969027,0.15320191230969027,1.4949203000240079,0.09523809523809523,0.9206349206349206,1082663201.9744017,20.802689771349463,0.6031746031746031,0.2222222222222222,0.12698412698412698,0.09337908617596347,0.03570857957645868,0.24288900975736993,0.17906298113918426,0.17418033681248568,0.5,0.2754270499663512,-0.10349048305443953,1.3632417198709295,0.14994341813915746,0.17418033681248568,-0.014758530250545188,0.9727322515483905,0.04735252513483511,-0.15320191230969027,0.15320191230969027,0.16070223139821604,803427169.2162787,-0.06611612090196706,0.09263275002620563,-0.03578638748366769,0.024236918673328223,0.18965357274593986,0.08462374983267518,0.20618789735594545,1.0,4.0,1.0,0.0,1.0,63.0,126.0,0.9550189393939393,-0.0913322047540358,0.43746354373381635,1.1559046086046387,1.1559046086046387,0.9905482041587902,0.2990785070984203,0.4979279774899724,1,1,1,1,1,1
recent_month_top_future_return,2025-07-31,RGTI,14.5,12.871482396591023,13.07767029394697,1.5514505584399565,1.6852177565654276,9.984848048349841,-0.04980342185339037,0.10098708549744528,0.7298209776743261,0.6129608973179297,-0.32649963294038853,0.9612234420812332,-0.3576309803236062,0.016363335664770107,0.5337367236433994,0.08241843731370824,-0.275,0.275,0.08835282471809247,0.8375744612335281,2.6939384215976547,5.038569087285838,0.713947982815375,0.39200680255050296,-0.06382978243712933,0.29538308195897867,0.20362899353667996,0.8308080631717714,0.5485810438281972,0.10098708549744528,0.8308080631717714,0.11994946971132814,0.17500247389302492,0.6347238091408447,0.3652761908591553,0.44507023639490484,0.6347238091408447,0.5074534106935473,1.2252972610128416,1.0706228759955292,1.0208152536320243,0.053201177674093714,0.2876406001982019,0.05445555618316289,-0.15501164749796092,0.15501164749796092,0.9333333333333333,649261266.1080655,1.0598455317093722,0.5952380952380952,0.18253968253968253,0.20634920634920634,0.09664354938360903,1.1669933049393542,0.009188492925377711,0.13837303592266315,0.11107706082543345,1.2316430936256204,-0.02064409637387188,0.25218908576261406,0.19735758968456696,0.2789329152159501,-0.004691609989205925,1.2508021342754485,1.0487920044163637,0.05274548044530091,0.37526633285807653,-0.15501164749796092,0.15501164749796092,0.5864332008032149,0.14285714285714285,0.9841269841269841,688116651.7966028,20.349468935008485,0.5396825396825397,0.1746031746031746,0.19047619047619047,0.08431633769935946,0.06711804942841781,0.3133191785495908,0.1696841688336624,0.22259699997853022,0.5,0.04428630023573438,-0.3576309803236062,0.3652761908591553,0.198360081305202,0.22259699997853022,-0.011588270894096642,1.3118312775350132,0.04995627293441064,-0.15501164749796092,0.15501164749796092,0.1904761606482357,699300336.2026533,-0.0639726225841345,0.09186698650491647,-0.022252186473618485,0.024236918673328223,0.18965357274593986,0.08462374983267518,0.20618789735594545,1.0,4.0,1.0,0.0,1.0,63.0,126.0,0.9148674242424242,0.11931031325767782,1.0544828217605065,2.0531034798457704,2.0531034798457704,0.996219281663516,0.2990785070984203,0.4979279774899724,1,1,1,1,1,1
recent_month_top_future_return,2025-07-31,SNDK,42.91999816894531,,,1.0372120726437877,1.0244226647005505,,,,,,,,,,,,,,,0.9216294540822894,-0.20365186684466652,0.06444284544333789,-0.08388474777318555,0.010340742931958132,0.01622203118427601,0.02778634847228134,0.3355972881353385,-0.09850876667257447,-0.09119675722288001,-0.09850876667257447,-0.08388474777318555,-0.32556185257913917,0.0884140082524385,0.3366551651546479,0.17377757428502028,0.14700159240870803,0.3366551651546479,0.7251739369632142,0.8602937449643814,0.4756160762506622,0.5396303033485744,-0.3906280893692744,-0.42328021679201744,0.03348654184673749,-0.23927685994556924,0.23927685994556924,0.44902082892905604,147398406.7526176,0.7596695675259881,0.3793103448275862,0.08620689655172414,0.04310344827586207,0.06629869048499643,0.49240437231223955,-0.0379096844868797,0.0634416096950916,0.006779063618462811,0.706480888045001,0.20323693623018224,0.21247883581135096,0.1387635906818554,-0.0036233915954702045,-0.4657241366026542,0.46424057456401024,0.8813739208108144,0.022252968385128444,-0.0860414499067681,-0.09527825861316275,0.09527825861316275,0.3169683328625925,0.38095238095238093,0.9841269841269841,111974083.9117807,18.533778017769553,0.2857142857142857,0.06349206349206349,0.015873015873015872,0.04680048775572565,-0.035361143389031846,-0.079862162818511,-0.13095610829096624,-0.053583249987592674,0.6,0.0028182878265493373,-0.32556185257913917,0.20323693623018224,-0.0778201686609209,-0.053583249987592674,-0.012141132832464652,0.409169535402947,0.019110117373327965,-0.08583604959545121,0.08583604959545121,0.037717541962591694,87530944.38612802,0.012670135899367052,0.043053527909481304,0.0046345866950192605,0.024236918673328223,0.18965357274593986,0.08462374983267518,0.20618789735594545,1.0,3.0,1.0,1.0,0.0,63.0,116.0,0.6429924242424242,0.22250707034437145,1.6141659304502092,3.6442220488089294,3.6442220488089294,1.0,0.2990785070984203,0.4979279774899724,1,1,1,1,1,1
recent_month_top_future_return,2025-07-31,UUUU,9.09000015258789,0.3913516564535351,0.5975395538094805,1.5757420690291408,1.6568209076682687,0.5099668075395718,0.7719298147771181,0.7118644539626291,0.7251328935188335,0.4944463239694392,-0.14877588895782523,1.159837878105138,-0.22410547458453434,0.6272407041299539,0.2991975351846836,0.9379548149793469,-0.09462149530624109,0.09462149530624109,0.15880205851296703,1.457004606883638,1.3383864758806943,3.702640157579803,1.2063107779320683,0.3704751844861666,-0.0946601643977164,0.6840506409913332,0.08949402598436607,1.4369973474814626,1.1183908597920533,0.7118644539626291,1.4369973474814626,0.21179623533869574,0.29509885028476135,1.0110619891473127,0.0818583821062846,0.8214084164013729,1.0110619891473127,1.241177859254481,0.7589538883899262,1.22625853188839,1.0733179023905934,0.7394310702671505,1.749813685938177,0.033765707054226976,-0.09462149530624109,0.09462149530624109,1.6424418608680682,58449429.627782576,1.343786400614668,0.3968253968253968,0.14285714285714285,0.0873015873015873,0.06426021612585346,1.4076694381154549,-0.06919775073965895,0.37322981461234717,0.3904610633845875,1.8311134433252885,0.17586915275980974,0.2792377139642563,0.8588957874800112,0.4598878073621695,0.4117779532713368,0.8145987954978601,1.1424933182956822,0.03481964786252709,0.6727753049138334,-0.09462149530624109,0.09462149530624109,1.0896552533041253,0.047619047619047616,0.7936507936507936,78543548.65749829,18.179163801630136,0.4126984126984127,0.15873015873015872,0.09523809523809523,0.06543272943382579,0.23343436785666283,0.6708683321395152,0.6241388401171097,0.5808695917544158,0.6666666666666666,0.12193795382949252,-0.22410547458453434,0.5808695917544158,0.5566326730810875,0.5808695917544158,0.10880704768346283,0.930673680948016,0.04502220876830541,-0.09462149530624109,0.09462149530624109,0.6261180508876507,122505967.19889641,-0.042452310683164685,0.07606473171851479,-0.04756914273652613,0.024236918673328223,0.18965357274593986,0.08462374983267518,0.20618789735594545,1.0,3.0,1.0,0.0,1.0,63.0,126.0,0.6288825757575758,0.2717271975320714,0.6886688805059742,1.2563256198673125,1.2563256198673125,0.9924385633270322,0.2990785070984203,0.4979279774899724,1,1,1,1,1,1
recent_month_top_future_return,2025-07-31,WDC,78.47732543945312,0.34938031102182077,0.5555682083777662,,,0.5970119662015705,0.7491336319981445,0.6014254710313025,0.34852780465183497,0.009786841635845533,-0.10906223435889617,0.9065227672828132,-0.006074209810155162,0.5168017211986273,0.19603506189261455,1.1008616239327385,0.0,-0.0,0.08319356975806547,1.3366745413253613,0.5096630202439332,1.7135596969031899,0.611212312667148,0.19845774231543292,-0.17371747684431904,0.5357938230214858,0.19440814643858673,0.9499532756831375,0.7208636864605293,0.6014254710313025,0.9499532756831375,0.08483788098043066,0.19768243229304683,0.797460532923917,0.17533059169771592,0.6078069601779772,0.797460532923917,2.529458120100608,0.5463224968118691,0.7476990696132305,0.5770754791395862,2.953098248386672,3.8612174121039926,0.021861068797020194,0.0,-0.0,1.5814216806891714,399258567.1534292,1.0015980245609954,0.21428571428571427,0.07142857142857142,0.03968253968253968,0.03675447511207089,2.0327724061645083,0.0,0.17856741467579185,0.2865481244841781,1.2122556976910381,0.24363199468091445,0.16073525300188116,0.5293233628230167,0.15948022062529166,0.921533533031563,0.3152693166124444,1.2956694516426903,0.015036630276856616,0.1362132393246842,0.0,-0.0,0.7937796382194982,0.0,0.9841269841269841,399896592.1499283,19.806716554525764,0.12698412698412698,0.047619047619047616,0.0,0.026996733726950682,0.19002493343595295,0.1303991147741146,0.5623792750089198,0.22972339837188227,0.6666666666666666,0.09228869651274485,-0.17371747684431904,0.24363199468091445,0.20548647969855405,0.22972339837188227,0.1573335665512059,0.40848482257501156,0.017728679023973733,0.0,-0.0,0.22914722383208552,510699427.21292406,0.12305194539687281,0.028910928116543343,0.09736715224722392,0.024236918673328223,0.18965357274593986,0.08462374983267518,0.20618789735594545,1.0,3.0,1.0,1.0,0.0,63.0,126.0,0.7673295454545456,0.020968328378465184,0.5275099210785734,0.9111051916260458,0.9111051916260458,0.9829867674858223,0.2990785070984203,0.4979279774899724,1,1,1,1,1,0
recent_month_non_top10_control,2025-08-31,A,124.65966796875,-0.31840254861992234,-0.11400308950051341,1.0432364031225152,1.0613565504474292,-0.08367461274838861,-0.16715843866061864,-0.013507063980915168,0.18381053267030056,0.09225702486322018,-0.12321936380188481,0.24835020644537953,-0.0855221582467206,-0.13890245291197312,0.1386379066244099,-0.037471224801115234,-0.17305261828166285,0.17305261828166285,0.0013711675716101546,0.9704528305086183,-0.6252945136317738,-0.578407300379377,0.07874996088230501,0.09190549072184025,-0.07823057032344827,0.10251484451466308,0.11477685111732616,0.1703034686893854,0.07851545519692509,-0.013507063980915168,0.1703034686893854,0.04014877588792909,0.014209685118305337,0.12513084264349472,0.05441387556925714,0.02509307727912402,0.12513084264349472,0.421912050240654,0.36046497152431395,0.8341412864616312,0.8227717496346193,-0.23864073519982898,-0.1666891639793071,0.016500178386555608,-0.004008132570109235,0.004008132570109235,0.26825085941940685,228449410.13069153,0.875195022480697,0.11904761904761904,0.023809523809523808,0.031746031746031744,0.027635087147653756,0.76649764396216,0.07538061802284945,-0.0024287297961620435,0.06322723430804889,0.8493380541198617,-0.02506755135127192,0.07425126591451132,0.06706756114723822,-0.0014275711057557539,-0.0663102164910625,0.296580395303053,1.013818579493111,0.014311530028188425,0.024223910612567234,0.0,-0.0,0.13394537663759354,0.0,0.9841269841269841,199937786.63503253,19.113516814297707,0.07936507936507936,0.015873015873015872,0.015873015873015872,0.023322282523731228,0.06544197227350779,0.024205814834372008,0.3143025898151874,0.09450409884932132,0.5,4.107839751112582e-05,-0.0855221582467206,0.09450409884932132,0.0849644975531183,0.09450409884932132,0.06298748454483749,0.3006787150716465,0.014291902103943335,0.0,-0.0,0.10977653743220639,165746842.59701684,0.04463343906303652,0.022265302786097597,0.03550004972993426,0.009539601296203015,0.1000377653643707,0.12539538893105795,0.20439945911940893,1.0,3.0,1.0,1.0,0.0,63.0,126.0,0.4943181818181819,0.02345803319976647,0.1670690072188732,0.22400307184012713,0.22400307184012713,0.8563327032136105,0.2851269029191882,0.49711239312489747,0,0,0,0,0,0
recent_month_non_top10_control,2025-08-31,AAPL,231.485107421875,-0.18596984418517026,0.01842961493423867,1.1229974647100713,1.1257157788761398,-0.018396085957881003,-0.012864007262739285,-0.03775954238515178,0.13285704438523083,0.0853812601700723,-0.1684030911734814,0.3255026996516842,-0.0815000860717181,-0.16315493131620973,0.1948591508633546,-0.09531349327715749,-0.10059412951613189,0.10059412951613189,0.01039436251498893,1.1382572010888163,-0.44339938350661323,-0.3559576445767759,0.047621717784920525,0.06732372528543593,-0.04335302028216581,0.11387452852726287,0.15366768628246352,0.09509750200007905,0.0349865591332826,-0.03775954238515178,0.09509750200007905,-0.05358407005224708,0.049955672138076945,0.1570996084782028,0.021508528939144567,0.05706184311383211,0.1570996084782028,0.7352966818469093,0.3961615620922909,0.7318495508324385,0.5393120961087795,-0.5115343055128726,-0.4530947976212375,0.015154242625102751,-0.026610516471181733,0.026610516471181733,0.3496590757243161,12072559661.42537,0.9434779029390924,0.14285714285714285,0.023809523809523808,0.015873015873015872,0.025458932614106443,0.5906332433728995,0.02675618004898417,0.06005738755333678,0.07780900796239454,0.7007460576377822,0.011697701048496878,0.07238337709935913,0.1327361208426443,0.06887576945866947,-0.44227032452072723,0.2136547224497218,1.3570056301589501,0.0095920298447262,0.08134215296778868,-0.00510008410075935,0.00510008410075935,0.1879137710960761,0.19047619047619047,0.8095238095238095,11390193272.468687,23.1560185829594,0.047619047619047616,0.015873015873015872,0.0,0.01903596516108384,0.05126458977986181,0.09201096441180145,0.41264666163439834,0.11963891948030181,0.5,-0.00426533782303129,-0.0815000860717181,0.11963891948030181,0.1100993181840988,0.11963891948030181,0.028533843020920324,0.2899306612743203,0.012834250044113977,-0.00510008410075935,0.00510008410075935,0.14835179516828956,12874778798.872885,0.01292445818007848,0.016347906328237762,0.007849537775012072,0.009539601296203015,0.1000377653643707,0.12539538893105795,0.20439945911940893,2.0,8.0,2.0,1.0,1.0,63.0,126.0,0.784185606060606,0.0968812192629327,0.16468502778530691,0.20237923226280707,0.20237923226280707,0.8374291115311909,0.2851269029191882,0.49711239312489747,0,0,0,0,0,0
recent_month_non_top10_control,2025-08-31,ABBV,204.06918334960935,-0.09429481664999062,0.11010464246941831,0.7988532647813221,0.8187600949868741,0.18186291360939832,0.16464629663656738,0.024630192389978767,0.06310542379379425,-0.002396365619606211,-0.10142115680685426,0.2416997201757659,0.0023442441023278082,-0.10076519654107918,0.11564837097893288,0.08911920307161389,-0.011453758690512239,0.011453758690512239,0.000588707367758845,0.8728015962249982,-0.6326384701524679,-0.5811055225084505,0.022233826770372556,0.037145034429774196,-0.060218483645141596,0.11452644738467388,0.13211625663862092,0.08773561618377301,0.04486654511470811,0.022233826770372556,0.08773561618377301,-0.04607904495713966,0.04121007063793147,0.14027856336891165,-0.0026328789627684257,0.040240798004540945,0.14027856336891165,0.7449511043010638,0.2763735709147509,0.5957966320787204,0.6813449342224183,-0.5878680698499212,-0.5412519250106681,0.012508603298419742,-0.011453758690512239,0.011453758690512239,0.24716280462933438,1243959249.0075853,0.817749694954173,0.07142857142857142,0.0,0.023809523809523808,0.025492930177226775,0.4902085496545885,0.03843875291750909,0.06237484066126231,0.08187593672632199,0.6906827494069455,0.02711227806156513,0.06180987574496342,0.1432887041464297,0.07907265703762656,-0.393506579695855,0.1883057324957258,0.8744420074960569,0.009116368285652196,0.1022501885101228,-0.0009497562934615011,0.0009497562934615011,0.16404598711199392,0.07936507936507936,0.6984126984126984,1017247296.411375,20.74036608808302,0.015873015873015872,0.0,0.0,0.02012973386017206,0.055468936851760686,0.09905623959850152,0.6869190135840667,0.11310976274582218,0.5,0.005605979557444241,-0.060218483645141596,0.11310976274582218,0.10357016144961917,0.11310976274582218,0.03052132418035458,0.16466244274657796,0.008444729012951837,-0.0009497562934615011,0.0009497562934615011,0.07775839037806165,907053744.4274902,0.009451569032194795,0.015555389688181754,0.009315994634742752,0.009539601296203015,0.1000377653643707,0.12539538893105795,0.20439945911940893,1.0,3.0,1.0,1.0,0.0,63.0,126.0,0.45994318181818183,0.10047526977590193,0.04378266348773341,0.09002624369685441,0.10047526977590193,0.6767485822306238,0.2851269029191882,0.49711239312489747,0,0,0,0,0,0
recent_month_non_top10_control,2025-08-31,ABNB,130.52999877929688,-0.09170658130991094,0.112692877809498,0.9737063025769555,0.9869097296303718,-0.040996266299555884,-0.004879159858065418,-0.06005614337966092,0.13067622818658986,0.15272314304200307,-0.07107363335656891,0.08293408901003296,-0.13977098520335818,-0.18545153231071887,0.07191659903312497,-0.14471991232652384,-0.19136414161842796,0.19136414161842796,0.005389365222217668,0.7930318807382194,-0.5650482594192139,-0.5598895335886585,0.09266699966234215,0.08254968351276265,0.020592659495444643,0.006911756847056694,0.013435525204808951,0.07062008480692894,0.03441031369653672,-0.06005614337966092,0.09266699966234215,0.05807088203236255,-0.02115686886145085,0.011860455653464053,0.025891444479772208,-0.08817730971090665,0.011860455653464053,0.039773496899141246,0.41498189443453665,0.9344372808790864,0.7185854992544125,0.07297820198632787,0.05774367133837721,0.01727456977994085,-0.08451397739520339,0.08451397739520339,0.23502692557568783,672823682.542595,0.9062002612199566,0.12698412698412698,0.015873015873015872,0.05555555555555555,0.02887787221397755,0.6953793512757427,-0.013224569741014824,-0.04514971162622694,-0.01194329148217843,0.6980587825420322,0.0005289959661174404,0.06900167675153542,-0.013676874782227344,-0.08387628493061527,0.06634876685638114,0.29819997179378344,1.3003842713896072,0.013407857929662795,-0.07727167375745148,-0.08180926127756072,0.08180926127756072,0.10338119536808721,0.38095238095238093,0.2222222222222222,609712996.8750727,20.22849890912723,0.06349206349206349,0.0,0.015873015873015872,0.022217793092814877,0.004130978113635386,-0.06049717989736503,-0.03661498610878513,-0.014198359873246358,0.6666666666666666,-0.008147560517151283,-0.13977098520335818,0.05807088203236255,-0.023737961169449373,-0.014198359873246358,0.03375768166370441,0.3877745530494605,0.016297799532697277,-0.0032835057462224926,0.0032835057462224926,0.10338119536808721,715363583.628264,0.020818334126943228,0.020125086467474143,0.010481806159799323,0.009539601296203015,0.1000377653643707,0.12539538893105795,0.20439945911940893,1.0,3.0,1.0,1.0,0.0,63.0,126.0,0.6613636363636364,-0.06979239022100159,-0.030567669509565465,-0.10373095106222363,-0.030567669509565465,0.19281663516068054,0.2851269029191882,0.49711239312489747,0,0,0,0,0,0
recent_month_non_top10_control,2025-08-31,ABT,129.66299438476562,-0.01070733753371167,0.19369212158569726,0.9717973975150509,0.9800406770445412,0.13307462582282836,0.04645294551233059,-0.029977833854591962,0.04914015226340429,0.03919555061666058,-0.027615446486075834,0.025185967983996416,-0.038837557016353275,-0.1553732227856499,0.027548355352512544,-0.12388580546483678,-0.04526639946780442,0.04526639946780442,0.005365525155157869,0.8285043127269252,-0.688785401213756,-0.6895414903910404,0.009217716762068617,0.025980572403644795,-0.009757622968507906,0.013282931009756638,0.008001181632982246,0.01916231840881233,-0.0005325995612370052,-0.029977833854591962,0.01916231840881233,0.02164438147036485,-0.005439045311606661,-0.0024294785020794185,0.018191329268119505,-0.10246724386645012,-0.0024294785020794185,-0.010060305305971505,0.24197956934703663,0.6884156698480536,0.9979831306009685,-0.34092464225150987,-0.30713265888330943,0.010077681969387513,-0.04526639946780442,0.04526639946780442,0.10082136104837702,866218539.9215093,0.9288343421935068,0.047619047619047616,0.0,0.015873015873015872,0.020835755289778317,0.5390156914348975,0.04706714744044749,-0.005789245148443589,0.014361446842566572,0.7496333846623026,-0.06803587306623782,0.04370829126750085,-0.020252389877471466,0.021503715093645903,-0.21362480033130204,0.24149152815842978,0.6898069203168807,0.008884170677706185,0.044863678859465406,-0.034940064166264495,0.034940064166264495,0.10082136104837702,0.746031746031746,0.49206349206349204,804573527.723815,20.50582291701806,0.031746031746031744,0.0,0.015873015873015872,0.018310233160171906,0.02236204394976027,0.03667165694086938,0.30778621290608227,0.05127180522063424,0.5,-0.004253922848663401,-0.06803587306623782,0.05127180522063424,0.04173220392443122,0.05127180522063424,0.009512187455744225,0.16658252732158374,0.008284544326025947,-0.012064250747236271,0.012064250747236271,0.04218704410570173,685501032.4413481,0.006906997511495039,0.015372269610937449,0.006601384101571961,0.009539601296203015,0.1000377653643707,0.12539538893105795,0.20439945911940893,1.0,3.0,1.0,1.0,0.0,63.0,126.0,0.37310606060606066,0.009648848838859525,-0.064000351158222,-0.024022446824359833,0.009648848838859525,0.3516068052930057,0.2851269029191882,0.49711239312489747,0,0,0,0,0,0
recent_month_non_top10_control,2025-08-31,ACGL,91.52999877929688,-0.3532514292786926,-0.14885197015928364,0.9152327093798381,0.9256679165193957,-0.09124307317340696,-0.016546695181873794,-0.014853135598091649,0.02422674026571947,-0.033493729770224134,0.022925381223363628,-0.05985722152658712,0.03519531282076538,-0.1402485245291496,-0.022078704705131846,-0.05382190653864219,-0.1619682738775602,0.1619682738775602,-0.005711460837233284,0.961173418754622,-0.46060668806294647,-0.4805274757200325,-0.04834686536831578,0.028983954006178703,-0.05718444564928982,0.005301626981228491,-0.029636734136957332,0.009373604667627822,-0.017942132099593205,-0.04834686536831578,0.009373604667627822,0.04808117110364307,-0.01087621600335753,-0.036931840303223495,-0.04198230035073236,-0.1369696056675942,-0.036931840303223495,-0.1625834913070189,0.27596821728021903,0.7303024097321237,0.8231243238072771,-0.4414465925740628,-0.4059447577248626,0.012458323123779038,-0.055807752484629325,0.055807752484629325,0.07695024214508517,174034010.4928153,1.123399615194804,0.07142857142857142,0.007936507936507936,0.007936507936507936,0.022358777457069948,0.6815704173147085,0.05681937687173577,0.007605885751247987,0.02177280169376239,0.7648579947246175,-0.05480511066350491,0.055889378930334216,0.005271781564534672,0.02791962736953435,-0.2522962112514351,0.22715615224108002,0.8872322061316142,0.011116639116764263,0.05087456786135314,-0.049236501807969235,0.049236501807969235,0.06915077825883698,0.9841269841269841,0.3492063492063492,195509740.41843718,19.09112076437561,0.047619047619047616,0.0,0.0,0.01917320455273808,0.021555367012220383,0.05549654478322319,0.3153728422016992,0.06356032275017065,0.5,-0.0011891749981579973,-0.05718444564928982,0.06356032275017065,0.054020721453967635,0.06356032275017065,0.009368046421631693,0.20154025408922224,0.010624359621581533,-0.021488156046156504,0.021488156046156504,0.04272043805136683,174973313.5494414,-0.004242821552651321,0.017113833268595068,0.0009404669769539353,0.009539601296203015,0.1000377653643707,0.12539538893105795,0.20439945911940893,1.0,3.0,1.0,1.0,0.0,63.0,126.0,0.28806818181818183,-0.008740253829701006,-0.05703049590648346,0.026111651060013452,0.026111651060013452,0.4215500945179584,0.2851269029191882,0.49711239312489747,0,0,0,0,0,0
recent_month_non_top10_control,2025-08-31,ACN,254.7210693359375,-0.4301491647879745,-0.22574970566856556,0.8552012223130316,0.8566201297389696,-0.2723414969084518,-0.3179224742448664,-0.24658314484447375,0.1199583386325408,0.08803211014361323,-0.08639574699087271,-0.08893990553700648,-0.10461966652049703,-0.3719785337755317,0.07124749231659455,-0.8045421299140427,-0.3407011788737173,0.3407011788737173,-0.04087380422514697,1.059593302970043,-0.30077005507513643,-0.4233699937355705,-0.15855103470086052,0.0621274757915044,-0.03655499803063422,-0.09873199835282198,-0.10010502098294971,-0.12662480621193295,-0.1772529952524224,-0.24658314484447375,-0.12662480621193295,0.059067481776387876,-0.08903548636908176,-0.1753356525278792,-0.05659364925360599,-0.2753734178922499,-0.1753356525278792,-0.6164409575742262,0.30648879117221456,1.0094406832102023,0.9280345635754197,-0.41473894995932503,-0.43036200577771677,0.013562695600512447,-0.24606409543634244,0.24606409543634244,0.0929078377284509,1075579395.222146,0.9903329509740122,0.0873015873015873,0.007936507936507936,0.023809523809523808,0.021650808950416236,0.7289054381711119,-0.016402141884906407,-0.10056566431886194,-0.044820481987633665,0.8104466540200904,-0.1018908989836862,0.06026728195037182,-0.1258651727119795,-0.11956494263314055,-0.21601609433066027,0.2844321915562641,1.0877188445666839,0.013152027096688076,-0.08636003114566115,-0.1858713611009264,0.1858713611009264,0.0929078377284509,0.8888888888888888,0.20634920634920634,1065181716.4771912,20.78641124829186,0.07936507936507936,0.0,0.015873015873015872,0.019743732428427706,0.0024085752236346902,-0.06916438384913837,-0.08628215071547218,-0.02669416633364896,0.16666666666666666,-0.04454764955761409,-0.10461966652049703,0.059067481776387876,-0.036233767629851976,-0.02669416633364896,0.03829342834443228,0.30938225475714926,0.0136051432926841,0.0,-0.0,0.0929078377284509,1130799565.838841,0.016301733308468958,0.02060128668172761,0.01176895535203859,0.009539601296203015,0.1000377653643707,0.12539538893105795,0.20439945911940893,1.0,3.0,1.0,1.0,0.0,63.0,126.0,0.5483901515151515,-0.05142894796746034,-0.037965842788167725,-0.03835054572465757,-0.037965842788167725,0.14933837429111532,0.2851269029191882,0.49711239312489747,0,0,0,0,0,0
recent_month_non_top10_control,2025-08-31,ADBE,356.70001220703125,-0.5834143981283465,-0.37901493900893757,0.8357742456749888,0.8525723713519012,-0.3086271058655291,-0.18459251970893453,-0.18665629744451462,0.13790703550062033,0.11670091805395744,-0.05351605561692252,-0.08715219619835102,-0.12547883775456425,-0.31205168637557257,0.04598804562924108,-0.530734235211241,-0.39186766749548774,0.39186766749548774,-0.02271853804711388,1.1449380847016808,-0.37624370760759107,-0.4639864148172078,-0.06995537939055718,0.07425985246906916,-0.02229287883654929,-0.05064045636851022,-0.06432761176647628,-0.048749261943894284,-0.1017869795929887,-0.18665629744451462,-0.048749261943894284,0.10696566263908114,-0.06347324989929826,-0.14066825181527354,-0.06796114506241846,-0.24070601717964424,-0.14066825181527354,-0.521280159088681,0.3516944735442256,0.823584646752995,0.7672896695306376,-0.41519133190046753,-0.4168099258405965,0.014222692335997378,-0.20951152396364403,0.20951152396364403,0.06908442599192188,1455281956.531561,0.9867296402203486,0.10317460317460317,0.007936507936507936,0.015873015873015872,0.023617372195013718,0.6797822746121552,0.005293565128242417,-0.04952274324287487,-0.01970695523577537,0.8769159014106557,-0.07544975721929081,0.08021894451919999,-0.07800866494747616,-0.05246362706748875,-0.32887208740538576,0.26985153638150045,1.0733686109143028,0.012551576168053441,-0.03006715037157992,-0.14444017864626013,0.14444017864626013,0.06908442599192188,0.9206349206349206,0.2222222222222222,1435969841.387552,21.085106306229044,0.06349206349206349,0.0,0.015873015873015872,0.021094494984490602,0.003228825460932949,-0.025903089087964237,-0.009555431930329424,-0.0027677324711841145,0.16666666666666666,-0.0311641147841543,-0.12547883775456425,0.10696566263908114,-0.01230733376738713,-0.0027677324711841145,0.018930382382800204,0.2896501687589016,0.014728749850543996,-0.017923458608522402,0.017923458608522402,0.06908442599192188,1260605555.2746,-0.0014975726208761309,0.021644850349228185,-0.0009130673078139306,0.009539601296203015,0.1000377653643707,0.12539538893105795,0.20439945911940893,2.0,8.0,2.0,1.0,1.0,63.0,126.0,0.6205492424242424,-0.011073765270124603,-0.045949016225221406,-0.10252314570427667,-0.011073765270124603,0.2741020793950851,0.2851269029191882,0.49711239312489747,0,0,0,0,0,0
recent_month_non_top10_control,2025-08-31,ADI,247.98117065429688,-0.11588120536543389,0.08851825375397504,0.9921036376422516,1.0015907757494669,0.16774223077886452,0.1966235612929903,0.10211506726541342,0.19305322330658492,0.1497032693069027,-0.06584813935575629,0.24565103190187065,-0.11958865350767656,-0.023280321665644532,0.07768782528070095,0.2225257892635016,-0.016899520242530053,0.016899520242530053,0.03457715082112878,0.9752441108568117,-0.6705238295768716,-0.6112830611097766,0.2518183365723161,0.10129152184167221,-0.03347051832201431,0.13387034491420402,0.050603990262516274,0.29516829057199834,0.2163672314699093,0.10211506726541342,0.29516829057199834,0.09778362025958054,0.027541664434467483,0.17980289254611437,0.11741154560355782,0.07976512718174367,0.17980289254611437,0.7169963958337687,0.458890933960445,0.6341570730176236,0.5464749057302705,-0.32600471927787555,-0.24595226677717397,0.016793246843118944,-0.016899520242530053,0.016899520242530053,0.5337435598922471,856210852.2296845,0.9680272354084756,0.15079365079365079,0.031746031746031744,0.023809523809523808,0.028201216791882623,0.6890236119974474,0.06878094037795457,-0.008145304950319066,0.0607046569930878,0.999567495478034,-0.05625574883165263,0.10339325751509536,0.055835602547722685,0.00034119692998180184,-0.11481861037097774,0.25077237987650997,1.1604504916290361,0.011376421735513889,0.06897070235052105,-0.016899520242530053,0.016899520242530053,0.17175309517861237,0.047619047619047616,0.9841269841269841,828835424.2106363,20.535532171329496,0.07936507936507936,0.015873015873015872,0.0,0.020820186165477046,0.0698853016639509,0.11012325829879455,0.40814216847998613,0.11877301635544502,0.5,0.020775543592873313,-0.11958865350767656,0.11877301635544502,0.109233415059242,0.11877301635544502,0.0582342449643003,0.2910089315146794,0.012010411352708009,-0.016899520242530053,0.016899520242530053,0.13879839791620951,926954045.8558582,0.014496245750125425,0.02517665770896909,-0.011509020350743637,0.009539601296203015,0.1000377653643707,0.12539538893105795,0.20439945911940893,1.0,3.0,1.0,1.0,0.0,63.0,126.0,0.771780303030303,-0.018456352919271057,-0.06467725764464927,0.06000309875388998,0.06000309875388998,0.5614366729678639,0.2851269029191882,0.49711239312489747,0,0,0,0,0,0
recent_month_non_top10_control,2025-08-31,ADM,61.24803924560547,-0.13620859287374354,0.0681908662456654,1.0914296055147497,1.1146869334165954,0.18205719161580314,0.2598151385691776,0.3522524632625641,-0.01557567704668572,-0.022814478865929688,0.033174296887179544,0.2756585567143144,0.0171609951977445,0.22685707433150615,-0.04341960966107017,1.1455114094600667,-0.02445099490066549,0.02445099490066549,0.056217908760487045,0.8912837696164548,-0.4437638525085633,-0.2719798558024815,0.3294379843966344,0.011658347604219722,-0.0054155214588090805,0.20726242751604596,0.013508649229876268,0.3366767862158784,0.33945574462502565,0.3294379843966344,0.3522524632625641,0.021273864372953977,0.08593239036304201,0.30883285360149393,0.09343260562456024,0.20879508823712323,0.30883285360149393,1.1562229006987617,0.3075067261255802,0.9044010740741095,0.8686149657999921,-0.3074781125354339,-0.19247491029381558,0.01375673777602058,-0.02445099490066549,0.02445099490066549,0.527310517889706,197460778.7356755,0.9987663861493405,0.0873015873015873,0.015873015873015872,0.007936507936507936,0.025454785810871832,0.7103749672981168,0.011835112451183183,0.07720485022364931,0.11589333059555296,1.0428099859901732,0.02652527507312996,0.06453282863373365,0.19699453525432298,0.10129322964355092,-0.24337411038124557,0.2671049443968384,1.0411990463935403,0.012942970516417516,0.13537147377047276,-0.02445099490066549,0.02445099490066549,0.34477156782191476,0.06349206349206349,0.9365079365079365,197217188.38406518,19.099816163595957,0.06349206349206349,0.015873015873015872,0.0,0.023107392889823147,0.08137973625290229,0.16095807491682823,0.597118793624235,0.16606435742076453,0.8333333333333334,0.05317359603839069,-0.0054155214588090805,0.16606435742076453,0.15652475612456151,0.16606435742076453,0.049573235234877666,0.2781094133929878,0.012828441590836202,-0.02445099490066549,0.02445099490066549,0.1732100931484244,217039939.9724688,0.012899822448300124,0.02139877204115996,-0.005840522211980503,0.009539601296203015,0.1000377653643707,0.12539538893105795,0.20439945911940893,1.0,3.0,1.0,1.0,0.0,63.0,126.0,0.38323863636363636,-0.04629627438198991,-0.03368457491327437,-0.022160643944003855,-0.022160643944003855,0.23062381852551986,0.2851269029191882,0.49711239312489747,0,0,0,0,0,0
recent_month_top_future_return,2025-08-31,BE,52.93999862670898,3.240604680675955,3.4450041397953637,1.183925135721376,1.360142493909146,0.9285973462770847,1.2451229346055248,1.2039965702664204,0.6857413941761026,0.48878059339554136,-0.2310574953638408,2.0973271539897302,-0.1815154257810323,1.0786011813353624,0.662273088359469,1.4926075400449552,-0.03394161744976221,0.03394161744976221,0.20743573364060652,1.7163308895687814,2.0666105313806273,7.789732720918908,1.6927771636619617,0.3530678134133258,-0.06815870615402253,1.0057816373286816,0.23917922378331746,1.889737964442523,1.5955038994569684,1.2039965702664204,1.889737964442523,0.008187752239572799,0.41164297877449085,1.8662696586258893,0.2950731437763998,1.7662318932615186,1.8662696586258893,2.1654691194697917,0.8066397482021012,0.8432466463636291,1.0684219013923506,-0.4496073404398867,-0.22070641570189475,0.037404514456124416,-0.03394161744976221,0.03394161744976221,2.2438725255306564,218814768.97830358,1.418128327518216,0.46825396825396826,0.14285714285714285,0.1111111111111111,0.06410175519906576,1.026682082011199,-0.02782786017260841,0.530515840118285,0.5645687216389284,1.8635332917522487,0.5631270597989677,0.2956659587521147,1.2132106378701675,0.5572645364518629,-0.23782830321240112,0.8618315735127359,0.7892450026199607,0.03903465485487193,0.5402875027092298,-0.03394161744976221,0.03394161744976221,1.8960610852375077,0.015873015873015872,0.9841269841269841,310307422.3674865,19.553074052327705,0.42857142857142855,0.1746031746031746,0.09523809523809523,0.05987605411470384,0.3106771804190789,0.4416368369761545,0.6114214529110418,0.415886587079368,0.6666666666666666,0.1721000684932089,-0.1815154257810323,0.5631270597989677,0.40634698578316497,0.415886587079368,0.1965193579355342,0.6801962624950241,0.036121138497040184,-0.03394161744976221,0.03394161744976221,0.4664820184039602,484209991.04786825,0.09073676018423016,0.06282719473437123,0.026446408672043287,0.009539601296203015,0.1000377653643707,0.12539538893105795,0.20439945911940893,1.0,3.0,1.0,0.0,1.0,63.0,126.0,0.7900568181818182,0.5974688683153357,1.4964111652891656,1.0634680902438935,1.4964111652891656,0.996219281663516,0.2851269029191882,0.49711239312489747,1,1,1,1,1,1
recent_month_top_future_return,2025-08-31,CIEN,93.97000122070312,0.4256091919388272,0.6300086510582361,0.7835638774802611,0.8244404131985014,0.34781984474204286,0.07837964056568536,0.18097274828587917,0.2182231435648465,0.374049603958833,0.006158072962785255,0.1675866695589594,-0.24054291143717865,0.05557735935482122,-0.007228005764134515,0.3327611046574343,-0.04288041425327549,0.04288041425327549,0.08246798679464984,1.01597939012275,-0.031395197359850635,0.1368947946801875,0.5550223522447122,0.18789018617621753,0.11136858055513166,0.18285621624689274,-0.008122324308193374,0.3991958918507257,0.37839699746043903,0.18097274828587917,0.5550223522447122,0.19207851687123045,0.07643584535506465,0.17374474252174466,0.01586315652247494,0.07370697715737395,0.17374474252174466,0.40387916277920727,0.5438518677601584,0.8256972020463808,0.7910056764443483,0.1263949906579811,0.14010494207575785,0.023261314446219455,-0.040044929955938224,0.040044929955938224,0.7564486209477219,163733026.08728257,1.1230418553023525,0.23015873015873015,0.06349206349206349,0.05555555555555555,0.039561168365106494,0.9819726618388325,-0.038861491397970016,0.10264130869966959,0.08206267362342756,1.1447546982094772,0.14152212280463772,0.15399997032720494,0.15541619457854283,0.09056228550352952,0.10905233849315521,0.4301899145431463,1.0438574926010322,0.018950680022390823,0.030042030051187663,-0.040044929955938224,0.040044929955938224,0.3022449619143519,0.015873015873015872,0.8412698412698413,183879041.3913303,19.02978872109741,0.1746031746031746,0.031746031746031744,0.015873015873015872,0.031114417781509154,0.030677963028212574,0.023727549451028507,0.0271046477826727,0.012171530885243254,0.8333333333333334,0.03874349936692323,-0.24054291143717865,0.19207851687123045,0.0026319295890402383,0.012171530885243254,0.01766319820695217,0.44905696553726104,0.02321561892011894,-0.040044929955938224,0.040044929955938224,0.08460297648536752,157030234.28998676,0.031119037735549915,0.035398829003534034,0.006469189939305675,0.009539601296203015,0.1000377653643707,0.12539538893105795,0.20439945911940893,1.0,3.0,1.0,1.0,0.0,63.0,126.0,0.6506628787878788,0.5501755483307564,1.02107050869233,1.1731404071630083,1.1731404071630083,0.9905482041587902,0.2851269029191882,0.49711239312489747,1,1,1,1,1,1
recent_month_top_future_return,2025-08-31,LEU,201.72999572753903,3.889792548472995,4.094192007592404,1.0130567671285342,1.0247304997645104,1.2168131398630662,1.4511541706829907,1.223409988578192,0.6879768358132758,1.0193162402651383,0.39887571335845307,0.1905506862465396,-0.3143392837787373,1.098014599647134,-0.6339835889731993,1.3780700040245655,-0.19094409765625164,0.19094409765625164,0.22067260747135387,1.4829124748010356,0.23176259300436164,0.957795983367032,2.2427262288433303,0.5199524858462902,0.11380810055054025,0.32827734338521153,-0.1835922875755458,1.9113868243914678,1.79250768060433,1.223409988578192,2.2427262288433303,0.8317216985416946,0.15135561056044056,0.5894263996049927,0.4432713151472576,0.48938863424062196,0.5894263996049927,0.7225997115666198,0.8877705668110482,1.0243264752590269,0.9188213059689845,0.3423112767940355,0.25712375025795087,0.04189319853292219,-0.19094409765625164,0.19094409765625164,2.706228083712805,172035495.75307935,1.590880341316118,0.5873015873015873,0.19047619047619047,0.14285714285714285,0.0763160316208682,1.3650407531433628,-0.0548247307681059,0.022752554986469553,-0.006163156780832013,1.205104577468466,0.17589257838726313,0.4000481536850201,0.10126653452044998,-0.0735016603587676,0.1135479215524573,0.8157025115981529,1.1148266464922438,0.04179741122652885,-0.18162422098014974,-0.19094409765625164,0.19094409765625164,0.6192807253375141,0.47619047619047616,0.9841269841269841,273687888.2021465,19.427498924592555,0.6349206349206349,0.23809523809523808,0.12698412698412698,0.07829334151506058,-0.03371208493490119,-0.12376536124667337,-0.06978846234350666,-0.06346331734584365,0.6666666666666666,0.1978151819170291,-0.3143392837787373,0.8317216985416946,-0.07300291864204667,-0.06346331734584365,0.00916212425813634,0.9093668955402694,0.04255873648423179,-0.14135526674368593,0.14135526674368593,0.21100968609745507,331521175.1347133,0.06891542750453716,0.07603515122135528,0.005282292162585023,0.009539601296203015,0.1000377653643707,0.12539538893105795,0.20439945911940893,1.0,3.0,1.0,0.0,1.0,63.0,126.0,0.7835227272727273,0.5370545476192152,0.8215436436700156,0.2853814171650755,0.8215436436700156,0.9829867674858223,0.2851269029191882,0.49711239312489747,1,1,1,1,1,0
recent_month_top_future_return,2025-08-31,LITE,132.80999755859375,1.1009294100271398,1.3053288691465488,,,0.527078253357302,0.5613684619154535,0.8883832518251207,0.3611085418592037,0.24203056327783723,0.02772638841850772,0.8097113509500553,-0.11360730087367577,0.7629878628940627,-0.05094551245655765,1.2805772561027104,-0.020213983264300128,0.020213983264300128,0.1510198421085156,1.3543831409509688,-0.14214147754707873,0.5762616241939513,1.130413815102958,0.1840098446403035,-0.05293550255026036,0.5138803462764945,0.05749437138483582,1.2494917936843244,1.0894296202041343,0.8883832518251207,1.2494917936843244,0.22425470288716487,0.17756447516560292,0.837437739368563,0.31516324244628735,0.7373999740041923,0.837437739368563,2.170673151843601,0.6937365532547508,0.6753463195447524,0.5561135994941344,0.30977284246417547,0.5802227935729034,0.03023911270539339,-0.020213983264300128,0.020213983264300128,1.6797819588069665,223833928.01183066,1.212206987757339,0.40476190476190477,0.10317460317460317,0.07142857142857142,0.05271701999301754,1.1749841549780926,-0.020213983264300128,0.177244214924988,0.2515383722438873,1.4399676545925089,0.15800551923223827,0.1687073200671171,0.39711762012965934,0.18957612846728944,0.06685515550329035,0.38579633173115374,1.2144035322262885,0.0203858534894951,0.17120664138086372,-0.020213983264300128,0.020213983264300128,0.7507249735042978,0.015873015873015872,0.9841269841269841,271333051.6331143,19.418857600776477,0.2698412698412698,0.031746031746031744,0.0,0.04052863431500732,0.1615492980583786,0.18691554181271264,0.4407271553206763,0.206486149613478,0.6666666666666666,0.12289446845920539,-0.11360730087367577,0.31516324244628735,0.19694654831727498,0.206486149613478,0.11890407502765976,0.46851242797425807,0.02475640270060244,-0.020213983264300128,0.020213983264300128,0.24493810628673418,411317294.0259661,0.07814324874514234,0.04613089972217828,0.0339592519957399,0.009539601296203015,0.1000377653643707,0.12539538893105795,0.20439945911940893,1.0,3.0,1.0,1.0,0.0,63.0,126.0,0.756723484848485,0.2251337226482668,0.517656812467514,1.4483096878204047,1.4483096878204047,0.994328922495274,0.2851269029191882,0.49711239312489747,1,1,1,1,1,1
recent_month_top_future_return,2025-08-31,MU,118.81929779052734,0.03797984195521642,0.24237930107462535,0.8423341742049992,0.8318661290567688,0.21931704266342056,0.3072899970242853,0.2739201699052871,0.27412428854793514,0.09703182053406878,0.0101783501636461,0.2509060610187117,-0.07077696462804095,0.14852478097422916,-0.012835758722929302,0.4430695666647738,-0.06870435015927046,0.06870435015927046,0.0575817828706644,1.0227444614287398,-0.2939700819085621,-0.10963667646653075,0.3709519904393559,0.1389970275433433,-0.11439753364112937,0.14031585470824437,0.013993888764282536,0.5480444584532222,0.39763887293262173,0.2739201699052871,0.5480444584532222,0.22755022956934234,0.04487962001344292,0.2610844111823578,0.30478519297311424,0.1610466458179871,0.2610844111823578,0.6630803268075199,0.6182328702177258,0.732427729097347,0.636887473295758,-0.4260256019819123,-0.3741186106744808,0.02673341708525955,-0.06870435015927046,0.06870435015927046,0.8405753596234014,2270254731.2449985,1.1244792632004577,0.30952380952380953,0.07142857142857142,0.047619047619047616,0.039438394792018015,0.7543114109050029,0.07723628793792048,-0.024221104315984676,0.007007177660199648,1.008025291769859,-0.1136492409813592,0.182413619834317,-0.03349270211380839,0.01924353976801041,-0.2685543184394895,0.39374477062135166,1.1500112026182403,0.020392758553859327,0.06376536537520705,-0.06870435015927046,0.06870435015927046,0.21330240975635228,0.746031746031746,0.9841269841269841,2552854367.467729,21.660477930283673,0.25396825396825395,0.015873015873015872,0.0,0.030702993540086328,0.027877061653471813,0.059693708408851576,0.19971765835864336,0.09043433206544482,0.5,0.05399100255956198,-0.11439753364112937,0.30478519297311424,0.08089473076924181,0.09043433206544482,0.005903952618635522,0.45281089718690376,0.023873378051273892,-0.06841489429982761,0.06841489429982761,0.13472551370868602,2123648448.38562,0.0018014486013684383,0.03533315888775205,0.005695700360924372,0.009539601296203015,0.1000377653643707,0.12539538893105795,0.20439945911940893,2.0,7.0,2.0,1.0,1.0,63.0,126.0,0.9338068181818182,0.40593222640750537,0.8814395870316991,0.9883042655450796,0.9883042655450796,0.9848771266540642,0.2851269029191882,0.49711239312489747,1,1,1,1,1,0
recent_month_top_future_return,2025-08-31,QBTS,15.619999885559082,14.260947108254967,14.465346567374377,1.1481226074077786,1.1927302217093438,4.172185425235328,1.629629585032066,1.850364932699395,-0.5898728588234472,-0.7951017640725198,1.979926983005193,-2.023405246413895,0.38686129163873884,1.724969543768337,-1.8938431961080968,1.273118325425473,-0.23054184863994764,0.23054184863994764,0.1461847829651053,0.9091116526629303,-0.7088261619403148,-0.7214858947691964,1.0552631686268752,0.4127662188126818,-0.09078948235247619,0.0984065297289014,-0.08820987061933461,1.2604920738759477,1.3887067250674061,1.0552631686268752,1.850364932699395,1.3632417198709295,-0.008505658631088764,-0.04347826340870187,-0.10349048305443953,-0.14351602877307257,-0.04347826340870187,-0.05434701370229721,1.4534115924228863,0.45473610436020184,0.5504373361080082,-0.4712705342607666,-0.5195605620851542,0.05638753416102142,-0.23054184863994764,0.23054184863994764,2.3736499998867124,806627058.6450709,0.95411980570114,0.5793650793650794,0.1984126984126984,0.15873015873015872,0.0976904589043414,0.5486471008455021,-0.07733993633025738,0.030165487431289995,-0.059002138722982767,0.8107421078365169,0.17418033681248568,0.5688905833207334,0.06693985787256507,-0.05035105231244563,-0.3762097478237011,0.8000120052017516,0.8261360095510898,0.03983916075393908,-0.16048242522316702,-0.23054184863994764,0.23054184863994764,0.11412263734338168,0.42857142857142855,0.6984126984126984,769618852.467717,20.461405954764817,0.5396825396825397,0.14285714285714285,0.09523809523809523,0.07364165399681312,-0.08644286475978424,-0.1334978836967976,-0.13818976709310293,-0.0913322047540358,0.5,0.2731118630268671,-0.10349048305443953,1.3632417198709295,-0.10087180605023882,-0.0913322047540358,-0.05727564245489947,0.6609187255703408,0.03594201226725086,-0.16246647694087057,0.16246647694087057,0.05469273754168791,626527465.5172439,0.010806957390185667,0.06705231922404996,0.011134122983242456,0.009539601296203015,0.1000377653643707,0.12539538893105795,0.20439945911940893,1.0,4.0,1.0,0.0,1.0,63.0,126.0,0.9283143939393939,0.5819461757690159,1.3725993370559193,0.4513444457354121,1.3725993370559193,0.9924385633270322,0.2851269029191882,0.49711239312489747,1,1,1,1,1,1
recent_month_top_future_return,2025-08-31,RGTI,16.229999542236328,16.51394048646858,16.71833994558799,1.5845408335449542,1.753925337538321,4.321311408516796,0.23234619956080316,0.9184396535524424,-0.08867643465321917,0.13080269315103554,0.4314420333418518,-0.0912273345505612,-0.06382978243712933,0.7930442646213844,-0.5782249547611518,0.7707860397610732,-0.18850002288818357,0.18850002288818357,0.1279615135737746,0.7337564749607136,-0.21282624215396306,0.054981840768034695,1.049242346703478,0.11041130840338698,0.11994946971132814,0.28544779747165294,0.04925172947597567,0.8297632188992232,0.9324817397183812,0.8297632188992232,1.049242346703478,0.3652761908591553,0.11473977704447158,0.3402146987912906,-0.02064409637387188,0.24017693342691993,0.3402146987912906,0.3459741055243641,1.19156238719261,0.6729013525442913,0.8252636039216257,-0.16193155458161823,-0.06194134582737609,0.05207039314328765,-0.09733036955251984,0.09733036955251984,1.1639999389648437,582317853.4007081,1.0805692672294112,0.5555555555555556,0.19047619047619047,0.1746031746031746,0.09014259971200363,1.0453056649830854,0.05768127794544109,0.15015699726633258,0.11563257956329487,1.181354354426962,0.22259699997853022,0.15759163096610507,0.36846543103386575,0.08036809501477404,-0.09806061498844887,0.9833530699520289,0.8153774737510368,0.0426814874319455,-0.008391964665575125,-0.09733036955251984,0.09733036955251984,0.5041704911599516,0.1746031746031746,0.7619047619047619,629234776.1438068,20.26001499962319,0.5238095238095238,0.15873015873015872,0.12698412698412698,0.07465710638583849,0.03849843197715952,0.0515172038860523,0.14880235305732067,0.11931031325767782,0.6666666666666666,0.12377651583261505,-0.06382978243712933,0.3652761908591553,0.10977071196147481,0.11931031325767782,0.024039350327133002,0.8018039419828118,0.04067054399559635,-0.09733036955251984,0.09733036955251984,0.14943340465853705,639568356.4964794,0.05657181033206449,0.08112403813703488,0.04078488435631766,0.009539601296203015,0.1000377653643707,0.12539538893105795,0.20439945911940893,1.0,4.0,1.0,0.0,1.0,63.0,126.0,0.9051136363636364,0.8354899418205766,1.7276649233758214,0.5754775364153173,1.7276649233758214,0.998109640831758,0.2851269029191882,0.49711239312489747,1,1,1,1,1,1
recent_month_top_future_return,2025-08-31,SNDK,52.470001220703125,,,0.9443868827176414,0.9673012293605028,,,0.11995737309759802,0.5141130169162826,-0.01787796650135265,-0.195517612502632,0.5876641535619441,0.01622203118427601,-0.0054380158334599304,0.2721891679617141,0.16258935537568145,-0.07001058270888683,0.07001058270888683,-0.020766457874322186,0.7944809615094772,-0.23121681576841957,0.07025885075255855,0.10207940659624537,0.3021164847887451,-0.32556185257913917,0.28312197627879865,0.33197447979616734,0.6340703900138807,0.28536905656924133,0.10207940659624537,0.6340703900138807,0.17377757428502028,0.05171823410908205,0.3921465410593121,0.20323693623018224,0.2921087756949414,0.3921465410593121,0.8327134418495091,0.7377935217248551,0.7539508574103085,0.6382899051584301,1.2863941163746486,1.7951329728617798,0.0306774149755823,-0.07001058270888683,0.07001058270888683,0.771438208442033,129073023.14107229,0.9467753793512026,0.3492063492063492,0.09523809523809523,0.03968253968253968,0.058101175695054144,1.3318702781029983,0.09527825861316275,0.0003371268718155296,0.17027021461776903,0.9316167175799225,-0.053583249987592674,0.21014676949271616,0.15700116838250966,0.04986477261478384,0.39204108957615413,0.4709261570082619,1.1812044203067416,0.022448345846575027,0.11431470398437815,0.0,-0.0,0.405571889821166,0.0,0.9841269841269841,122203160.44839527,18.621195475466916,0.2698412698412698,0.07936507936507936,0.015873015873015872,0.04490336142615952,0.17888039027760017,0.15121014803422184,0.40000547770028744,0.22250707034437145,0.6666666666666666,0.03943308491285302,-0.32556185257913917,0.22250707034437145,0.21296746904816843,0.22250707034437145,0.15030476411442484,0.5562600582962256,0.02767152502184417,0.0,-0.0,0.2895060946564332,120566688.07847159,0.11099350716359879,0.04022979289608229,0.06685376900503748,0.009539601296203015,0.1000377653643707,0.12539538893105795,0.20439945911940893,1.0,3.0,1.0,1.0,0.0,63.0,126.0,0.6445075757575758,1.1383646719636702,2.7989326699768573,3.255383906703573,3.255383906703573,1.0,0.2851269029191882,0.49711239312489747,1,1,1,1,1,1
recent_month_top_future_return,2025-08-31,WBD,11.640000343322754,0.28029443332656623,0.48469389244597516,1.1257219443839224,1.1820139864893056,0.11068710417509164,0.11494260643403154,0.01570683286008845,0.3268537485578482,0.06910219229451697,-0.130017431601954,0.29751994229061496,-0.06369986854107224,-0.1096885560709695,0.1517956778285725,0.025492482938817798,-0.1503649266147603,0.1503649266147603,0.033393141302167084,1.1819580537633294,0.136337635711818,0.32667704268356457,0.08480902515460542,0.17226159887527395,-0.19198504695490803,0.10433292410484452,-0.022630893441913602,0.34256058141793666,0.1476921464775435,0.01570683286008845,0.34256058141793666,0.14994235055307614,0.07688849277099852,0.16750251068866095,0.14944831807534187,0.06746474532429025,0.16750251068866095,0.36917489992294766,0.6161358584718875,0.8959562457444517,0.7363981184885628,0.085685942065582,-0.04044155921218184,0.025519093766172903,-0.1503649266147603,0.1503649266147603,0.5136541296112835,556628145.2906297,1.2836085350411321,0.29365079365079366,0.05555555555555555,0.06349206349206349,0.04680245122588894,1.0971267966065086,-0.11167881418045489,0.026819503288240787,-0.02797492068619223,0.8471515288367466,0.14921466251787807,0.15525009027076078,0.01570683286008845,-0.05169447087922119,0.1312017018973448,0.4537212869120334,1.216673730214544,0.02086720806747884,-0.10382720522964195,-0.1503649266147603,0.1503649266147603,0.2214061562931149,0.38095238095238093,0.9047619047619048,714492638.1391677,20.387083253166598,0.23809523809523808,0.047619047619047616,0.031746031746031744,0.03964274625713332,-0.05386363778244496,-0.10563379174765064,-0.2104467829734756,-0.11617309978040136,0.5,0.01279121931165241,-0.19198504695490803,0.14994235055307614,-0.12571270107660437,-0.11617309978040136,-0.017762939517722454,0.552030770625007,0.02432284219627768,-0.0955710608526471,0.0955710608526471,0.0797774240866822,567870524.2197355,-0.015644799201071757,0.03454835510790138,-0.02496228520878796,0.009539601296203015,0.1000377653643707,0.12539538893105795,0.20439945911940893,1.0,3.0,1.0,1.0,0.0,63.0,126.0,0.8607954545454546,0.677835061048673,0.9286941667332353,1.0618556092884925,1.0618556092884925,0.9886578449905482,0.2851269029191882,0.49711239312489747,1,1,1,1,1,1
recent_month_top_future_return,2025-08-31,WDC,80.12286376953125,0.4191385917903454,0.6235380509097543,1.0428101808463786,1.035464963330642,0.45893770677639645,0.6350046861815248,0.6449967415265789,0.1901535340990177,0.34584379476374627,0.053545869915287536,0.5078448473762607,-0.17371747684431904,0.519601352595521,-0.08360602423503072,1.2325931848391989,-0.02072158330725493,0.02072158330725493,0.14598340634047413,1.2912687908559262,-0.3239855189928136,0.05552273539928465,0.9908405362903252,0.17320784921243498,0.08483788098043066,0.36825441236656387,-0.001692108473913878,0.8351502756255966,0.8236625178141669,0.6449967415265789,0.9908405362903252,0.17533059169771592,0.1564839548730843,0.5613907172915482,0.24363199468091445,0.4613529519271775,0.5613907172915482,1.812690633190935,0.5232843645900278,0.5154614050891968,0.5918392697665046,-0.7915936150453718,-0.7872236815294744,0.02068461607499681,-0.02072158330725493,0.02072158330725493,1.6355497781731514,391773344.22398067,1.1417185051129164,0.1746031746031746,0.05555555555555555,0.031746031746031744,0.03435684137004689,0.4507622443235128,-0.02072158330725493,0.1316351979583481,0.1357917094294756,1.015325174077547,0.22972339837188227,0.15777741169960596,0.2555086424036259,0.12927163278180753,-0.5721698986934158,0.3097002362191914,0.87094829866994,0.015029829592291268,0.11520241259566633,-0.02072158330725493,0.02072158330725493,0.5422435102163574,0.015873015873015872,0.9841269841269841,447294876.9104912,19.918728617209613,0.09523809523809523,0.015873015873015872,0.0,0.026485557882111918,0.07364791163337281,0.12115809532230415,0.07773737967407185,0.020968328378465184,0.8333333333333334,0.09679578621084824,-0.17371747684431904,0.24363199468091445,0.011428727082262169,0.020968328378465184,0.046338969754653236,0.26973289383278326,0.014003487847208496,-0.02072158330725493,0.02072158330725493,0.08891304809912115,459685780.15743434,0.028154579315590178,0.02362281249065813,-0.0006965906755506124,0.009539601296203015,0.1000377653643707,0.12539538893105795,0.20439945911940893,1.0,3.0,1.0,1.0,0.0,63.0,126.0,0.7584280303030303,0.4961383998116906,0.8718555106026893,1.0353516290060507,1.0353516290060507,0.9867674858223062,0.2851269029191882,0.49711239312489747,1,1,1,1,1,1
recent_month_non_top10_control,2025-09-30,A,127.5839385986328,-0.3639033004910872,-0.12717477129592103,0.9900475500757646,1.0084532424188621,-0.038615474175730746,0.009634120063555685,0.10405531327892881,0.04746888602537824,0.09370117303277392,0.010948135020154126,0.08115073240286996,-0.07823057032344827,-0.17919345902640327,-0.011956445855904718,0.2900841950997619,-0.15365405914685426,0.15365405914685426,0.03917633297887946,1.0632302126102688,0.5089241138292562,0.6478943157402206,0.19775648631170273,0.046851946473514476,0.04014877588792909,0.08583850356362666,0.019721425811904947,0.15152419930430705,0.1511119996316462,0.10405531327892881,0.19775648631170273,0.05441387556925714,0.02720097665206933,0.09209886742302409,-0.02506755135127192,0.0025005918068841115,0.09209886742302409,0.3018523583849852,0.35870728235691535,0.7237798969990483,0.8505885308836385,0.35745564787783524,0.3892988875329637,0.016371961396171995,-0.0011049400340956694,0.0011049400340956694,0.2980015301852996,222701774.85186866,0.8982980116550382,0.1111111111111111,0.023809523809523808,0.031746031746031744,0.02658367283980913,1.011194133883514,-0.0011049400340956694,0.05381409663653991,0.059353017377362205,0.9096901455489521,0.09450409884932132,0.061341815648749645,0.12017901233740913,0.06530856570110677,0.10936591930994388,0.30511230031723113,0.8509165956507145,0.014448697193466977,0.04325986759488121,-0.0011049400340956694,0.0011049400340956694,0.14787338049338672,0.2698412698412698,0.7936507936507936,200052561.5414816,19.114090702690508,0.07936507936507936,0.015873015873015872,0.015873015873015872,0.02310260385680495,0.034750957414469985,0.025146235602417244,0.09035348047550718,0.02345803319976647,0.6666666666666666,0.018204443638592305,-0.07823057032344827,0.09450409884932132,-0.030304181013449005,0.02345803319976647,0.021228135467245224,0.25962511987709674,0.012360400458612007,-0.0011049400340956694,0.0011049400340956694,0.05511312128119639,222414477.28725615,0.024805533278053238,0.021038953768143073,0.03379479675120001,0.053762214213215476,0.08959827561613998,0.2832487723053321,0.23672852919516618,1.0,3.0,1.0,1.0,0.0,63.0,126.0,0.5034090909090909,0.1403193578637687,0.1959484728586003,0.06014800735910675,0.1959484728586003,0.8752362948960303,0.2189065999625741,0.315999122317627,0,0,0,0,0,0
recent_month_non_top10_control,2025-09-30,AAPL,253.9116668701172,-0.1388097205383403,0.0979188086568259,1.179512895125701,1.19267810275671,0.020421422603912776,0.055463486372697046,0.14911658713025155,0.12008424222598135,0.05207529607538697,-0.07514053934680476,0.31761751667984894,-0.04335302028216581,-0.13413218517508052,0.09336039020279263,0.3788794067739862,-0.01345859217141554,0.01345859217141554,0.042485820020403464,0.8668333642286805,-0.5897818366973915,-0.4903133764126618,0.20119188320563852,0.060218046089249445,-0.05358407005224708,0.1719948871179806,0.0736904612029774,0.2692008293562329,0.20650309989737434,0.14911658713025155,0.2692008293562329,0.021508528939144567,0.0682969396139963,0.24247697733304419,0.011697701048496878,0.1528787017169042,0.24247697733304419,0.9769191332665743,0.39357268952652374,0.7298130564497104,0.6306478790647767,-0.04348476853449146,0.049183593333453235,0.01482180491117748,-0.008720393748828714,0.008720393748828714,0.4804156925697707,12546062337.00747,0.9960918530130328,0.15873015873015872,0.023809523809523808,0.015873015873015872,0.023826746654582946,0.606763271030519,-0.003620309648069364,0.07977955215987631,0.10664780076364666,1.0669282694042121,0.11963891948030181,0.07093499990747015,0.2281109031337858,0.07720245627089373,-0.28328404757031855,0.24820578190772205,1.1572433376482474,0.010980938733642179,0.09372629684004474,-0.008720393748828714,0.008720393748828714,0.2596055172269709,0.047619047619047616,0.6507936507936508,12497030481.28679,23.248756891615425,0.1111111111111111,0.015873015873015872,0.0,0.018652365734889816,0.06791463377790241,0.10596879982327412,0.3372896483058616,0.0968812192629327,0.6666666666666666,0.025464879732743844,-0.05358407005224708,0.11963891948030181,0.04311900504971722,0.0968812192629327,0.04732350842529409,0.28723448747848523,0.01355718941053939,-0.008720393748828714,0.008720393748828714,0.12275680304249814,14582419892.195784,0.01584630260773534,0.019016392500246677,-0.0004318114535527551,0.053762214213215476,0.08959827561613998,0.2832487723053321,0.23672852919516618,2.0,8.0,2.0,1.0,1.0,63.0,126.0,0.8101325757575757,0.06181508747860254,0.09617997933337352,0.06870171940442371,0.09617997933337352,0.6729678638941399,0.2189065999625741,0.315999122317627,0,0,0,0,0,0
recent_month_non_top10_control,2025-09-30,ABBV,224.57308959960935,-0.022323623922914537,0.21440490527225164,1.0593641173001238,1.0951273418983014,0.3388900791046179,0.12758018739089638,0.1249430462891783,0.12990531335390276,0.07208309937551638,-0.10588303456250425,0.36404397968978774,-0.060218483645141596,-0.15830572601615378,0.1332178988381052,0.4497102453864489,0.0,-0.0,0.04142335999308133,0.9396378825684596,0.4172245703884243,0.7830966049375085,0.19702614566469467,0.06508298815425136,-0.04607904495713966,0.17772352721776352,0.10588303456250425,0.25484835964308106,0.19227251719898467,0.1249430462891783,0.25484835964308106,-0.0026328789627684257,0.0667955196382628,0.2581609451272835,0.02711227806156513,0.16856266951114351,0.2581609451272835,1.29340435803608,0.2778301085442498,0.7978222873916639,0.7184175182123966,1.1542664196778203,1.3707169193641158,0.012365725216898786,0.0,-0.0,0.3724718238789373,1203842874.3632967,0.8588784319464782,0.07936507936507936,0.0,0.023809523809523808,0.024250237873833406,1.0960705636261687,0.0009497562934615011,0.07949124965073873,0.11603178998789399,1.0699960398735546,0.11310976274582218,0.07278309873378012,0.22494976644789877,0.06921731753946503,0.15806789104155894,0.1995980170650407,1.1105273286999546,0.00961528433740243,0.06717359149161783,0.0,-0.0,0.25258308278333175,0.0,0.7936507936507936,1033954680.2430894,20.756656783487127,0.047619047619047616,0.0,0.0,0.018819003149794712,0.07598599191779076,0.06864689821173453,0.4532874635605348,0.10047526977590193,0.5,0.021961150503039928,-0.060218483645141596,0.11310976274582218,0.046713055562686456,0.10047526977590193,0.06064802134607872,0.22165905270504763,0.009596644577964771,0.0,-0.0,0.10367508194911701,1171769834.9476407,0.040952003135412474,0.018916844408839534,0.03937726609554937,0.053762214213215476,0.08959827561613998,0.2832487723053321,0.23672852919516618,1.0,3.0,1.0,1.0,0.0,63.0,126.0,0.484375,-0.05151647460438913,-0.009495012169764894,-0.006058451562351408,-0.006058451562351408,0.30434782608695654,0.2189065999625741,0.315999122317627,0,0,0,0,0,0
recent_month_non_top10_control,2025-09-30,ABNB,121.41999816894533,-0.2792330595430824,-0.042504530347916236,0.9485769575930986,0.9711798433021518,-0.07602165143264927,-0.1256570718067408,0.01640715804029691,-0.07516686215699986,-0.02050820797065489,0.10781849449295788,-0.19033321771438183,0.020592659495444643,-0.26684161426503517,-0.09892188126172086,0.04247727314186892,-0.24780077099328923,0.24780077099328923,0.008587253314424226,0.7984690761526038,0.01762186639024521,-0.06634692025901467,-0.004101049930357981,0.03885488437369553,0.05807088203236255,-0.07133767999041052,-0.08687603846660563,-0.05875970411670295,-0.015484532002254673,-0.05875970411670295,0.01640715804029691,0.025891444479772208,-0.03709243754005365,-0.08251472322142395,0.0005289959661174404,-0.17211299883756392,-0.08251472322142395,-0.29868088135305787,0.386257328371786,0.5085470253993501,0.7152325828652634,-0.10311583401452129,-0.1657115237100174,0.01576022489671294,-0.1458919876117869,0.1458919876117869,0.14883144445246543,659417442.3298366,0.9065621012401399,0.0873015873015873,0.015873015873015872,0.031746031746031744,0.026752677757252895,0.68808523981383,-0.06408272633422618,-0.03793537647612488,-0.04549729902583599,0.8151670535524655,-0.014198359873246358,0.04350942146958655,-0.08299981262147615,-0.021494049729392395,-0.04885946423714993,0.2762638266219887,0.7110232916991578,0.012258332665072771,-0.03218944822182712,-0.1458919876117869,0.1458919876117869,0.02637358441844251,0.7142857142857143,0.5555555555555556,597802862.1129354,20.20877159721873,0.047619047619047616,0.0,0.015873015873015872,0.021144762156205702,-0.029118986170732275,-0.051108579792022435,-0.3553041019989454,-0.06979239022100159,0.6666666666666666,0.0035155386465748153,-0.06979239022100159,0.05807088203236255,-0.12355460443421706,-0.06979239022100159,-0.017267844017567313,0.1964300153821718,0.01104572403822355,-0.04835800882543784,0.04835800882543784,0.008723065534640417,616661134.1004145,-0.018844152027338246,0.02150270026927559,-0.009414727949534463,0.053762214213215476,0.08959827561613998,0.2832487723053321,0.23672852919516618,1.0,3.0,1.0,1.0,0.0,63.0,126.0,0.618939393939394,0.04216770568105255,-0.03648493141147846,0.1177730461819031,0.1177730461819031,0.7410207939508506,0.2189065999625741,0.315999122317627,0,0,0,0,0,0
recent_month_non_top10_control,2025-09-30,ABT,130.91409301757812,-0.03934130395157398,0.1973872252435922,0.9549301026005472,0.96442924416392,0.20125322799878376,-0.020618236603111795,0.01895550595660489,-0.011759577290648693,0.010040555604795776,0.030079284026887976,-0.04087823731405327,-0.009757622968507906,-0.2642932663487272,-0.02975445924377018,0.08304238285194117,-0.03605431927488911,0.03605431927488911,0.007065541631580352,0.8889121388657709,0.3110770996747656,0.2969188393195057,0.028996061561400666,0.010911356539303262,0.02164438147036485,0.01588218695733845,-0.0046249930542571205,0.007195928665956197,0.01838249872798725,0.007195928665956197,0.028996061561400666,0.018191329268119505,0.004236239294394206,-0.010798953287165292,-0.06803587306623782,-0.10039722890330527,-0.010798953287165292,-0.04569333568730403,0.22826303034200315,0.7424858487763106,1.0353643821773595,0.7013790146026586,0.7177953635321677,0.009321008696235252,-0.025628346724965168,0.025628346724965168,0.1114430199597205,823006327.7609204,0.952081936859593,0.031746031746031744,0.0,0.015873015873015872,0.020198387313474047,0.9584899742734474,0.015323787502796948,0.02387517316698462,0.019828628999401854,1.0327554457934258,0.05127180522063424,0.04039185811649382,0.061415367957763145,0.014763003508421413,0.2098964240621457,0.23633541138397998,0.7171251605303162,0.00900584100276001,0.020941235821734683,-0.019616276663467547,0.019616276663467547,0.1114430199597205,0.09523809523809523,0.8253968253968254,783569458.5823181,20.479370268775796,0.015873015873015872,0.0,0.015873015873015872,0.018450198580077487,0.008156743929635502,0.013430537750777072,0.05693138423826669,0.009648848838859525,0.6666666666666666,0.003827144793872065,-0.06803587306623782,0.05127180522063424,-0.04411336537435595,0.009648848838859525,0.004424495600989342,0.16948206982773495,0.008298843928453767,-0.019616276663467547,0.019616276663467547,0.03540514262760497,709414365.2927943,-0.004230160115910375,0.01912370887636662,0.0028451786674765778,0.053762214213215476,0.08959827561613998,0.2832487723053321,0.23672852919516618,1.0,3.0,1.0,1.0,0.0,63.0,126.0,0.3480113636363637,-0.07294536123304785,-0.03334951127012409,-0.06042162174258758,-0.03334951127012409,0.21739130434782608,0.2189065999625741,0.315999122317627,0,0,0,0,0,0
recent_month_non_top10_control,2025-09-30,ACGL,90.7300033569336,-0.3838949510185714,-0.14716642182340522,0.9235837776175704,0.9329391494242518,-0.01754190735196892,-0.023463569252498373,-0.05666455532282744,0.011315254848551115,0.057215978476660045,-0.05333746347619761,0.049822914502022364,-0.05718444564928982,-0.3399133276281595,0.05315000634865219,-0.20491087126058874,-0.16929288388121289,0.16929288388121289,-0.0033795616846963306,0.9572537994219767,-0.09691606890413107,-0.10009000160775816,0.0005514231538326086,0.030300108951710945,0.04808117110364307,-0.00010576015226093638,0.029554492552437917,-0.04534930047427632,-0.03382081088109038,-0.05666455532282744,0.0005514231538326086,-0.04198230035073236,0.0031837627717086203,-0.0035145489741752467,-0.05480511066350491,-0.09311282459031522,-0.0035145489741752467,-0.015482157480020287,0.2765326943086691,0.8139858412929054,0.8209026047939747,0.10351887396033277,0.09387383889605361,0.01250879515366337,-0.0629001896001471,0.0629001896001471,0.06753742366677917,179837542.33520144,1.1604121238470904,0.07142857142857142,0.007936507936507936,0.007936507936507936,0.021910169006079748,0.7538955788185414,0.019195903870287356,0.012544829994564077,0.009627832544139237,0.9193510964068201,0.06356032275017065,0.052970895570336796,0.05426453556613553,-0.006671766952190072,-0.14980036476561343,0.2270064090686824,0.99157419715728,0.011424433959314986,-0.02937335188745882,-0.03004059793768188,0.03004059793768188,0.05980612907463234,0.42857142857142855,0.6825396825396826,208685664.44863212,19.156339684727474,0.031746031746031744,0.0,0.0,0.019179103985477824,8.086931704220923e-05,-0.011919840329028153,-0.03882940266332562,-0.008740253829701006,0.3333333333333333,-0.008511769439902395,-0.05718444564928982,0.06356032275017065,-0.06250246804291648,-0.008740253829701006,0.007266158557037272,0.22509369782183586,0.011229694852923012,-0.023358429852563756,0.023358429852563756,0.03869496212771972,194391442.69500005,0.016924488807694482,0.018508617818306032,0.004161437223426656,0.053762214213215476,0.08959827561613998,0.2832487723053321,0.23672852919516618,1.0,3.0,1.0,1.0,0.0,63.0,126.0,0.3091856060606061,-0.04871603256699386,0.03515920526820904,0.05720263000095116,0.05720263000095116,0.5727788279773157,0.2189065999625741,0.315999122317627,0,0,0,0,0,0
recent_month_non_top10_control,2025-09-30,ACN,241.62103271484372,-0.526253100530823,-0.2895245713356568,0.9605498385841282,0.9550170372604597,-0.28900548262560055,-0.2853305810860749,-0.20182586975450334,-0.01592140259013919,0.03028429614517325,-0.037392243128314684,-0.13342876413280536,-0.03655499803063422,-0.4850746420598354,0.0310048624933833,-0.6795983335604946,-0.3746082236404288,0.3746082236404288,-0.0342356174710019,1.407714417424888,1.8584544758990051,1.3701704031158801,-0.1715415736093301,0.023471955780833078,0.059067481776387876,-0.11477711132087787,-0.11160015428641701,-0.21774727234464253,-0.19703823856949199,-0.21774727234464253,-0.1715415736093301,-0.05659364925360599,-0.0723144009563107,-0.17082100726112004,-0.1018908989836862,-0.26041928287726,-0.17082100726112004,-0.6397701864309494,0.2969781704688918,0.9164392961644839,0.8990684402866039,2.1956661201796277,2.031316373563534,0.013336056830063081,-0.23321267374999377,0.23321267374999377,0.06037153941840678,1096619294.673714,1.0849419343946536,0.09523809523809523,0.007936507936507936,0.015873015873015872,0.022556078746496712,2.026266925293309,-0.0009739055619950587,-0.044348836238616185,-0.023316044557619597,1.0890596392939378,-0.02669416633364896,0.05315616488087365,-0.07675026140970131,-0.027432080712470608,0.6237301026783288,0.2670037005226357,1.019320949440003,0.01293130435167342,-0.061692730917285665,-0.18684526666292145,0.18684526666292145,0.06037153941840678,0.9682539682539683,0.047619047619047616,1189768258.8577998,20.897024385490333,0.07936507936507936,0.0,0.0,0.02340393323865406,-0.005017947109682841,-0.06267463021012609,-0.18896414635670478,-0.05142894796746034,0.16666666666666666,-0.03568252979877464,-0.1018908989836862,0.059067481776387876,-0.10519116218067581,-0.05142894796746034,0.012674868367703818,0.2721624655207273,0.012996433347168337,-0.037358093556516536,0.037358093556516536,0.06037153941840678,1446210709.0956187,0.02741866775618651,0.027896551949004325,0.023907784131882215,0.053762214213215476,0.08959827561613998,0.2832487723053321,0.23672852919516618,1.0,3.0,1.0,1.0,0.0,63.0,126.0,0.574810606060606,0.0141930382025095,0.013787477716908247,0.08799664740033353,0.08799664740033353,0.6483931947069943,0.2189065999625741,0.315999122317627,0,0,0,0,0,0
recent_month_non_top10_control,2025-09-30,ADBE,352.75,-0.5554546676307859,-0.3187261384356197,0.8633253241721638,0.8679266776777294,-0.20673291848056674,-0.1956630746905481,-0.08025447520992823,-0.0699298146739088,0.02097128587976782,0.008734665121836738,-0.09695324569477337,-0.02229287883654929,-0.3635032475152603,-0.0079641053630084,-0.27898336514373623,-0.3620696144694464,0.3620696144694464,-0.003804891660920129,1.1377795154951094,0.15395544074911194,0.052155129721807914,-0.05928318933016041,0.04759724063018746,0.10696566263908114,-0.05756758788580374,0.003195620889940076,-0.15018428988383703,-0.09657398480797523,-0.15018428988383703,-0.05928318933016041,-0.06796114506241846,-0.02436963877748699,-0.08821858057293663,-0.07544975721929081,-0.1778168561890766,-0.08821858057293663,-0.35475473577046596,0.28766760042692857,0.8685659689463207,0.8644520594604833,1.0311067328458305,1.0086147336477258,0.012943178103685374,-0.16147664224225433,0.16147664224225433,0.05724563600454147,1489537005.5691674,1.0144121533518484,0.0873015873015873,0.007936507936507936,0.007936507936507936,0.02347130699551171,1.30243689108093,0.067289720850641,-1.4994771356802161e-05,-0.006347538758616711,1.1698511671303609,-0.0027677324711841145,0.06557793893038749,-0.013810848521592312,0.014882616448589792,0.28522108829946213,0.24867484962911382,1.0047589793335732,0.012513884090197798,0.008092713160716247,-0.07715045779561913,0.07715045779561913,0.05724563600454147,0.9365079365079365,0.5555555555555556,1511004441.3166833,21.13604046021726,0.047619047619047616,0.0,0.0,0.023304759573418557,-0.00786581823923349,-0.0028905478301274323,-0.04432018387048491,-0.011073765270124603,0.16666666666666666,-0.012096602703414358,-0.07544975721929081,0.10696566263908114,-0.06483597948334008,-0.011073765270124603,-0.007129523976097674,0.2498582880992782,0.012636837168399574,-0.04003154573870504,0.04003154573870504,0.024512800967883663,2017977680.08263,-0.020481714642398008,0.028846826463548497,-0.009112513811794343,0.053762214213215476,0.08959827561613998,0.2832487723053321,0.23672852919516618,2.0,8.0,2.0,1.0,1.0,63.0,126.0,0.5693181818181818,-0.0352657758792525,-0.09247340926204817,-0.007824265813253017,-0.007824265813253017,0.2892249527410208,0.2189065999625741,0.315999122317627,0,0,0,0,0,0
recent_month_non_top10_control,2025-09-30,ADI,243.4043426513672,-0.15089314695490086,0.08583538224026532,0.9883862459904347,1.0007863670469719,0.17138719498986132,0.08177404262631693,0.22871433556172271,-0.07068630157561628,0.04254987194962978,0.1856186072449999,-0.14926987920262924,-0.03347051832201431,-0.05453443674360936,-0.19236560751935206,0.5186650170830087,-0.03504396965203871,0.03504396965203871,0.058489145537445886,0.9189461494152522,-0.2304293123024519,-0.2024563966659535,0.2712642075113525,0.05719772114925632,0.09778362025958054,0.05144510773294453,-0.03504396965203871,0.15802803398610643,0.2193355256863939,0.15802803398610643,0.2712642075113525,0.11741154560355782,0.013705803588635934,0.03634872804237066,-0.05625574883165263,-0.05324954757376932,0.03634872804237066,0.16209260607189316,0.44096734506603247,0.29166319192646173,0.5085335185384646,-0.3031953320366768,-0.31605580490440344,0.015103168741460825,-0.03504396965203871,0.03504396965203871,0.5054362474632166,841674258.5774134,0.940923161042119,0.11904761904761904,0.031746031746031744,0.023809523809523808,0.026671313642450425,0.5008237890301257,-0.018144449409508656,0.05693253776777096,0.027051353375699083,0.902822943516906,0.11877301635544502,0.08195515684867481,0.09812454672903148,0.04283970395137726,-0.3427393287089616,0.22424667554699476,0.5735377930735176,0.009583483127548439,0.0006397277093745934,-0.03504396965203871,0.03504396965203871,0.11778033278036748,0.38095238095238093,0.6190476190476191,791950803.9484417,20.4900098328854,0.047619047619047616,0.015873015873015872,0.0,0.02028357173060122,-0.006427483847567528,-0.025259120649310907,-0.14350195967678425,-0.018456352919271057,0.5,0.03763092702427423,-0.05625574883165263,0.11877301635544502,-0.07221856713248653,-0.018456352919271057,-0.003966672603395005,0.1286139433972965,0.006741258003440704,-0.013451095199830343,0.013451095199830343,0.0065546983004465265,663848618.4769404,-0.004864270897210199,0.019649394142851922,-0.004610289949415924,0.053762214213215476,0.08959827561613998,0.2832487723053321,0.23672852919516618,1.0,3.0,1.0,1.0,0.0,63.0,126.0,0.7548295454545455,-0.04709001465482121,0.07993475573553166,0.10768356594421924,0.10768356594421924,0.7107750472589792,0.2189065999625741,0.315999122317627,0,0,0,0,0,0
recent_month_non_top10_control,2025-09-30,ADM,58.41248321533203,-0.1966748165131862,0.04005371268197999,1.121169373830504,1.1303933771119143,0.21837585871231457,0.28964821218963865,0.26788995869716814,-0.019651190006171992,0.006903672264023442,0.11064666148552749,0.03093148633091891,-0.0054155214588090805,-0.015358813608163935,-0.12631181088072174,0.9175570962548675,-0.0696152793138215,0.0696152793138215,0.061417934552406184,0.8085108106575505,-0.229875202438792,-0.12084236001256043,0.2747936309611916,0.013777945357084086,0.021273864372953977,0.0847477110005892,-0.044135093329162545,0.24823876869099615,0.263640786116452,0.24823876869099615,0.2747936309611916,0.09343260562456024,0.058830457100201405,0.1415781478164464,0.02652527507312996,0.05197987220030642,0.1415781478164464,0.5763255408247666,0.29195998787497474,0.7475287248749298,0.8414048731394812,0.17133956386292826,0.11711090601984986,0.01296747197141007,-0.0696152793138215,0.0696152793138215,0.456601731086985,188231862.45082977,1.0660440895632926,0.07142857142857142,0.015873015873015872,0.007936507936507936,0.024522796599447765,0.8252769128681537,-0.04516428441315601,0.06285609583275731,0.005101071323410533,1.1387626391856014,0.16606435742076453,0.07582696096913628,0.11207992198255412,0.02686934064389712,-0.02802464806372429,0.24565655655974758,0.8884292791004679,0.011857615084133162,-0.017936700528669358,-0.0696152793138215,0.0696152793138215,0.12537331202991497,0.3968253968253968,0.8253968253968254,200663464.43319774,19.117139761487024,0.031746031746031744,0.015873015873015872,0.0,0.022744162565966376,-0.029674960405464135,-0.0375825305988845,-0.21212644836183114,-0.04629627438198991,0.6666666666666666,0.042597384441768284,-0.04629627438198991,0.16606435742076453,-0.10005848859520539,-0.04629627438198991,-0.025210058248709144,0.21824847745067985,0.010997647197868384,-0.0508420722083629,0.0508420722083629,0.0,227365050.0829061,-0.016350234382253914,0.024965327076587236,-0.0148416586672252,0.053762214213215476,0.08959827561613998,0.2832487723053321,0.23672852919516618,1.0,3.0,1.0,1.0,0.0,63.0,126.0,0.3658143939393939,0.013223917585666323,0.025307262402006314,-0.029553602087499575,0.025307262402006314,0.4555765595463138,0.2189065999625741,0.315999122317627,0,0,0,0,0,0
recent_month_top_future_return,2025-09-30,ALB,80.43094635009766,-0.36207822147757296,-0.12534969228240678,1.0270835760732409,1.0584864470731348,-0.04143414195483064,0.07118456522114647,0.1392916476690076,0.33222514212603294,0.2621051570158188,-0.12414775303125902,0.4249283945287382,-0.18703136480660532,-0.14395712463632448,0.1614889938284716,0.20280570551547208,-0.25572218227464005,0.25572218227464005,0.07826103782910399,1.3045980858041633,0.7498781557656691,1.276207629999293,0.4013968046848264,0.1751139965407327,-0.04765150190367917,0.15058018884148816,0.047253728481136514,0.4715167897950405,0.3374017473829582,0.1392916476690076,0.4715167897950405,0.13125667991261558,0.07468603255529871,0.3007806414974792,0.08265521137656884,0.2111823658813392,0.3007806414974792,0.4510144357679776,0.6868231212478438,0.9289449424582639,0.970989495748535,2.097130369773995,1.9731255445958764,0.030175640585113767,-0.07968220005141857,0.07968220005141857,0.6164654539521981,277603424.13035196,1.2349305524081182,0.3888888888888889,0.09523809523809523,0.07936507936507936,0.04994149103145902,0.9038819797593273,-0.048204030349559335,0.04205444714889284,0.03188142533994487,1.1969877200931662,0.25158437533762856,0.155011967218518,0.2014726644538749,0.023756874546641882,0.03611738148984189,0.6668980361688788,0.9566992707188259,0.030966012415282823,0.009729219395522737,-0.07968220005141857,0.07968220005141857,0.24457885289849557,0.031746031746031744,0.9523809523809523,342820949.9116807,19.652718859832234,0.42857142857142855,0.14285714285714285,0.07936507936507936,0.04791582524307591,0.005453730112791044,0.010520572665768446,-0.06275440499158029,-0.04003861974566081,0.5,0.03179579669514462,-0.18703136480660532,0.25158437533762856,-0.09380083395887628,-0.04003861974566081,0.010471692118980247,0.6380208648465835,0.027544945426980997,-0.07968220005141857,0.07968220005141857,0.12317318135298838,312919785.8443487,-0.018283088729594943,0.05497532698550634,-0.04040524577925575,0.053762214213215476,0.08959827561613998,0.2832487723053321,0.23672852919516618,1.0,3.0,1.0,1.0,0.0,63.0,126.0,0.7932765151515151,0.21151946288480294,0.6032315697462922,0.7497151697764566,0.7497151697764566,0.996219281663516,0.2189065999625741,0.315999122317627,1,1,1,1,1,0
recent_month_top_future_return,2025-09-30,AMD,161.7899932861328,-0.2506851876505932,-0.01395665845542704,0.9965265364117567,1.0010046186499382,0.33943200645621485,0.6201681583943586,0.5747517680568965,-0.11363022573553083,0.0871896374084773,0.381156286226908,-0.24098715130673232,-0.05246252191668743,0.29150299575156446,-0.43458263313672085,0.9808679293405288,-0.12270906142229421,0.12270906142229421,0.10392943223505724,1.2217062347054715,-0.3095747280237361,-0.21279841492379614,0.6619414054653738,0.10069961809370447,0.13744227110973561,0.10450803243786155,-0.10942762275645201,0.4611215423213657,0.5659382386145454,0.4611215423213657,0.6619414054653738,0.28149543569574,0.0402663736635116,0.1401691349201757,0.24249475082579197,0.05057085930403571,0.1401691349201757,0.348181511566708,0.5859624429186118,0.5310278695075689,0.6870319050563582,-0.20917295718184925,-0.2132577131739174,0.023965549902489957,-0.12270906142229421,0.12270906142229421,1.0686612348810733,6970581477.623919,1.248930864259821,0.2222222222222222,0.06349206349206349,0.06349206349206349,0.03798859656267648,0.7185499818158407,-0.004554883445504365,-0.051674850936484384,-0.0227322808220195,0.9078378766655193,-0.07759056698548772,0.15464981289063984,-0.08235496837118073,-0.07010206111449702,-0.35943142710328935,0.4025748934498514,0.772930435398059,0.01886693290030884,-0.04063130183442454,-0.12270906142229421,0.12270906142229421,0.20022247495062673,0.5238095238095238,0.9523809523809523,8705774349.24234,22.88725236086195,0.14285714285714285,0.047619047619047616,0.047619047619047616,0.033479688363628524,0.004601035854444602,-0.028443110573534547,-0.016599595731791955,-0.00516516984233617,0.5,0.08770236648112605,-0.07759056698548772,0.28149543569574,-0.058927384055551646,-0.00516516984233617,0.01831245796775338,0.31116238767452087,0.01234025883743677,-0.003265241585575396,0.003265241585575396,0.0704644299291548,6908137703.051903,0.011238021096654949,0.03227287980758886,0.005206467287383276,0.053762214213215476,0.08959827561613998,0.2832487723053321,0.23672852919516618,2.0,8.0,2.0,1.0,1.0,63.0,126.0,0.9290719696969697,0.5830397783886911,0.34452072319816085,0.32369128221272514,0.5830397783886911,0.9867674858223062,0.2189065999625741,0.315999122317627,1,1,1,1,1,0
recent_month_top_future_return,2025-09-30,ASTS,49.08000183105469,0.6401358129471515,0.8768643421423177,1.0670465044693989,1.0998256963111657,1.3260663954374774,0.8104020924409054,1.1583114478915117,-0.030873108910265845,-0.04370551221575791,1.0549692177916206,-1.0046802746750185,0.02066839569415624,0.8750626755861797,-1.1080225047749097,1.412584079138354,-0.1828171710152373,0.1828171710152373,0.11557377940145064,0.7110994547385293,-0.44441266418780667,-0.4164727642608428,1.1146059356757538,0.022464754714966673,-0.006031856750140729,0.14637814002032434,-0.06087050567126662,1.127438338981246,1.1334519075161704,1.1146059356757538,1.1583114478915117,1.0255743459207873,-0.038093673939180284,0.050288943116602036,0.13781294007692568,-0.03930933249953794,0.050288943116602036,0.06937468108087645,0.8199946927039252,1.1005183260726097,0.8840166958807044,0.46125802904924473,0.46543826632312046,0.038178927319775194,-0.1828171710152373,0.1828171710152373,1.445441085069461,458743654.6874531,1.0906789337684453,0.4523809523809524,0.1746031746031746,0.1111111111111111,0.07441124724244652,0.9498966585930104,0.0023310556301113783,-0.10539771345515614,0.022020967442942352,1.070803729039645,-0.07955613481113355,0.41843566585935976,-0.07692301069664964,-0.08634867439023908,0.17232450054420445,0.7248889988838375,1.2449067208806672,0.03280788528585897,0.011450852047460103,-0.1828171710152373,0.1828171710152373,0.32972099793969134,0.746031746031746,0.23809523809523808,500342040.1675512,20.0308025048439,0.38095238095238093,0.14285714285714285,0.12698412698412698,0.06818084012973787,0.08031172055646096,0.017519683446647116,0.003170047009554937,0.0028607112438556737,0.6666666666666666,0.18355473356240845,-0.07955613481113355,1.0255743459207873,-0.0509015029693598,0.0028607112438556737,0.10850126040480412,0.9024191866029478,0.040481365894759355,-0.10437951616133412,0.10437951616133412,0.32972099793969134,528424167.2104972,0.01766613468297118,0.07110110883816337,-0.02192105355582541,0.053762214213215476,0.08959827561613998,0.2832487723053321,0.23672852919516618,1.0,4.0,1.0,0.0,1.0,63.0,126.0,0.8680871212121212,0.6350855135710882,0.14506924747870897,0.479828739685628,0.6350855135710882,0.9905482041587902,0.2189065999625741,0.315999122317627,1,1,1,1,1,0
recent_month_top_future_return,2025-09-30,BE,84.56999969482422,6.771793850948252,7.008522380143418,0.9665149454316384,0.9936232189454113,2.8077444025627347,2.52081590687438,3.301627688260454,0.2771488595912288,0.31463874752540466,0.21668363489039333,2.3188514581315256,-0.06815870615402253,3.0183789159551218,-0.7660925952385349,3.8241680564649028,-0.019705540911004737,0.019705540911004737,0.4056649869710649,1.874189028052188,1.1998808407734836,6.777755913021215,3.6162664357858585,0.17185969253744512,0.008187752239572799,1.27947181723257,-0.019705540911004737,3.5787765478516826,3.4988902239659985,3.301627688260454,3.6162664357858585,0.2950731437763998,0.5509740869679121,2.535535093021919,0.5631270597989677,2.445936817405779,2.535535093021919,2.644876413311424,0.8633584192721148,1.2267435234598438,1.1103837913787424,1.462186439680703,2.9332661853780984,0.04044603575588234,-0.019705540911004737,0.019705540911004737,4.1819853723186675,365009023.8727736,1.6864815121374415,0.48412698412698413,0.16666666666666666,0.1111111111111111,0.06509113119591636,1.9329927067240822,0.01423607653875747,0.5485830239976837,0.6114710401411234,2.562165829861759,0.415886587079368,0.2799465682901652,1.261834743924541,0.5665837974799841,0.39921571978422077,0.9586591949101287,1.1047923546656058,0.04544924514495273,0.5979479261120102,-0.019705540911004737,0.019705540911004737,2.7486702879800595,0.09523809523809523,0.9841269841269841,615580970.5247667,20.238077048997663,0.47619047619047616,0.20634920634920634,0.09523809523809523,0.0696523726983975,0.3520527861178031,0.42066081096519303,0.5641185469126431,0.5974688683153357,0.8333333333333334,0.30193078417593694,-0.06815870615402253,0.5974688683153357,0.5437066541021203,0.5974688683153357,0.22010863875482634,1.0591193492665951,0.054530465857618685,-0.019705540911004737,0.019705540911004737,0.6469328570174164,1028783230.5026644,0.09040976207587681,0.08724724448870999,0.15419259135729302,0.053762214213215476,0.08959827561613998,0.2832487723053321,0.23672852919516618,1.0,3.0,1.0,0.0,1.0,63.0,126.0,0.8900568181818183,0.5627291490956186,0.2917109880332083,0.0274328923163778,0.5627291490956186,0.9848771266540642,0.2189065999625741,0.315999122317627,1,1,1,1,1,0
recent_month_top_future_return,2025-09-30,CIEN,145.6699981689453,1.1284281164948977,1.365156645690064,1.0597087031205268,1.1661769343497548,0.7176040839796565,0.830715077637743,1.4105576275575293,-0.5910472277185415,-0.24155836868568903,0.34585473143029,0.4452432015507384,0.11136858055513166,1.1273088552521973,-0.619459694576501,2.4020414358933717,0.0,-0.0,0.17430292351224064,1.0211927776764544,0.1455373306270229,1.0517695450386655,1.1689992588718403,0.29716149746783305,0.19207851687123045,0.5614665917144479,0.030516123223498837,0.8195103998389879,1.1330224287561192,0.8195103998389879,1.4105576275575293,0.01586315652247494,0.2387446729337377,0.7910979329810284,0.14152212280463772,0.7014996573648884,0.7910979329810284,1.3915656482932235,0.5872328455620134,1.3921847482325815,0.9680910643355535,-0.06383932574195283,0.45121338654365895,0.022421662910770378,0.0,-0.0,1.7228037040924358,203764398.39593494,1.2365925649212706,0.1984126984126984,0.07142857142857142,0.023809523809523808,0.03681180293949011,1.0300314866120241,0.040044929955938224,0.2973614161723299,0.3541023707814299,1.3022606020417826,0.012171530885243254,0.19896524754260206,0.569043557894813,0.42709471845597213,-0.005476972900890553,0.5684948704729252,1.4380720982980084,0.021187009556215688,0.5349814407403599,0.0,-0.0,0.8735691082822548,0.0,0.8888888888888888,251973540.0520688,19.344834644138125,0.20634920634920634,0.047619047619047616,0.0,0.031271778816018975,0.23152404300996876,0.5151339697214541,0.6729674741878054,0.5501755483307564,1.0,0.17052990932824574,0.012171530885243254,0.5501755483307564,0.49641333411754096,0.5501755483307564,0.10543230655587577,0.8175366112526541,0.02600236278946878,0.0,-0.0,0.5564697496410704,434502857.1341378,0.041325632539916723,0.029685497212830685,0.029746517186864274,0.053762214213215476,0.08959827561613998,0.2832487723053321,0.23672852919516618,1.0,3.0,1.0,1.0,0.0,63.0,126.0,0.7088068181818182,0.3037687962944826,0.4018672978702744,0.6054781221727585,0.6054781221727585,0.9886578449905482,0.2189065999625741,0.315999122317627,1,1,1,1,1,0
recent_month_top_future_return,2025-09-30,COHR,107.72000122070312,-0.025166311403806763,0.21156221779135942,0.6763640608894229,0.696929297084355,0.13712654284223413,0.43263728850982175,0.6587618905295884,-0.23445929721123537,0.015989380176205215,0.3737295308075268,-0.16624155495065662,-0.009547316342364498,0.37551311822425637,-0.45127391467271827,0.9119388538556366,-0.07584073887310139,0.07584073887310139,0.10499897027744454,1.1091559282683765,-0.27231292729372836,-0.12132660952069296,0.6747512707057937,0.14020898825938605,0.175839515115916,0.162584900590802,-0.06838637539491565,0.42430259331835307,0.5859385848512451,0.42430259331835307,0.6747512707057937,0.17955840703724157,0.054740685086796415,0.20748797585687018,0.20614280437594235,0.1178897002407302,0.20748797585687018,0.3559529303975203,0.7223750668637187,0.6477662758872997,0.8069332547278791,-0.3767213027086286,-0.25788016881665976,0.02855953365674547,-0.07584073887310139,0.07584073887310139,1.1296954788674225,322414922.8716865,1.2129486924220592,0.30952380952380953,0.0873015873015873,0.03968253968253968,0.048175243940364564,0.7387609142337983,0.1479924533399939,-0.007631247948889253,0.062413340864781786,1.0697405121067802,-0.1592007202261988,0.14880103409048745,0.0011152671773586587,0.05214058286123757,-0.26259068668803776,0.5829084638386098,0.8027507505633101,0.024206436805137944,0.20057570995846352,-0.07584073887310139,0.07584073887310139,0.24459846819745845,0.5396825396825397,0.4444444444444444,391072759.1145712,19.784404187887098,0.2698412698412698,0.047619047619047616,0.015873015873015872,0.039458550513886526,0.08518698632898491,0.16862975551406634,0.4074773016934505,0.1906709380706022,0.6666666666666666,0.09724393800518981,-0.1592007202261988,0.20614280437594235,0.13690872385738673,0.1906709380706022,0.03534614508199785,0.46793020685615017,0.021729058648376345,-0.06003488084663111,0.06003488084663111,0.22687924232989531,388705715.99088395,-0.0028049500018387796,0.043074631796018364,0.005282135017229406,0.053762214213215476,0.08959827561613998,0.2832487723053321,0.23672852919516618,1.0,3.0,1.0,1.0,0.0,63.0,126.0,0.806344696969697,0.2250278984262144,0.5248792484720672,0.7134237396271541,0.7134237396271541,0.994328922495274,0.2189065999625741,0.315999122317627,1,1,1,1,1,0
recent_month_top_future_return,2025-09-30,LITE,162.7100067138672,1.330485165531674,1.5672136947268402,0.9770903231073458,0.9659751903210051,0.938177637030565,1.3135220030951498,1.6100418080783832,-0.3589348703113595,0.1458864471848198,0.5248636080513001,0.18679230287563664,-0.05293550255026036,1.326793035773051,-0.8983858971514465,2.534296652988915,-0.05125360516695521,0.05125360516695521,0.24211428258563683,1.1136604598767479,-0.426404965609797,-0.01820266890766964,1.755928255263203,0.25979532302571706,0.22425470288716487,0.49318455659082816,-0.05125360516695521,1.2511069377670236,1.5390256670362035,1.2511069377670236,1.755928255263203,0.31516324244628735,0.25297359918921103,0.7116559109269367,0.15800551923223827,0.6220576353107967,0.7116559109269367,1.5530582513760236,0.6353012407523492,0.8898865273844023,0.721277877501761,-0.39857876591852526,-0.2631785646100482,0.0269328277774368,-0.05125360516695521,0.05125360516695521,2.2830912470788434,298911717.2299582,1.3957762172279518,0.3492063492063492,0.09523809523809523,0.03968253968253968,0.04907228320069346,0.7012401044586336,-0.03103962190265508,0.2928420311009885,0.22373038507474785,1.5564086510250998,0.206486149613478,0.12466461453402093,0.47810686779953393,0.3434431597991374,-0.2370695425808852,0.4582287305040897,1.2337637894380444,0.022762732682753552,0.3233618150685398,-0.05125360516695521,0.05125360516695521,0.7990933472086408,0.12698412698412698,0.9206349206349206,417213865.96034217,19.84910951869849,0.2857142857142857,0.07936507936507936,0.015873015873015872,0.04222129179447652,0.10071701053675208,0.2423704718006714,0.3982228877261659,0.2251337226482668,0.8333333333333334,0.17935130571286248,-0.05293550255026036,0.31516324244628735,0.17137150843505133,0.2251337226482668,0.020368524508254104,0.5653460149761101,0.02657426111759171,-0.05125360516695521,0.05125360516695521,0.2274905941252825,629260879.0459043,-0.0018832062078035783,0.04746830673534098,0.019614017087969504,0.053762214213215476,0.08959827561613998,0.2832487723053321,0.23672852919516618,1.0,3.0,1.0,1.0,0.0,63.0,126.0,0.8115530303030303,0.23876829476779493,0.9984020050710081,1.2653185491293883,1.2653185491293883,1.0,0.2189065999625741,0.315999122317627,1,1,1,1,1,1
recent_month_top_future_return,2025-09-30,MU,167.0518798828125,0.3841613980507499,0.6208899272459161,0.942680102380362,1.0119306316937706,0.9925801818398736,0.7910454207403679,0.9274655842162047,-0.1544663703147946,0.24898000783473484,0.4184600503666229,-0.05961629321038764,-0.11439753364112937,0.6442168119108727,-0.5686218270599694,1.5449760809273305,-0.009296023515020235,0.009296023515020235,0.15237760808620204,1.059062999384264,-0.11873840445269013,0.19749681753100523,1.1764455920509396,0.2035599354414587,0.22755022956934234,0.39121655711468306,0.02713582560031702,0.7729992139014101,0.9589701300561848,0.7729992139014101,1.1764455920509396,0.30478519297311424,0.10233139625355081,0.3588437571562353,-0.1136492409813592,0.2692454815400953,0.3588437571562353,0.7966628064652583,0.6003106427767596,0.7936177544663207,0.7503343182535007,0.19783593656849896,0.6840761451706692,0.025871421290945322,-0.009296023515020235,0.009296023515020235,1.5877242132261236,2603586666.590476,1.1352556768750848,0.31746031746031744,0.07936507936507936,0.023809523809523808,0.037542598154454654,0.9103437339535446,0.05940832664425022,0.21433321860764587,0.28435409542711954,1.532045169851631,0.09043433206544482,0.21762074691679903,0.5330767682319519,0.28265639011002586,-0.08795929236747024,0.4504336768882207,1.057685534514225,0.02280726355601793,0.37182228865955524,-0.009296023515020235,0.009296023515020235,0.5953471678498532,0.12698412698412698,0.6507936507936508,2955736543.4831166,21.807013710378136,0.3333333333333333,0.06349206349206349,0.0,0.031140400230567,0.19005678476015908,0.3639636337082801,0.852052024533119,0.40593222640750537,0.6666666666666666,0.1334425343988197,-0.11439753364112937,0.40593222640750537,0.3521700121942899,0.40593222640750537,0.10258117026643099,0.4764171843027255,0.026239544128103382,-0.009296023515020235,0.009296023515020235,0.41222143779177767,4195138929.153188,0.02671093238077904,0.0418274590295489,0.036640538027202574,0.053762214213215476,0.08959827561613998,0.2832487723053321,0.23672852919516618,2.0,7.0,2.0,1.0,1.0,63.0,126.0,0.9389204545454546,0.3382149947862205,0.4142248311824208,0.7075310798990713,0.7075310798990713,0.9924385633270322,0.2189065999625741,0.315999122317627,1,1,1,1,1,0
recent_month_top_future_return,2025-09-30,QBTS,24.709999084472656,23.900605729111728,24.137334258306893,1.2691940943596127,1.3612701751673653,1.94166669126541,3.5091239048299165,2.2513157098081953,-1.738149806567653,0.32466108181603204,0.9263158588198093,-0.23847443088276776,-0.09078948235247619,1.9680669375028632,-1.5634742818711538,1.8341153192260315,-0.10858586953253369,0.10858586953253369,0.20514605655185347,0.891739749783626,0.20509218841618337,1.0340045200921453,2.5759767916242273,1.1091857621209815,1.3632417198709295,0.44183354349264925,0.12250658638307177,0.5131659032405422,1.780152801557655,0.5131659032405422,2.5759767916242273,-0.10349048305443953,0.12416111573871813,0.6878414279370415,0.17418033681248568,0.5982431523209015,0.6878414279370415,0.7918083400458942,1.2274668262180024,0.754297975589973,0.7077151521214435,1.3113456991907713,2.6564244897150027,0.04870360389961772,-0.10858586953253369,0.10858586953253369,2.9726687971015657,886761820.9553661,0.9986814310470133,0.5476190476190477,0.18253968253968253,0.11904761904761904,0.0875756399317886,1.1986842116632348,0.12195597910741396,0.12379615745627404,0.32419450131558225,1.6105480032473516,-0.0913322047540358,0.5821132468004926,0.43746354373381635,0.2753334532548999,0.33278379990834694,0.868696871640899,1.0658214301741216,0.04245571788322642,0.6661489662736313,-0.10858586953253369,0.10858586953253369,0.6684671427654274,0.06349206349206349,0.8888888888888888,885592564.3495605,20.601767544280058,0.5396825396825397,0.19047619047619047,0.06349206349206349,0.07708336702724307,0.28599675915513045,0.6939409455327754,0.6285359355419163,0.5819461757690159,0.5,0.3056260103819132,-0.10349048305443953,1.3632417198709295,0.5281839615558004,0.5819461757690159,0.1693719696731748,0.9258757421200884,0.044072616247593295,-0.10858586953253369,0.10858586953253369,0.6160888911786497,1226823058.315159,-0.040276570071401174,0.10260449309029658,-0.05571692846718013,0.053762214213215476,0.08959827561613998,0.2832487723053321,0.23672852919516618,1.0,4.0,1.0,0.0,1.0,63.0,126.0,0.9346590909090909,0.4997977639173161,-0.08255763188031084,0.058276025390971986,0.4997977639173161,0.9829867674858223,0.2189065999625741,0.315999122317627,1,1,1,1,0,0
recent_month_top_future_return,2025-09-30,SNDK,112.1999969482422,,,1.1159950752200902,1.2264553249923351,,1.3948772807371386,1.3566476687640963,0.6202693128335572,1.137590724743482,-0.047469063374452,1.5215594872643,-0.32556185257913917,1.0733988964587642,0.11744275512575175,1.6751529689335924,-0.011453771381126021,0.011453771381126021,0.2784646079251989,1.2218656817417803,2.7615501219271072,8.306415135641547,2.4942383935075783,0.5695712013854358,0.17377757428502028,1.1461546036441579,0.045914802745157024,1.9769169815976535,1.9426010146231094,1.3566476687640963,2.4942383935075783,0.20323693623018224,0.3904402324074776,1.474090423889848,-0.053583249987592674,1.384492148273708,1.474090423889848,1.9820991528618987,0.8098649460220593,1.240070158827273,0.9183033053042793,1.6998107852412487,4.773180004146382,0.03380863453057627,-0.011453771381126021,0.011453771381126021,2.787980883499059,212021498.84338832,1.4171662087787218,0.373015873015873,0.1111111111111111,0.047619047619047616,0.0579936429796552,2.41597556114476,-0.011453771381126021,0.6852237511723176,0.7997641504209696,2.5689282990834004,0.22250707034437145,0.4935692155313988,1.6141659304502092,0.9427862269156047,0.9577178138577636,0.7437016567821287,1.3503927859830325,0.03340720629812116,1.1625095448203826,-0.011453771381126021,0.011453771381126021,1.757434277095157,0.015873015873015872,0.5873015873015873,300469703.69546676,19.520857490535988,0.36507936507936506,0.12698412698412698,0.047619047619047616,0.04851557346272336,0.4958703123467898,1.1021512373683042,1.1335026797029288,1.1383646719636702,0.6666666666666666,0.2264568583760854,-0.32556185257913917,1.1383646719636702,1.0846024577504547,1.1383646719636702,0.26610485265739037,1.0042893522422158,0.05343997649919134,-0.011453771381126021,0.011453771381126021,1.1969844844078454,693311478.6218008,0.09858903152123744,0.07025400988611796,0.08523229406066091,0.053762214213215476,0.08959827561613998,0.2832487723053321,0.23672852919516618,1.0,3.0,1.0,1.0,0.0,63.0,126.0,0.7799242424242423,0.7765597794356938,0.990017868559264,1.1156863755737514,1.1156863755737514,0.998109640831758,0.2189065999625741,0.315999122317627,1,1,1,1,1,1
recent_month_non_top10_control,2025-10-31,A,145.48643493652344,-0.17487264819286752,0.13227822178172155,1.1489235301239467,1.1796182481141273,-0.02801642583703179,0.25897564588431,0.3658249073481248,-0.12048342812455304,-0.052719571832847034,0.06925453264154413,0.20810727939952067,0.04014877588792909,0.03975485718260763,-0.08846309530705998,1.163220994648849,-0.034895340195733704,0.034895340195733704,0.05281911878675971,0.9287470090076847,-0.3643086129514853,-0.1879920979408114,0.31310533551527775,0.06039805450289223,0.05441387556925714,0.1698937972738721,0.06409910926726747,0.24534147922357175,0.3080905740289914,0.24534147922357175,0.3658249073481248,-0.02506755135127192,0.08794444329554718,0.2773618120410648,0.09450409884932132,0.16269273480314017,0.2773618120410648,0.9339557867995879,0.314493040472124,0.6703414732098767,0.9442985208104614,-0.3849207990404897,-0.2986132805264913,0.014352094192164743,-0.011281508755581982,0.011281508755581982,0.3964532842198538,220920720.56384012,0.9577921811498624,0.07936507936507936,0.023809523809523808,0.007936507936507936,0.02368559594841604,0.6204508475990488,-0.010176568721486312,0.10207683435194204,0.10268971546316297,1.0742478484865694,0.02345803319976647,0.05738598012642033,0.1670690072188732,0.12385931292514529,-0.21537731037757413,0.29697531292301127,0.7098830067366239,0.013405465947748857,0.14070064829569207,-0.011281508755581982,0.011281508755581982,0.2951858017758038,0.07936507936507936,0.9682539682539683,211596138.8100397,19.170190014918308,0.06349206349206349,0.031746031746031744,0.0,0.0223921353426251,0.059682376662009595,0.11204678575614624,0.665595626858033,0.1403193578637687,0.8333333333333334,0.054629431669795135,-0.02506755135127192,0.1403193578637687,0.0925155511213065,0.1403193578637687,0.026349452250805205,0.210817728064337,0.010832963654622845,-0.011281508755581982,0.011281508755581982,0.07129266587026994,220982375.11691138,0.005634171880117389,0.02265451029683321,0.008878312074644956,0.04780380674246221,0.11466907723792463,0.32607005016551716,0.30715086997458907,1.0,3.0,1.0,1.0,0.0,63.0,126.0,0.5361742424242425,0.04878380307341712,-0.0703060506267752,-0.0838396035323562,0.04878380307341712,0.3886792452830189,0.23284764933575272,0.3114398857585504,0,0,0,0,0,0
recent_month_non_top10_control,2025-10-31,AAPL,269.60723876953125,-0.10477701423511698,0.20237385573947209,1.1932329241075763,1.213142575667215,0.14970251112907307,0.2201493294868211,0.27544366454458213,0.043837135832453855,0.07221292510622113,-0.021919046447236745,0.32594573249166303,-0.05358407005224708,-0.05062638562093502,0.028583021499844152,1.1147720156840506,-0.0037951562818203666,0.0037951562818203666,0.05228339042770713,0.8708069466257456,0.06776714284298069,0.39239684874865777,0.34765658965080326,0.036381282841819816,0.021508528939144567,0.17624808011185045,0.028061107867923152,0.319280800377036,0.31412701819080713,0.27544366454458213,0.34765658965080326,0.011697701048496878,0.07104448565374222,0.3040266860444263,0.11963891948030181,0.18935760880650165,0.3040266860444263,1.156570703885039,0.24708519829102757,0.9680898107651135,1.0638803527585938,1.2853388075100187,1.4266072258144957,0.010854356744468014,-0.0037951562818203666,0.0037951562818203666,0.38616710514806063,12041257585.486954,1.0862702650498526,0.09523809523809523,0.015873015873015872,0.0,0.019187921466759017,1.271148347675273,0.004925237467008348,0.07156082735031832,0.08911068464983818,1.1662131186296731,0.0968812192629327,0.06308869442048316,0.16468502778530691,0.05582599260536125,0.5830829604788541,0.26286908791928554,0.909961170215147,0.011976693546348881,0.04438906915291363,-0.0037951562818203666,0.0037951562818203666,0.33390910398334905,0.015873015873015872,0.9841269841269841,13080060068.920462,23.294354775466484,0.14285714285714285,0.015873015873015872,0.0,0.01896654458530238,0.0499805302642804,0.0565186087547902,0.25842356262911625,0.06181508747860254,0.8333333333333334,0.0429928976928719,-0.05358407005224708,0.11963891948030181,0.01401128073614033,0.06181508747860254,0.04588028169733138,0.23920066285642141,0.010490995733182209,-0.0037951562818203666,0.0037951562818203666,0.10233613922254814,12398487298.44135,0.018289031130748645,0.01994886270012062,0.0019047155045555098,0.04780380674246221,0.11466907723792463,0.32607005016551716,0.30715086997458907,2.0,8.0,2.0,1.0,1.0,63.0,126.0,0.7195075757575757,0.03236429041178379,0.00648571677595422,-0.039347602408288385,0.03236429041178379,0.30943396226415093,0.23284764933575272,0.3114398857585504,0,0,0,0,0,0
recent_month_non_top10_control,2025-10-31,ABBV,213.00387573242188,-0.2002498572688849,0.10690101270570418,1.0395869390553918,1.0296168835471338,0.21563761352444133,0.06698994641363787,0.13535957863076953,0.05798535011863004,0.05484341736039933,-0.02279572726004675,0.18464040017308014,-0.04607904495713966,-0.19071047153474763,0.026485094282263866,0.5598676044102467,-0.10135089419610221,0.10135089419610221,0.04875209627774879,0.9399677866484951,0.0461349645821858,0.2154463357478773,0.19020299599116886,0.03260872326439737,-0.0026328789627684257,0.058987464531592426,-0.061962384985131624,0.19334492874939957,0.172969167790446,0.13535957863076953,0.19334492874939957,0.02711227806156513,0.06330411078344289,0.1618446729130334,0.11310976274582218,0.04717559567510876,0.1618446729130334,0.7012922817296747,0.24177069286470784,0.8134946304922982,0.9545434348217269,0.1782895954197643,0.11758826940070599,0.010593258871069062,-0.10135089419610221,0.10135089419610221,0.24835806394898485,1145419074.361565,0.9997648948277819,0.06349206349206349,0.007936507936507936,0.007936507936507936,0.02026226898253863,1.2320892011654727,-0.10135089419610221,0.053182116460514406,-0.01429651088926387,0.9326588808316696,0.10047526977590193,0.07087982167339865,0.04378266348773341,0.038916997764036676,0.3377064171056914,0.230780627606307,0.8522342732829424,0.009488759444434603,0.012938651366681153,-0.10135089419610221,0.10135089419610221,0.1187562441765766,0.3492063492063492,0.9682539682539683,1145149780.4128253,20.858801278858262,0.07936507936507936,0.015873015873015872,0.0,0.017130445533172688,-0.040727336904663125,-0.018314153250223453,-0.2619315360355903,-0.05151647460438913,0.5,0.02341148534316534,-0.05151647460438913,0.11310976274582218,-0.09932028134685134,-0.05151647460438913,-0.04395711412628733,0.1966791604558424,0.008302900594925534,-0.06112661803468855,0.06112661803468855,0.0,1241136692.1449933,-0.04171723144763939,0.017800622787624152,-0.032610136040466586,0.04780380674246221,0.11466907723792463,0.32607005016551716,0.30715086997458907,1.0,3.0,1.0,1.0,0.0,63.0,126.0,0.606439393939394,0.04430384008736166,0.04792705600561398,0.031023132619674376,0.04792705600561398,0.3867924528301887,0.23284764933575272,0.3114398857585504,0,0,0,0,0,0
recent_month_non_top10_control,2025-10-31,ABNB,126.54000091552734,-0.36835713736487186,-0.06120626739028279,0.920045829308292,0.9343425537391559,-0.035297684821605224,0.0592667159326552,0.03789372388424783,-0.08172019798777375,-0.05696348422899711,0.08604007259439084,-0.13037209120501947,0.05807088203236255,-0.2881763262812693,-0.08222574249487646,0.13886842670966562,-0.21608225529101965,0.21608225529101965,-0.014808150769051953,0.7927525345389204,-0.10187024377660259,-0.14168614884425756,-0.019069760344749276,0.041904502882152854,0.025891444479772208,-0.016907722118264523,0.03801702202698043,-0.043826474103525914,-0.008334170188009119,-0.043826474103525914,0.03789372388424783,0.0005289959661174404,-0.015502149481750105,-0.04433201861062863,-0.014198359873246358,-0.15900109584855326,-0.04433201861062863,-0.17001259510899555,0.27287501401216874,0.7056486539727823,0.955592294860723,-0.0667202787830049,-0.027366014180632003,0.012492115782200667,-0.1098762123255721,0.1098762123255721,0.07064894070258343,617239132.555565,1.0021846890875694,0.06349206349206349,0.007936507936507936,0.007936507936507936,0.022398748285246232,0.7335655691650748,0.11532431810222143,-0.008136837765419291,0.016078683556288276,1.0300345814149823,-0.06979239022100159,0.04602201713690163,-0.030567669509565465,0.00964858175143335,-0.08149320670096294,0.26075726085004025,0.7384411299335877,0.011425332107522813,0.034389044445410466,-0.030567669509565465,0.030567669509565465,0.07064894070258343,0.6984126984126984,0.23809523809523808,618587608.15288,20.242949387547252,0.031746031746031744,0.0,0.015873015873015872,0.02216829107150678,0.02206918576194017,0.04018960850637665,0.21899171438424175,0.04216770568105255,0.6666666666666666,0.007111379677509466,-0.06979239022100159,0.05807088203236255,-0.00563610106140966,0.04216770568105255,0.017043155988933023,0.19255388634049098,0.008928757215828717,-0.019601815023812086,0.019601815023812086,0.07064894070258343,541290928.3498855,-0.007568319910383869,0.024331655595224766,-0.00587643430554774,0.04780380674246221,0.11466907723792463,0.32607005016551716,0.30715086997458907,1.0,3.0,1.0,1.0,0.0,63.0,126.0,0.5865530303030304,-0.07547023062006297,0.07254623232778346,0.022364423748892914,0.07254623232778346,0.4867924528301887,0.23284764933575272,0.3114398857585504,0,0,0,0,0,0
recent_month_non_top10_control,2025-10-31,ABT,121.36451721191406,-0.19607755326831056,0.11107331670627851,0.9397102079508404,0.95070874138688,-0.020520410471014383,-0.05537257150580266,-0.04606442785657938,-0.036892153115162696,-0.02020991432645758,-0.03054346806636088,0.014533508590136579,0.02164438147036485,-0.37213447802209654,0.03005446838035508,-0.21912630082566015,-0.10636968516441858,0.10636968516441858,-0.004152385351047894,0.8861015219318736,0.04794276024157318,0.031165239116702992,-0.06627434218303696,0.01847416524753212,0.018191329268119505,-0.054324481568509775,-0.009123509902539295,-0.08295658097174208,-0.06509845033711947,-0.08295658097174208,-0.04606442785657938,-0.06803587306623782,-0.00021596182025185318,-0.0160099594762243,0.05127180522063424,-0.13067903671414893,-0.0160099594762243,-0.09859695325697479,0.21021861676581152,0.7860980399456347,0.7724236518089275,-0.0654524229600838,-0.13362333355673017,0.008753245527843657,-0.09670423894835467,0.09670423894835467,0.03036840737880908,796229924.4229513,0.934905672400222,0.023809523809523808,0.0,0.007936507936507936,0.018554674289443303,0.9244668984974739,-0.07151444484578373,-0.014512217897836965,-0.05649971064608772,1.0583674933529261,0.009648848838859525,0.05138391654823357,-0.064000351158222,-0.029699215764140474,0.11153945271617083,0.16237783164046957,1.017703222971854,0.00822013896319287,-0.05398098180995159,-0.09113072150925128,0.09113072150925128,0.0,0.4603174603174603,0.0,744399872.8778173,20.428088913304382,0.0,0.0,0.0,0.018516572653796675,-0.05227917523927006,-0.056612723842468626,-0.44141774902385633,-0.07294536123304785,0.6666666666666666,-0.006704144916884591,-0.07294536123304785,0.05127180522063424,-0.12074916797551005,-0.07294536123304785,-0.0408711889287422,0.16525244259968697,0.009141388940286018,-0.07742255100263051,0.07742255100263051,0.0,802331247.9592459,-0.022534995926719592,0.022032196132012676,-0.013423575348016303,0.04780380674246221,0.11466907723792463,0.32607005016551716,0.30715086997458907,1.0,3.0,1.0,1.0,0.0,63.0,126.0,0.39943181818181817,0.04271145227814088,0.013509170837133988,-0.11136012029553377,0.04271145227814088,0.36981132075471695,0.23284764933575272,0.3114398857585504,0,0,0,0,0,0
recent_month_non_top10_control,2025-10-31,ACGL,86.30999755859375,-0.38622168168213944,-0.07907081170755037,1.0668675809101391,1.0700264238282968,-0.07263352485652153,-0.1026201155673202,-0.04819147256148171,-0.0038678940974031795,-0.04366462248099334,-0.05094842005992284,0.05385337017719172,0.04808117110364307,-0.37426152272699886,0.051096422678750586,-0.2121284866931172,-0.1432400298905051,0.1432400298905051,-0.011222107285425054,0.9157268170426065,-0.19025837115391486,-0.1879061121142409,-0.09185609504247505,0.02417071041292762,-0.04198230035073236,-0.03699069990944881,0.02327159555700431,-0.05205936665888489,-0.06403564475428054,-0.09185609504247505,-0.04819147256148171,-0.05480511066350491,-0.001047826690672382,0.0029049501172688785,0.06356032275017065,-0.11176412712065575,0.0029049501172688785,0.013340908054302051,0.2271805796229505,1.0513093905175745,0.9584778588181129,0.31371753246753253,0.24971842637201336,0.011130562695302848,-0.10345901559964377,0.10345901559964377,0.018767661885987774,186375659.04943678,1.0076719254153115,0.03968253968253968,0.0,0.0,0.019809731764689996,1.0331165081005502,-0.05274368518501882,-0.015200321312048515,-0.03892838615140748,1.153867824000259,-0.008740253829701006,0.05150724204446872,-0.05703049590648346,-0.010647185444958462,0.22399481426796553,0.2177475555220634,1.096853078916117,0.010752026695109542,-0.03284415806521723,-0.0827842831227007,0.0827842831227007,0.018767661885987774,0.2857142857142857,0.047619047619047616,187805519.20489356,19.050917518368706,0.031746031746031744,0.0,0.0,0.01919946422564135,-0.032073596930934034,-0.04740146542995671,-0.20397181727364475,-0.04871603256699386,0.3333333333333333,-0.007100367259519735,-0.05480511066350491,0.06356032275017065,-0.09651983930945607,-0.04871603256699386,-0.02840163699651277,0.23883707670083337,0.010882455599326482,-0.0827842831227007,0.0827842831227007,0.018767661885987774,203321610.55137998,-0.004061779731696524,0.023867464796714657,0.004866550349163168,0.04780380674246221,0.11466907723792463,0.32607005016551716,0.30715086997458907,1.0,3.0,1.0,1.0,0.0,63.0,126.0,0.26410984848484853,0.08817055759021808,0.11134284419168927,0.11273321321007024,0.11273321321007024,0.6188679245283019,0.23284764933575272,0.3114398857585504,0,0,0,0,0,0
recent_month_non_top10_control,2025-10-31,ACN,245.0503692626953,-0.5714895947420945,-0.2643387247675054,0.9311786704532186,0.9419880622102516,-0.34381812235702824,-0.1904973538316741,-0.15978323151437634,0.0007307933739175709,-0.04686149798263639,-0.1026713664109613,0.03902482381152916,0.059067481776387876,-0.4858532816798935,0.0961366889149442,-0.5910956491039955,-0.36573201426702207,0.36573201426702207,-0.05247776325402509,1.3059518210795842,-0.19738845664462568,-0.2484719064295895,-0.20664472949701274,0.027268908573376865,-0.05659364925360599,-0.04819645204282563,0.13150337642785226,-0.15905243814045877,-0.17516013305061595,-0.20664472949701274,-0.15905243814045877,-0.1018908989836862,-0.01594095025184572,-0.06364654259943214,-0.02669416633364896,-0.17831561983735678,-0.06364654259943214,-0.23745618200724983,0.27031704895236774,1.016858705343275,0.9915574883125845,-0.5708645610278373,-0.5647738253484547,0.012577526396305624,-0.2223296319353273,0.2223296319353273,0.07542143318622618,1095972165.4966688,1.086780864988684,0.07936507936507936,0.0,0.007936507936507936,0.021324421142154968,0.8375828991858829,0.14887942387475372,-0.00858153322898425,0.01341140805415364,0.9188236989084534,-0.05142894796746034,0.056895471190470275,-0.037965842788167725,0.01742238678210617,-0.2609859154929578,0.2680348941072797,1.0255166415754144,0.012606376715827499,0.034501235856861934,-0.037965842788167725,0.037965842788167725,0.07542143318622618,0.6984126984126984,0.4126984126984127,1191081578.021991,20.89812762121394,0.09523809523809523,0.0,0.0,0.025332089838078154,0.020980255596211528,0.025069205979268094,0.05163466017685805,0.0141930382025095,0.3333333333333333,-0.027224523759917352,-0.1018908989836862,0.059067481776387876,-0.03361076853995271,0.0141930382025095,0.013422498275658112,0.2748742444299193,0.013263504564638286,-0.012828067226642759,0.012828067226642759,0.06871208968822207,986423877.2912161,0.004212005912984873,0.023579139553375865,-0.0005754232560286621,0.04780380674246221,0.11466907723792463,0.32607005016551716,0.30715086997458907,1.0,3.0,1.0,1.0,0.0,63.0,126.0,0.5962121212121212,-0.0003998849038839847,0.0727707708668841,0.05413845071437251,0.0727707708668841,0.48867924528301887,0.23284764933575272,0.3114398857585504,0,0,0,0,0,0
recent_month_non_top10_control,2025-10-31,ADBE,340.3099975585937,-0.5953243825314609,-0.28817351255687185,0.8382174663755453,0.8473015339188477,-0.22205969125099556,-0.11269001475312035,-0.09245829754108814,-0.027914962220229933,-0.08769540271437326,-0.046109147256791494,-0.002480426855388518,0.10696566263908114,-0.4185283477066053,0.04386872342890813,-0.3449700156583121,-0.384566724472132,0.384566724472132,-0.037257945445194784,1.0508665356440952,-0.16611641665374133,-0.20663446482767467,-0.1801537002554614,0.0448022131869003,-0.06796114506241846,-0.05379555266978464,0.0758481656766663,-0.12037325976131807,-0.13099508585262254,-0.1801537002554614,-0.09245829754108814,-0.07544975721929081,-0.009107886857517067,-0.04858957411218001,-0.0027677324711841145,-0.16325865135010464,-0.04858957411218001,-0.17161934085186267,0.26801835911636673,1.2089401159417614,1.0563609023386393,-0.2979648180274964,-0.322722633414289,0.012285919329665908,-0.19104781904645718,0.19104781904645718,0.0336542423306776,1461495747.0873878,1.0372826111581388,0.07936507936507936,0.0,0.015873015873015872,0.02202684248787436,0.8977112347087659,0.0032648796977828853,-0.018877371862445647,-0.029838368889843814,0.986425768832684,-0.011073765270124603,0.06619233727178733,-0.045949016225221406,-0.029497543459572118,-0.040226465137630285,0.28312411567948664,1.14443852784151,0.013474633764374626,-0.019380830590989384,-0.07388557809783625,0.07388557809783625,0.0336542423306776,0.49206349206349204,0.1746031746031746,1515984124.7353206,21.139330652960926,0.07936507936507936,0.0,0.015873015873015872,0.02508965950360532,-0.022673428722679745,-0.018452971460400702,-0.10883889158327495,-0.0352657758792525,0.16666666666666666,-0.014258752210531559,-0.07544975721929081,0.10696566263908114,-0.08306958262171471,-0.0352657758792525,-0.013362560997785988,0.32401814614466107,0.013306285848822557,-0.05445807536351932,0.05445807536351932,0.0336542423306776,1272095313.3430116,-0.027074147508389768,0.026154740803187384,-0.01934735205146887,0.04780380674246221,0.11466907723792463,0.32607005016551716,0.30715086997458907,2.0,8.0,2.0,1.0,1.0,63.0,126.0,0.6104166666666667,-0.059298853458769285,0.02844463208611625,-0.13828567452089335,0.02844463208611625,0.2943396226415094,0.23284764933575272,0.3114398857585504,0,0,0,0,0,0
recent_month_non_top10_control,2025-10-31,ADM,59.1849250793457,-0.16687836678803092,0.14027250318655815,1.1021089171672394,1.1071809098795544,0.21737880115716712,0.28465643101867344,0.2916513968757548,-0.134977113714986,-0.026906021580355155,0.1463147618820062,-0.01952878666248048,0.021273864372953977,-0.034418653289762347,-0.16486542165622908,1.1671351714641918,-0.05731194844450427,0.05731194844450427,0.052994218859181874,0.8352006993516428,0.012843990668037986,0.14125840377012144,0.26474537529539965,0.0714400869951909,0.09343260562456024,0.03926449649258301,-0.021025841092655595,0.1566742831607688,0.23769035177730777,0.1566742831607688,0.2916513968757548,0.02652527507312996,0.03561312212622614,0.12678597521952573,0.16606435742076453,0.012116897981601094,0.12678597521952573,0.5063116891060027,0.24988656327601966,0.9527425307575857,1.0020983738418874,0.24860836219693216,0.26511985627539825,0.012175614021595586,-0.05731194844450427,0.05731194844450427,0.2994735092043759,197653437.62920925,1.1120672731770427,0.047619047619047616,0.007936507936507936,0.0,0.024078631685955802,1.0450909843915823,0.01230333086931723,-0.0008183390508854638,-0.01916304852049089,1.185903431438667,-0.04629627438198991,0.07382180801076056,-0.03368457491327437,0.01648639765651505,0.2074224707676664,0.2504109187038372,0.9507475070585345,0.011882600278307152,0.023088247290109942,-0.05731194844450427,0.05731194844450427,0.07613716649226943,0.7619047619047619,0.9682539682539683,219803919.4183834,19.208246436073107,0.047619047619047616,0.015873015873015872,0.0,0.02540674231698794,-0.015067718957492815,0.020199977380509715,0.05554457870401347,0.013223917585666323,0.8333333333333334,0.04570395761584752,-0.04629627438198991,0.16606435742076453,-0.034579889156795884,0.013223917585666323,-0.024118943848294383,0.23807755669791056,0.012059640894949031,-0.044966902182403845,0.044966902182403845,0.00016515807890860046,210208007.49355498,-0.020090355342382238,0.02910010322034081,-0.007867588543767345,0.04780380674246221,0.11466907723792463,0.32607005016551716,0.30715086997458907,1.0,3.0,1.0,1.0,0.0,63.0,126.0,0.38579545454545455,0.011925641120999586,-0.042219216237115,0.12138151964557076,0.12138151964557076,0.6528301886792452,0.23284764933575272,0.3114398857585504,0,0,0,0,0,0
recent_month_non_top10_control,2025-10-31,ADP,254.5773468017578,-0.38843157406106643,-0.08128070408647736,1.078498484785587,1.0969493805178914,-0.12755168153571161,-0.13933374120968012,-0.12521834174471846,-0.026363976323791727,-0.06699325025485547,0.03475189970557091,-0.18934957814018638,0.08293415650849512,-0.4512883919102356,-0.029379336689897007,-0.7028075889568756,-0.1953754095950868,0.1953754095950868,-0.02500546060742448,0.9980283781855956,0.2597025216706068,0.0649554363021001,-0.19221159199957394,0.033748809182637736,-0.047888292283781775,-0.12184264945713652,-0.10507717234387126,-0.1515823180685102,-0.1563374172709342,-0.19221159199957394,-0.12521834174471846,0.0035667755921489075,-0.030553408920106828,-0.15459767843461547,-0.017609055199503842,-0.2692667556725401,-0.15459767843461547,-0.8222573697864887,0.1781687388017119,1.3664723114501593,1.055270232207625,-0.18967811430743886,-0.2813398261881461,0.0076865128720643655,-0.1953754095950868,0.1953754095950868,0.0,490611529.6688867,1.0307891851466786,0.015873015873015872,0.0,0.007936507936507936,0.015367811105835336,1.0814037065745896,-0.10212666685415783,-0.03675985744537569,-0.10011534642285269,0.9953001215641268,-0.029684260629275205,0.06434042370884498,-0.1394441021267061,-0.038304867479680316,0.12492303181351705,0.18801616636742222,1.294902736516598,0.008123739669293441,-0.05413732970691221,-0.15331187683931835,0.15331187683931835,0.0,0.8095238095238095,0.0,505717058.8909573,20.04148790068182,0.015873015873015872,0.0,0.015873015873015872,0.015484458232134884,-0.0846958408282571,-0.07947614599678976,-0.46462016344579676,-0.11311765546399666,0.3333333333333333,-0.02029972191265224,-0.11311765546399666,0.08293415650849512,-0.16092146220645887,-0.11311765546399666,-0.07330934327115213,0.24346264833853498,0.008182665524740604,-0.11142221074187597,0.11142221074187597,0.0,484202105.119905,-0.05574138051322042,0.018418303531931912,-0.03105251407487264,0.04780380674246221,0.11466907723792463,0.32607005016551716,0.30715086997458907,1.0,3.0,1.0,1.0,0.0,63.0,126.0,0.3134469696969696,-0.019208604948662944,-0.005406143773479477,-0.04565702873912403,-0.005406143773479477,0.1792452830188679,0.23284764933575272,0.3114398857585504,0,0,0,0,0,0
recent_month_top_future_return,2025-10-31,ALB,97.44365692138672,-0.24771869705505467,0.0594321729195344,1.0758487798873388,1.1182795516605581,0.18739193123091313,0.38027400505309816,0.69781950410024,-0.12189843998226446,0.08495172669821716,0.166399241652182,0.28920827545774963,-0.04765150190367917,0.3717494539347228,-0.24221198699030833,1.149823918967339,-0.09829293803229855,0.09829293803229855,0.10815618997092247,0.8982540686687324,-0.525120733017676,-0.3087621692608751,0.7827712307984571,0.10397356795107537,0.13125667991261558,0.24761839655362783,0.12384527027777448,0.5759210641179755,0.6855039330055576,0.5759210641179755,0.7827712307984571,0.08265521137656884,0.10444228352858698,0.45560751710993164,0.25158437533762856,0.340938439872007,0.45560751710993164,0.7170611367551174,0.6068924924843747,1.1663020641374282,1.0469427421734812,-0.25323083778966127,-0.09527462569999612,0.02882483878467069,-0.0701438444311473,0.0701438444311473,0.8044535284661827,290709433.166404,1.084841398552039,0.40476190476190477,0.11904761904761904,0.05555555555555555,0.0456922921797783,0.7151604241623151,0.009538355620271277,0.1305777758775517,0.12878500005178983,1.2133560098579403,-0.04003861974566081,0.12496801652710626,0.16301189579589126,0.178950098310785,0.08245785597014255,0.63538169028609,1.1140074974073118,0.029837414838990512,0.15735635972272255,-0.0701438444311473,0.0701438444311473,0.46750333694919943,0.07936507936507936,0.9682539682539683,315373628.0485123,19.569268617864164,0.42857142857142855,0.12698412698412698,0.07936507936507936,0.04783180224654555,0.0711209017789971,0.13708130009402364,0.2988322918788687,0.21151946288480294,0.6666666666666666,0.09822093464371266,-0.04765150190367917,0.25158437533762856,0.16371565614234074,0.21151946288480294,0.029686149827272468,0.7078199666940348,0.03326118302451658,-0.0701438444311473,0.0701438444311473,0.11346626089916079,311987732.3649452,0.014165081143942215,0.05393318178654373,0.008873729507508532,0.04780380674246221,0.11466907723792463,0.32607005016551716,0.30715086997458907,1.0,3.0,1.0,1.0,0.0,63.0,126.0,0.7834280303030303,0.32332299963944955,0.444231994102787,0.7422886619973872,0.7422886619973872,0.9943396226415094,0.23284764933575272,0.3114398857585504,1,1,1,1,1,0
recent_month_top_future_return,2025-10-31,COHR,131.9600067138672,0.12036971882581682,0.4275205888004059,0.7544855788903657,0.7927453987071396,0.4582827917902015,1.0320295927449559,1.0516170295393503,-0.5724105721004853,-0.3068066169235615,0.6728855563533154,-0.4464914245206377,0.175839515115916,0.7255469793738332,-0.8252228977066727,1.89488002641765,-0.04418362271908394,0.04418362271908394,0.09322336967585398,1.1958436317211951,0.3296310406470708,0.6306517057521444,0.7448104126157888,0.28645233002081144,0.17955840703724157,0.290732825333633,-0.04418362271908394,0.47920645743886503,0.7585446331980014,0.47920645743886503,1.0516170295393503,0.20614280437594235,0.07474154950917988,0.22639413183267765,-0.1592007202261988,0.11172505459475301,0.22639413183267765,0.34124214995309227,0.5549781595025182,1.1308087313037278,1.1954367530683458,0.9464178464178463,1.3844161638565322,0.024863987165161538,-0.04418362271908394,0.04418362271908394,0.8954323686858188,351777330.8508555,1.273610429804859,0.30952380952380953,0.07142857142857142,0.023809523809523808,0.042598542830854076,1.300134203827436,0.03165711615401745,0.1631381873803055,0.20338222259768446,1.347966248741733,0.1906709380706022,0.14591928273567034,0.45860511698179907,0.14153564145899922,0.28311651583710407,0.6634412890195369,0.9459377322984789,0.028999984134605604,0.16691146462110762,-0.04418362271908394,0.04418362271908394,0.5246678458804179,0.031746031746031744,0.8095238095238095,448027277.5405642,19.920364678125036,0.3968253968253968,0.1111111111111111,0.047619047619047616,0.04554073251693465,0.1228950524374286,0.22147898389035858,0.3585678265788939,0.2250278984262144,0.8333333333333334,0.13633980713328628,-0.1592007202261988,0.2250278984262144,0.1772240916837522,0.2250278984262144,0.08839727308257994,0.6275741484483205,0.03181494208889997,-0.04418362271908394,0.04418362271908394,0.20654661607376723,414932964.1669137,0.03159840763841726,0.05185011734244743,-0.018096297407132256,0.04780380674246221,0.11466907723792463,0.32607005016551716,0.30715086997458907,1.0,3.0,1.0,1.0,0.0,63.0,126.0,0.8188446969696971,0.24477103781152243,0.39868140295284604,0.6079113510190814,0.6079113510190814,0.9886792452830189,0.23284764933575272,0.3114398857585504,1,1,1,1,1,0
recent_month_top_future_return,2025-10-31,ECHO,74.87000274658203,1.6804789920425105,1.9876298620170996,1.5616826981494611,1.4702333215192729,1.706796932740653,1.926896128611669,2.3305162042336014,-0.6276280928819027,0.8922702977190373,0.44973313239426393,0.8475974105955248,-0.21129893668705413,2.0044461540680842,-1.0331856612438126,1.6065431974997824,-0.10410430752677158,0.10410430752677158,0.30450744116690087,1.793445823676942,-0.0425561876865882,1.1995649132241835,3.2227865019526387,0.7637794647799763,0.5623238284328564,0.5190649539269983,-0.09709639941053239,1.7028881113516987,2.4187302725126467,1.7028881113516987,3.2227865019526387,0.17653426913225556,0.375467792846762,1.2973305429897888,0.895980381289466,1.1826614657518641,1.2973305429897888,0.8505947484030023,1.4506402366649822,0.18542386619485576,1.0514006141062815,-0.4958026815377313,-0.5056409859041835,0.040711422012628735,-0.10410430752677158,0.10410430752677158,3.682301677190484,215439554.7677131,1.560772795494838,0.3333333333333333,0.1111111111111111,0.07142857142857142,0.05269364747339559,0.5162804118701212,-0.017829339107462205,0.11517921226290251,0.056545765111873925,0.8569615531267807,0.2357986644917316,0.4006522322560213,0.2116847651278766,-0.006131799112227387,-0.5486730363283134,1.525204035676844,0.17635890992176276,0.03479536989293503,-0.012455659024438126,-0.10410430752677158,0.10410430752677158,1.8009728405823284,0.6031746031746031,0.9841269841269841,336252196.15496683,19.633372023148837,0.25396825396825395,0.1111111111111111,0.0,0.04278326716387252,0.0034355060365014456,-0.029112963437131212,-0.07254280945751941,-0.019512805812727296,0.6666666666666666,0.2733042334744214,-0.21129893668705413,0.895980381289466,-0.0673166125551895,-0.019512805812727296,0.0074614596003668154,0.26898332114024154,0.013401192890115269,-0.02917531016425856,0.02917531016425856,0.036549899860900625,196677713.0749294,0.014306246251142962,0.030748515795382004,0.009465003846585773,0.04780380674246221,0.11466907723792463,0.32607005016551716,0.30715086997458907,1.0,3.0,1.0,1.0,0.0,63.0,126.0,0.7999053030303032,-0.021103269308038297,0.4518497790919953,0.5122211442134861,0.5122211442134861,0.9830188679245283,0.23284764933575272,0.3114398857585504,1,1,1,1,1,0
recent_month_top_future_return,2025-10-31,LITE,201.55999755859372,1.8486343332403157,2.1557852032149047,1.1277762502708315,1.1389072188826885,1.3696214829979123,2.2332370398659114,2.4139565452747824,-1.2936114712666043,-0.6253566426371742,0.8644986470876554,-0.03346672297906017,0.22425470288716487,2.0878864951092653,-1.5829246211661872,4.786656850458417,-0.05936158901048172,0.05936158901048172,0.177012485783395,1.2152427379826949,0.5895959083997604,1.9106008547123636,1.7885999026376083,0.6469242723675284,0.31516324244628735,0.5417299938729137,-0.05936158901048172,1.1203450740081782,1.7743005073068563,1.1203450740081782,2.4139565452747824,0.15800551923223827,0.18135087777527192,0.8310319241085953,0.206486149613478,0.7163628468706706,0.8310319241085953,1.4192329621038113,0.5043095046689211,1.4417255482912361,1.1610926208487178,1.0179574169396348,1.4997816682963356,0.024812982638493727,-0.05936158901048172,0.05936158901048172,2.1907551591109846,366793650.9124332,1.4624117543400932,0.3412698412698413,0.10317460317460317,0.023809523809523808,0.045719679256209775,1.2570613062885252,-0.008107983843526512,0.11442099428873864,0.2568552906191819,1.8376150333710295,0.2251337226482668,0.0511814360582098,0.517656812467514,0.05399832213149214,0.2933729895902326,0.5855500444949563,1.2416972792725058,0.02967013051781858,0.1231240154977109,-0.05936158901048172,0.05936158901048172,0.8637077643532256,0.031746031746031744,0.9841269841269841,536403346.51165915,20.10039695005266,0.3968253968253968,0.15873015873015872,0.047619047619047616,0.05160274236790328,0.1946301928858467,0.2187768235672336,0.3283952826811919,0.23876829476779493,1.0,0.2279686052658717,0.15800551923223827,0.31516324244628735,0.19096448802533272,0.23876829476779493,0.17524611758751352,0.7270758971272819,0.03813523995029163,-0.05936158901048172,0.05936158901048172,0.34723612550167804,544175235.8312697,0.09664465374693809,0.06284942283466369,-0.00035710191619686693,0.04780380674246221,0.11466907723792463,0.32607005016551716,0.30715086997458907,1.0,3.0,1.0,1.0,0.0,63.0,126.0,0.8476325757575758,0.6132169458256964,0.8286862512525139,0.9440365205599999,0.9440365205599999,0.9981132075471698,0.23284764933575272,0.3114398857585504,1,1,1,1,1,0
recent_month_top_future_return,2025-10-31,LUV,29.90815544128418,-0.29375441761802756,0.013396452356561506,1.020309347506191,1.0396976622166845,0.0038186174018715047,-0.08738787092340439,0.09604854617310599,-0.15677393836198628,-0.17796832578448907,0.1125930528896899,-0.12746327581047268,0.19384833899281295,-0.23002150399241117,-0.11091876909388876,0.26469008401157906,-0.1917753844488601,0.1917753844488601,0.0016809119073719625,0.7743595059169042,-0.3731852927233942,-0.38250616715062247,-0.08191977961138308,0.09721110601013057,-0.02256463365052952,-0.06513012131681828,0.0532779725374416,-0.06072539218888029,-0.015532208542385795,-0.08191977961138308,0.09604854617310599,-0.04654733856898763,0.022272124841889784,-0.014870222920782772,0.06369225350798646,-0.1295393001587074,-0.014870222920782772,-0.04505078251594814,0.36287172045668425,1.025875437355356,0.9096242218005527,-0.17707178559620362,-0.21859210930941575,0.01580871279043759,-0.1917753844488601,0.1917753844488601,0.04852262200883617,333317299.4152932,0.8476122897156362,0.1111111111111111,0.031746031746031744,0.015873015873015872,0.028960386957896062,0.776040337285242,0.022532630122172437,0.008451601591048963,-0.060637678431992414,1.1061374209057036,-0.024647480535680777,0.09520750801685388,-0.0738582763667549,0.00979858861088112,0.1327687523146186,0.3300769063338391,1.1278013632098431,0.015086450413960045,-0.011786827243904896,-0.12629751654439125,0.12629751654439125,0.04852262200883617,0.12698412698412698,0.9206349206349206,282523839.35922897,19.45927349564222,0.12698412698412698,0.031746031746031744,0.015873015873015872,0.029758771469307294,-0.06493987654727373,-0.04573831636620618,-0.13553486355683755,-0.05045436890664068,0.3333333333333333,0.018887795139826802,-0.05045436890664068,0.19384833899281295,-0.09825817564910289,-0.05045436890664068,-0.06364436977664856,0.37226118492739146,0.016956820760574483,-0.12629751654439125,0.12629751654439125,0.006979085925142847,319973563.9461699,-0.05639809260649964,0.03722297917290779,-0.01871880922822733,0.04780380674246221,0.11466907723792463,0.32607005016551716,0.30715086997458907,1.0,3.0,1.0,1.0,0.0,63.0,126.0,0.6411931818181817,0.1488448030982712,0.3699713535682916,0.5751520982734784,0.5751520982734784,0.9849056603773585,0.23284764933575272,0.3114398857585504,1,1,1,1,1,0
recent_month_top_future_return,2025-10-31,MRNA,27.15999984741211,-0.8075187959778839,-0.5003679260032948,1.272568819225152,1.3137083580937887,-0.31100961164405916,-0.041975326915178135,-0.04835322438144829,0.03276785639313218,0.07094360064403438,0.03573926130675442,-0.11693004824487452,-0.0693763625111774,-0.37442327454696545,-0.03283756255667181,-0.08281007376852485,-0.5036549846213049,0.5036549846213049,0.004149900721343025,0.9363438993828093,0.08387021040056908,-0.004130064920639054,0.022590376262586087,0.035506136404034584,0.038780147114320096,-0.01366022892468488,0.1007066000640624,-0.015585367988316112,-0.013782738702392772,-0.04835322438144829,0.022590376262586087,0.07140265684883329,-0.025816803646362407,-0.0811907869381201,-0.18504734141341117,-0.19585986417604473,-0.0811907869381201,-0.14613890843889504,0.5839050997177929,1.145325689123252,0.9514777203301347,0.6312119385613035,0.7152038766272355,0.027925297676857284,-0.21661375016339268,0.21661375016339268,0.15525306605681255,294349182.78626186,0.9612395081601383,0.3333333333333333,0.10317460317460317,0.05555555555555555,0.04959875948377254,1.0588905928860866,0.20829240159944795,0.05876051721325659,0.047847585714734464,1.1146106648800074,0.07222913076367243,0.10339823076194987,0.12743875779902902,0.061359871120589604,0.4011521169255856,0.5555726931686256,1.20373358687354,0.02613376714465298,0.026492102967095477,-0.046683044380166905,0.046683044380166905,0.15525306605681255,0.31746031746031744,0.5555555555555556,282940063.688805,19.46074564762586,0.31746031746031744,0.06349206349206349,0.031746031746031744,0.0480906974684129,0.017800255146565913,0.0029630708643195725,0.07699383304572568,0.051490512103541386,0.6666666666666666,-0.0034202095157035615,-0.18504734141341117,0.07222913076367243,0.003686705361079179,0.051490512103541386,0.010416660273063316,0.6687615107168623,0.029443502456915446,-0.046683044380166905,0.046683044380166905,0.0995951015582035,289939820.31039286,0.0188311146817155,0.05656690246078675,0.02870993865318927,0.04780380674246221,0.11466907723792463,0.32607005016551716,0.30715086997458907,1.0,3.0,1.0,1.0,0.0,63.0,126.0,0.7615530303030303,-0.04344625595747986,0.08578792108970013,0.6226067725483933,0.6226067725483933,0.9905660377358491,0.23284764933575272,0.3114398857585504,1,1,1,1,1,0
recent_month_top_future_return,2025-10-31,MU,223.55133056640625,0.9477841369530597,1.2549350069276488,1.1402227956870004,1.143768163052994,1.4595871521320425,1.5793633467325074,1.912552126618941,-1.0941270352208212,-0.5398979928318925,0.419658582760317,0.6319277366460803,0.22755022956934234,1.5864820764534238,-0.8609658072125437,4.270683877070648,-0.012619701831322439,0.012619701831322439,0.17834496225561214,0.8644360073723252,-0.4415606190738529,0.14568659412586094,1.3726541337870484,0.5470791599169111,0.30478519297311424,0.5547527743436755,0.1333209362658685,0.8184250913981197,1.3678771172680364,0.8184250913981197,1.912552126618941,-0.1136492409813592,0.2750713708120285,1.0515863194063972,0.09043433206544482,0.9369172421684726,1.0515863194063972,2.109310289945317,0.4478327550506503,1.1779947921762468,1.1132394830575736,-0.18775662560656958,0.08695626302904658,0.02290006689917556,-0.012619701831322439,0.012619701831322439,1.7868802252839115,3097652608.5347676,1.221367662015179,0.2857142857142857,0.0873015873015873,0.007936507936507936,0.03394730391681913,0.7592539895338947,-0.0033236783163022032,0.3276140213484722,0.3182383824572801,1.6187529273368775,0.40593222640750537,0.1913938305355169,0.8814395870316991,0.2906878723530917,-0.07946565387833371,0.49854510472883495,1.0581683547019183,0.026499150316668343,0.29059770216105885,-0.012619701831322439,0.012619701831322439,1.0583758600620365,0.031746031746031744,0.9682539682539683,3783372724.2213297,22.053881704104285,0.3492063492063492,0.14285714285714285,0.015873015873015872,0.03793803733516228,0.16459354418806482,0.30750502642281874,0.6411115963827094,0.3382149947862205,0.8333333333333334,0.208877955803378,-0.1136492409813592,0.40593222640750537,0.2904111880437583,0.3382149947862205,0.09866747724926195,0.5275446532156068,0.027916495405138835,-0.012619701831322439,0.012619701831322439,0.23221360861006857,4646382129.861523,0.04094562374165367,0.043772620689750213,0.002176588447423189,0.04780380674246221,0.11466907723792463,0.32607005016551716,0.30715086997458907,2.0,7.0,2.0,1.0,1.0,63.0,126.0,0.9296401515151516,0.056799420640435416,0.2759766454207524,0.8547954836164378,0.8547954836164378,0.9962264150943396,0.23284764933575272,0.3114398857585504,1,1,1,1,1,0
recent_month_top_future_return,2025-10-31,SNDK,199.3300018310547,,,0.9609907482211067,0.8833819695520909,,3.1867254626271846,5.207723389665556,-1.8123538518958453,-0.9190524134400571,0.3366551651546479,3.3075668836542818,0.17377757428502028,4.881653339500039,-1.563501340856627,6.680257039258617,-0.024613421238373734,0.024613421238373734,0.43699775200008895,1.5010244765634355,2.7425373134328357,16.38117430953491,4.288670976225499,0.906207415834337,0.20323693623018224,1.5693196357929429,0.07066483737478901,3.395369537769711,4.297254634553589,3.395369537769711,5.207723389665556,-0.053583249987592674,0.6930040688397276,3.6442220488089294,0.22250707034437145,3.529552971571005,3.6442220488089294,3.749005907324141,0.7795693128364288,1.5799008323707358,1.246906737450974,-0.39370816834285316,0.07711368272248365,0.03506595006538466,-0.024613421238373734,0.024613421238373734,4.892107332021399,414294354.9675381,1.729860110148938,0.40476190476190477,0.15079365079365079,0.05555555555555555,0.05608484579300028,1.260337087859556,-0.013159649857247713,0.7287401741159734,0.7958871185797491,2.698062661299311,1.1383646719636702,0.4502212945850536,2.7989326699768573,0.608861710259462,-0.07983690473552418,0.972050228485769,1.2670561357303234,0.04795656609829862,0.6289197459363951,-0.024613421238373734,0.024613421238373734,3.898746831124594,0.031746031746031744,0.9523809523809523,716671278.5182287,20.390127826934222,0.5238095238095238,0.25396825396825395,0.09523809523809523,0.0661239146792576,0.43741722685942164,0.6749929780507713,0.6305076064304416,0.7765597794356938,0.8333333333333334,0.41014379704522425,-0.053583249987592674,1.1383646719636702,0.7287559726932316,0.7765597794356938,0.3027082906981897,1.2316422062409564,0.060908735791829975,-0.024613421238373734,0.024613421238373734,0.704986704193028,1216059888.0266461,0.13966679251315872,0.08029041073952956,0.047418362480977416,0.04780380674246221,0.11466907723792463,0.32607005016551716,0.30715086997458907,1.0,3.0,1.0,1.0,0.0,63.0,126.0,0.8965909090909091,0.12015249449774945,0.1908894933137446,1.8909346044576365,1.8909346044576365,1.0,0.23284764933575272,0.3114398857585504,1,1,1,1,1,1
recent_month_top_future_return,2025-10-31,STX,254.58450317382807,1.304142858605464,1.611293728580053,0.9447099334535598,0.9136695190025478,1.6999051563334642,2.0376645497594863,1.834775319022555,-1.0563052694028312,-0.646801950099988,0.7339749634448898,-0.0991328355108716,0.29561692079391966,1.508705268857038,-1.199933191088537,3.825831643576642,-0.046433612731494156,0.046433612731494156,0.15632412965612819,1.1259945824693616,0.22217651564583396,0.9980656555494192,1.187973368922567,0.5325765286700402,0.23025595476876548,0.42479167123412753,-0.046433612731494156,0.7784700496197239,1.2670729125216154,0.7784700496197239,1.834775319022555,0.08785430668294003,0.17891560631435155,0.6348421279340182,0.06617414342129013,0.5201730506960935,0.6348421279340182,1.06844989262917,0.47957555113619293,1.793488949701378,1.2389521805415677,1.0592973231357554,1.2321994092030404,0.02124735384822638,-0.046433612731494156,0.046433612731494156,1.7575292450698758,712882606.6635313,1.2283208283981422,0.25396825396825395,0.05555555555555555,0.007936507936507936,0.03575778802259064,1.6858778065841609,-0.046433612731494156,0.15595009136672933,0.19967354401075577,2.1396924553334546,0.414600282973306,0.14141067880294672,0.5333725151952251,0.06158009317016511,0.6570910209890632,0.5941711748146103,1.447585288495487,0.02579366198879034,0.015621123243623858,-0.046433612731494156,0.046433612731494156,0.7429656715851916,0.015873015873015872,0.9682539682539683,875648553.9675758,20.59047537544185,0.3333333333333333,0.07936507936507936,0.015873015873015872,0.04300673321924,0.10902022659899013,0.0421443693424719,0.0976169958943164,0.08396169126466968,1.0,0.1964105499841485,0.06617414342129013,0.414600282973306,0.03615788452220747,0.08396169126466968,0.11788515341018857,0.8601134515097102,0.03486992871347255,-0.046433612731494156,0.046433612731494156,0.20909127472568056,1212747341.7315528,0.08991314226228875,0.06527334401985889,0.02915152840855928,0.04780380674246221,0.11466907723792463,0.32607005016551716,0.30715086997458907,1.0,3.0,1.0,1.0,0.0,63.0,126.0,0.8714962121212122,0.08132722385215008,0.07907027201975514,0.5974660237526563,0.5974660237526563,0.9867924528301887,0.23284764933575272,0.3114398857585504,1,1,1,1,1,0
recent_month_top_future_return,2025-10-31,WDC,149.97842407226562,1.7449069897221519,2.052057859696741,1.2699236958054017,1.2684369883831335,2.060492531690108,2.726565828586258,2.435136156213817,-1.0850053853212889,-0.5124383378477466,0.797460532923917,0.1136446587021287,0.17533059169771592,2.1090661060483,-1.5240309645877712,5.4052672349728095,0.0,-0.0,0.21123905373296892,1.2038050405239136,-0.16128132196712575,0.60287961990236,1.9226978183660703,0.5427803054835553,0.24363199468091445,0.6873766877911613,0.0,1.350130770892528,1.9026549151574716,1.350130770892528,2.435136156213817,0.22972339837188227,0.2435318018266155,0.9111051916260458,0.020968328378465184,0.7964361143881211,0.9111051916260458,1.6519048341588485,0.450511704668024,1.6555267970093173,1.2242705946106642,0.45291703037866937,0.8177801933999636,0.020680397206089645,0.0,-0.0,2.4164417841957277,683179590.851478,1.4080076321959585,0.20634920634920634,0.07936507936507936,0.0,0.03439457635001673,1.5796846628381391,0.0,0.2511479692265821,0.3641001127891317,2.319609728038402,0.4961383998116906,0.1535692934046711,0.8718555106026893,0.17539480527968676,0.548984771573604,0.5515482325529857,1.3522556241218868,0.02603887879355821,0.1286337048838131,0.0,-0.0,1.038287889651511,0.0,0.9682539682539683,961922078.0793931,20.684444006471423,0.2857142857142857,0.1111111111111111,0.0,0.041648795334037064,0.22376328825925396,0.12514659792986516,0.33670294171237974,0.2511245689825805,1.0,0.2361528803205415,0.020968328378465184,0.4961383998116906,0.2033207622401183,0.2511245689825805,0.198836431778723,0.7458341994442612,0.03494858002131242,0.0,-0.0,0.327764612084553,1258941591.5555317,0.15557716617651285,0.06091470928289122,0.10236167839464616,0.04780380674246221,0.11466907723792463,0.32607005016551716,0.30715086997458907,1.0,3.0,1.0,1.0,0.0,63.0,126.0,0.8705492424242425,0.08734441172263341,0.14778309786991262,0.6672071768135595,0.6672071768135595,0.9924528301886792,0.23284764933575272,0.3114398857585504,1,1,1,1,1,0
recent_month_non_top10_control,2025-11-30,A,152.5838165283203,-0.09980639620455345,0.12158508880106633,1.1411481673144468,1.1647090744778483,0.20747038403594598,0.43245504066096396,0.3771636076177085,-0.03748722848452912,-0.07106963491253615,0.12513084264349472,0.09887222919663241,0.05441387556925714,0.18153227847440268,-0.15316053577758137,1.3034482592447412,-0.023536999659205304,0.023536999659205304,0.050312083249746564,0.8755279103005414,-0.14013024927015494,0.05248321627573471,0.30609397270517236,0.0355526917113841,-0.02506755135127192,0.17320232092881183,-0.023536999659205304,0.3396763791331794,0.34097798648535343,0.30609397270517236,0.3771636076177085,0.09450409884932132,0.07710160286967138,0.22400307184012713,0.02345803319976647,0.13710281551368086,0.22400307184012713,0.7889058827095812,0.2893583269935463,0.8957554475599195,0.9812796551939154,0.029854760623991394,0.08009499246049323,0.01355311628972067,-0.023536999659205304,0.023536999659205304,0.38795262430332444,225657870.31271797,1.1139782257186175,0.07142857142857142,0.015873015873015872,0.007936507936507936,0.024069315795884217,0.8234556174841843,-0.012255490903623323,0.07562865644075889,0.08249641154224596,1.302632337649115,0.1403193578637687,0.05705752934494756,0.1959484728586003,0.043694847468716436,-0.1548549671675833,0.28394143933971533,0.9128442058476235,0.012794702551252916,0.0316559727354182,-0.023536999659205304,0.023536999659205304,0.2618609260893179,0.031746031746031744,0.7142857142857143,251377953.99040344,19.34246816129542,0.06349206349206349,0.015873015873015872,0.0,0.0248163490680372,0.04236454981397575,0.05305487057875036,0.18821325741370137,0.04878380307341712,0.8333333333333334,0.05606860286737647,-0.02506755135127192,0.1403193578637687,0.06439401974911407,0.04878380307341712,0.03475700330985698,0.2591942977012936,0.012403779036740815,-0.023536999659205304,0.023536999659205304,0.07073094864476648,288294297.8674752,0.02705808498243134,0.02870171941774329,-0.0031432529966962663,-0.015610216675696953,0.08690025632644627,0.19563132914330583,0.22139148500561978,1.0,3.0,1.0,1.0,0.0,63.0,126.0,0.5227272727272727,-0.11355043179652902,-0.12645447633451812,-0.2078374992612303,-0.11355043179652902,0.02830188679245283,0.3081311727357821,0.43483282678561663,0,0,0,0,0,0
recent_month_non_top10_control,2025-11-30,AAPL,278.3328857421875,-0.0411313244534901,0.18026016055212968,1.0351381897301544,1.0447108107422929,0.15697794267915355,0.31672249370777283,0.391272538893616,-0.04504195447733195,-0.029294151558487025,0.1570996084782028,0.04527962378460426,0.021508528939144567,0.19564120975031019,-0.18889330663080894,1.775409804726707,0.0,-0.0,0.06329143517978775,0.7766150988747448,-0.48918271670083,-0.3858039070801712,0.361978387335129,0.02285796095980724,0.011697701048496878,0.14893874802494778,0.00510008410075935,0.34623058441628407,0.36649383688167636,0.34623058441628407,0.391272538893616,0.11963891948030181,0.0660717681781251,0.20237923226280707,0.0968812192629327,0.1154789759363608,0.20237923226280707,0.8855888626885671,0.22038435174342494,0.6661355388179204,1.0369386049556062,-0.7663191635786745,-0.7587562491250661,0.009907465929813902,0.0,-0.0,0.42832284808491594,12263942344.016386,1.0712453668680206,0.07142857142857142,0.007936507936507936,0.0,0.01900845209106332,0.33932915885614007,0.0037951562818203666,0.05295525125666711,0.06245199443943816,1.1814160160729463,0.06181508747860254,0.04348697882023275,0.09617997933337352,0.05676356508436853,-0.5805287242981244,0.22852504225087267,0.6424059588816633,0.0102229020149016,0.04302522750983706,0.0,-0.0,0.2307435291555302,0.0,0.8888888888888888,13137691415.564085,23.298751143286083,0.09523809523809523,0.0,0.0,0.0189809390210428,0.037288159457789405,0.039257218007826555,0.22045640998125107,0.03236429041178379,1.0,0.057317624436877046,0.011697701048496878,0.11963891948030181,0.047974507087480744,0.03236429041178379,0.027020152535781827,0.14680584889564446,0.00663487634096448,0.0,-0.0,0.04732392690606346,13327668082.256498,0.024091954991485087,0.020707500329888096,0.009755346003389453,-0.015610216675696953,0.08690025632644627,0.19563132914330583,0.22139148500561978,2.0,8.0,2.0,1.0,1.0,63.0,126.0,0.6418560606060606,-0.025067288626873463,-0.06946374790963394,-0.05172244411765614,-0.025067288626873463,0.12264150943396226,0.3081311727357821,0.43483282678561663,0,0,0,0,0,0
recent_month_non_top10_control,2025-11-30,ABBV,222.44076538085935,0.06687010728065257,0.28826159228627235,0.9876449959006344,0.9900709165962078,0.11687379978923396,0.18566036784408158,0.2429335591970605,-0.029614705688935095,0.003281132444716617,0.14027856336891165,-0.05025231967205723,-0.0026328789627684257,0.04730223005375467,-0.1529073155002061,1.056922725565783,-0.061537287917915795,0.061537287917915795,0.04228788067547451,0.8781350448060696,-0.3773067273196239,-0.32124799100490853,0.24621469164177712,0.01811966146518486,0.02711227806156513,0.06483745665834939,-0.060587531624454294,0.2133188535081254,0.23415570144898767,0.2133188535081254,0.24621469164177712,0.11310976274582218,0.0288334404422792,0.09002624369685441,0.10047526977590193,0.0031259873704081453,0.09002624369685441,0.33785956795714656,0.22984987768809242,1.3805343653448772,1.1592807660960656,-0.7546857823801649,-0.7438174205115796,0.010189851352387242,-0.061537287917915795,0.061537287917915795,0.26884067482208396,1159333683.980294,1.1225586641122158,0.05555555555555555,0.007936507936507936,0.0,0.02014034106207295,0.36408505737671204,0.03981360627818642,-0.00019150015926372443,0.0032999498367849434,1.384677394375355,-0.05151647460438913,0.06223470302455983,-0.009495012169764894,-0.012300768722626088,-0.6485473041529544,0.26646054229333876,1.190854196601479,0.01126333441912229,0.01313485632080802,-0.061537287917915795,0.061537287917915795,0.09319567361454384,0.6507936507936508,0.9206349206349206,1301420071.5492127,20.986721868718423,0.09523809523809523,0.015873015873015872,0.0,0.020150948263973848,0.0026935273454322672,0.014072727280220798,0.13962071957888997,0.04430384008736166,0.6666666666666666,0.038475299517248894,-0.05151647460438913,0.11310976274582218,0.05991405676305861,0.04430384008736166,0.006230953375431225,0.3173156550187283,0.014493296474684062,-0.03631276348254564,0.03631276348254564,0.07425929246117602,1427682354.91551,-0.016644055856326445,0.027507979731558215,-0.012533050581341687,-0.015610216675696953,0.08690025632644627,0.19563132914330583,0.22139148500561978,1.0,3.0,1.0,1.0,0.0,63.0,126.0,0.5983901515151515,0.0034695035861873613,-0.012717282995508561,0.02743636625303103,0.02743636625303103,0.2641509433962264,0.3081311727357821,0.43483282678561663,0,0,0,0,0,0
recent_month_non_top10_control,2025-11-30,ABNB,116.98999786376952,-0.36186612067414625,-0.14047463566852647,0.9891227487594232,0.9969124101759074,-0.15755741357198305,-0.04043635481641228,-0.09310079175372465,-0.023355709808569824,-0.02288831886200693,0.011860455653464053,-0.11559140671568768,0.025891444479772208,-0.2887321208970305,-0.010630159308498977,-0.351448734595753,-0.27524470827136605,0.27524470827136605,-0.024967587428773363,0.6803062440377807,-0.3935904216954368,-0.45649386398621117,-0.11598911061573158,0.013351546572638167,0.0005289959661174404,-0.06961247587106523,-0.011783430865895395,-0.11645650156229448,-0.10851546797725024,-0.11645650156229448,-0.09310079175372465,-0.014198359873246358,-0.019833299410697114,-0.10373095106222363,-0.06979239022100159,-0.1906312073886699,-0.10373095106222363,-0.4546837989823158,0.26490575321266135,1.0621278399816783,0.8612068775381218,-0.2755342371323529,-0.3302098353323142,0.012274579958137237,-0.17705405986176515,0.17705405986176515,0.04886136725397394,610075551.9092499,1.0005942789102804,0.06349206349206349,0.0,0.007936507936507936,0.022937046518275113,0.7059926666106866,-0.06302502263389065,-0.014068922258999472,-0.041367323357636376,1.009089453731303,0.04216770568105255,0.04866369692304702,-0.03648493141147846,-0.03634316143270566,-0.22266395463510846,0.22813865656616034,1.233301623203378,0.01114130198661168,-0.08575340518539754,-0.09359269214345611,0.09359269214345611,0.04886136725397394,0.36507936507936506,0.07936507936507936,610438106.9434272,20.22968746708576,0.06349206349206349,0.0,0.0,0.02365629994373535,-0.04148723030554102,-0.09068712208957364,-0.26823008931083575,-0.07547023062006297,0.5,-0.015145472431228121,-0.07547023062006297,0.04216770568105255,-0.05986001394436602,-0.07547023062006297,-0.019851808041928876,0.2813637754584835,0.01290143516943963,-0.07736596965209841,0.07736596965209841,0.04886136725397394,672036948.1555394,0.006815937399333061,0.026274536667736423,0.0068679259168662465,-0.015610216675696953,0.08690025632644627,0.19563132914330583,0.22139148500561978,1.0,3.0,1.0,1.0,0.0,63.0,126.0,0.5136363636363637,0.16009918539142132,0.10582098879798285,0.1548850592140545,0.16009918539142132,0.7056603773584905,0.3081311727357821,0.43483282678561663,0,0,0,0,0,0
recent_month_non_top10_control,2025-11-30,ABT,126.54817199707033,-0.11553608412965177,0.10585540087596801,0.8935266159239739,0.9013993928399797,-0.05328013975927037,-0.005320454190554713,-0.026393563308312107,0.052411247490084856,-0.017394761434621486,-0.0024294785020794185,-0.021592968322280415,0.018191329268119505,-0.22202489245161794,0.0023711164839522736,-0.12426671261409464,-0.0682014366180187,0.0682014366180187,-0.010169621294158881,0.7990414632357136,-0.4194145394632902,-0.43336162281602975,-0.04378832474293359,0.03633729826415851,-0.06803587306623782,-0.00508597379421194,-0.01737153052766094,0.02601768418177275,-0.014721401289824318,-0.04378832474293359,0.02601768418177275,0.05127180522063424,-0.015155260084721456,-0.024022446824359833,0.009648848838859525,-0.1109227031508061,-0.024022446824359833,-0.13302413291886267,0.2123944759871155,0.9666268135000959,0.8502440210222384,-0.6348564209570043,-0.6192606084060399,0.008898453564752676,-0.058123165157150436,0.058123165157150436,0.07437693843947302,797151287.4035245,0.9906890443036652,0.023809523809523808,0.0,0.007936507936507936,0.01898502674249669,0.4531718861021886,0.038819126815325844,-0.031281215380172145,-0.003341159600582566,1.0657705764673207,-0.07294536123304785,0.05434303350308719,-0.03334951127012409,-0.020899171560629815,-0.5501643778124927,0.18058713330619633,1.1368816358601757,0.008912736451799167,0.007032975348728376,-0.052311594693925434,0.052311594693925434,0.04271145227814088,0.7619047619047619,0.30158730158730157,789729047.0832341,20.487200467485412,0.015873015873015872,0.0,0.0,0.019659820324821473,0.014632986625298106,0.01485563331865758,0.20803781477808644,0.04271145227814088,0.6666666666666666,-0.003192966448921919,-0.07294536123304785,0.05127180522063424,0.058321668953837835,0.04271145227814088,0.014317609543690768,0.2053061955284481,0.009452534172037572,-0.012941377118389275,0.012941377118389275,0.04271145227814088,824025024.2838179,0.005828880663520941,0.021489533689681706,0.005789657377570201,-0.015610216675696953,0.08690025632644627,0.19563132914330583,0.22139148500561978,1.0,3.0,1.0,1.0,0.0,63.0,126.0,0.4105113636363636,-0.028006100227637276,-0.14776050674139551,-0.09278991002670678,-0.028006100227637276,0.1169811320754717,0.3081311727357821,0.43483282678561663,0,0,0,0,0,0
recent_month_non_top10_control,2025-11-30,ACGL,93.91999816894533,-0.2889054144073606,-0.06751392940174084,1.1614693229965134,1.1650662400159024,0.010870675568037225,0.03573001602189696,-0.011784540570211943,0.10311617934931028,0.04330562811543759,-0.036931840303223495,0.06304349136323695,-0.04198230035073236,-0.20741586971351778,0.037896191630225395,-0.05439352883219446,-0.06769902560497232,0.06769902560497232,0.0006721132863438672,0.8026896993382485,-0.4257197696737044,-0.41072436468876006,0.031521087545225646,0.051777771789593606,-0.05480511066350491,0.046144159537126805,0.04415172056671057,0.09133163877909833,0.03702272858470401,-0.011784540570211943,0.09133163877909833,0.06356032275017065,-0.002529014697120746,0.026111651060013452,-0.008740253829701006,-0.060788605266432816,0.026111651060013452,0.12605470888470943,0.21665335607416786,0.6304765032513691,0.9561143552970225,-0.6038660135045677,-0.5689386590348295,0.010566649178140063,-0.024410497102581252,0.024410497102581252,0.10859297468935813,194249385.06081596,0.9935116635904582,0.03968253968253968,0.0,0.0,0.01902964068839655,0.4826022671266634,0.07769950188144203,0.001205786333246861,0.04533492485538759,0.8499393017858556,-0.04871603256699386,0.061690626585554506,0.03515920526820904,0.017700350922289276,-0.44913364564367975,0.20714538386578926,0.6594153719776624,0.010016659239515863,0.06820095388873249,-0.005084781241258662,0.005084781241258662,0.10859297468935813,0.015873015873015872,0.3492063492063492,192989029.70319477,19.078143909519206,0.031746031746031744,0.0,0.0,0.018886076824055024,0.050571014510201406,0.08167099383038723,0.64548961663537,0.08817055759021808,0.3333333333333333,-0.0004188028450905675,-0.05480511066350491,0.08817055759021808,0.10378077426591503,0.08817055759021808,0.0348455840012436,0.1365948503553151,0.007688403580297437,-0.005084781241258662,0.005084781241258662,0.09209300196448056,192447734.87327212,0.014802797873348705,0.01575808742642931,0.007012178073107611,-0.015610216675696953,0.08690025632644627,0.19563132914330583,0.22139148500561978,1.0,3.0,1.0,1.0,0.0,63.0,126.0,0.2538825757575758,0.021294719324870037,0.022572431728208775,0.06633308643944935,0.06633308643944935,0.4188679245283019,0.3081311727357821,0.43483282678561663,0,0,0,0,0,0
recent_month_non_top10_control,2025-11-30,ACN,244.95237731933597,-0.5216390826088197,-0.30024759760319997,0.9922308455574146,1.0052665202628508,-0.27547709239784346,-0.16011922151608393,-0.20696198029310364,0.14294100408135746,0.04757325991769923,-0.1753356525278792,0.13698510680322162,-0.05659364925360599,-0.4025933094364095,0.16861143456844607,-0.7399993485382804,-0.36598564845953363,0.36598564845953363,-0.04569263232113274,1.1917068020964126,-0.46763846318340585,-0.4880548186431395,-0.1593887203754044,0.0727900546478805,-0.1018908989836862,-0.008119164130625856,0.16178567137886135,-0.06402097621174618,-0.14345722562675142,-0.20696198029310364,-0.06402097621174618,-0.02669416633364896,-0.008279890358037223,-0.03835054572465757,-0.05142894796746034,-0.12525080205110384,-0.03835054572465757,-0.13906776373059299,0.2796785979635189,1.0307058327463388,0.9860202709285236,-0.611804147824731,-0.6119593814857662,0.01328620082207054,-0.21709363869277853,0.21709363869277853,0.0749913883897817,1085656774.919298,1.018859605461983,0.0873015873015873,0.0,0.007936507936507936,0.02299558457535753,0.35784959632016483,0.013880153066102685,0.007997305723701942,0.02066225875570371,0.9985287231324539,0.0141930382025095,0.04211728771789417,0.013787477716908247,-0.003558620700469306,-0.6868093850250561,0.27576876693689856,1.0453191107072628,0.013420374547453005,-0.005118579349054908,-0.02408568972206504,0.02408568972206504,0.0749913883897817,0.9841269841269841,0.7142857142857143,1106131833.3614047,20.824134932184666,0.09523809523809523,0.0,0.0,0.026247436722287354,0.01525175983644278,-0.005426899281993691,-0.0013872062657983497,-0.0003998849038839847,0.16666666666666666,-0.03713575153996266,-0.1018908989836862,0.0141930382025095,0.015210331771812968,-0.0003998849038839847,0.01863487644747619,0.2882663622153172,0.013770729699396866,-0.007345662343534176,0.007345662343534176,0.041666669370350906,853262079.6400524,0.02000845072212387,0.025128579335759047,0.0059957051979449005,-0.015610216675696953,0.08690025632644627,0.19563132914330583,0.22139148500561978,1.0,3.0,1.0,1.0,0.0,63.0,126.0,0.6025568181818183,0.07319992731666747,0.05456015339995468,-0.16511998636533465,0.07319992731666747,0.4358490566037736,0.3081311727357821,0.43483282678561663,0,0,0,0,0,0
recent_month_non_top10_control,2025-11-30,ADBE,320.1300048828125,-0.6009003148324847,-0.37950882982686496,0.90676226602494,0.9197269911506446,-0.2700428523692666,-0.1462744799629212,-0.22876964584272708,0.12376252430667989,0.05623552891358041,-0.14066825181527354,0.03814510611099686,-0.06796114506241846,-0.4244009749860329,0.1262465001384504,-0.8451746373136854,-0.4210612120913094,0.4210612120913094,-0.03582063226058951,0.9684719021450098,-0.31716743075815557,-0.3871735737461628,-0.17253411692914666,0.06196705070945815,-0.07544975721929081,-0.08074076477521974,0.01563707715799456,-0.10500712153604719,-0.16877029476930697,-0.22876964584272708,-0.10500712153604719,-0.0027677324711841145,-0.031164501927402832,-0.10252314570427667,-0.011073765270124603,-0.18942340203072294,-0.10252314570427667,-0.37477864668832217,0.2706773674253308,0.8264735364482328,1.0106368756640107,-0.5211245150661636,-0.5495212822722522,0.012715516682144185,-0.2321548628696346,0.2321548628696346,0.024743953704715826,1466120808.623299,1.020565131507859,0.07142857142857142,0.0,0.015873015873015872,0.023110903234872904,0.47584513426215225,-0.054917523390429324,-0.04402398030442645,-0.05947573609825296,0.8543521507022057,-0.0352657758792525,0.030440317497649978,-0.09247340926204817,-0.05350402223361339,-0.5051755855138519,0.2735565289276958,0.8177749658157105,0.012879457196234925,-0.07741457120427986,-0.12880310148826557,0.12880310148826557,0.024743953704715826,0.7936507936507936,0.07936507936507936,1496271775.8590455,21.126242369022304,0.07936507936507936,0.0,0.015873015873015872,0.025127311485255214,-0.043218003602680244,-0.09249605516838022,-0.2650729432676349,-0.059298853458769285,0.0,-0.04196950489350663,-0.07544975721929081,-0.0027677324711841145,-0.04368863678307233,-0.059298853458769285,-0.02204991232377207,0.22370768109251082,0.010745880517107818,-0.059298853458769285,0.059298853458769285,0.024743953704715826,1157690130.4709299,-0.0031077699646959722,0.022705070424760176,0.000331243468297604,-0.015610216675696953,0.08690025632644627,0.19563132914330583,0.22139148500561978,2.0,8.0,2.0,1.0,1.0,63.0,126.0,0.6010416666666667,0.09327456001037171,-0.08396590282954652,-0.18030175347616118,0.09327456001037171,0.5075471698113208,0.3081311727357821,0.43483282678561663,0,0,0,0,0,0
recent_month_non_top10_control,2025-11-30,ADM,59.890743255615234,-0.06552944193466348,0.1558620430709563,1.0187170280870614,1.0263546102659582,0.3222856779018004,0.3070551678883331,0.27982827475061667,-0.13960465437044722,-0.10935990919498306,0.30883285360149393,-0.3309934975454978,0.09343260562456024,0.08419694560731084,-0.3019889186946205,1.0371200217645908,-0.04606978905259895,0.04606978905259895,0.024099746663868604,0.7101761318540284,-0.587118742302398,-0.5962684568453871,0.1704683655556336,0.07344362222339407,0.02652527507312996,0.03140847319155937,-0.009126525298489119,0.14022362038016944,0.19684008689547325,0.14022362038016944,0.27982827475061667,0.16606435742076453,-0.020827181562655395,-0.022160643944003855,-0.04629627438198991,-0.10906090027045012,-0.022160643944003855,-0.08220000418451572,0.2698128171072307,1.2757758418020222,0.9991897261621876,-0.7176965944272446,-0.7143299453251479,0.012687924699704591,-0.04606978905259895,0.04606978905259895,0.31497056392139333,206990948.56611887,1.0472182974654647,0.07142857142857142,0.007936507936507936,0.007936507936507936,0.025417252940980312,0.3533058491677257,0.02373442824534966,-0.02560956845895579,0.013438522285599053,1.0410746409450646,0.013223917585666323,0.0745357323967454,0.025307262402006314,-0.050238505091558694,-0.5934561105232496,0.26959419484042224,1.2768104078713671,0.012432878882991664,-0.04252008399195695,-0.03357752019915461,0.03357752019915461,0.09378313135500238,0.49206349206349204,0.20634920634920634,216764708.74817258,19.19432303636567,0.07936507936507936,0.0,0.015873015873015872,0.027727112992137475,0.0221750074275342,-0.02869659514785816,0.03464533662892819,0.011925641120999586,0.8333333333333334,0.044145920407188455,-0.04629627438198991,0.16606435742076453,0.02753585779669654,0.011925641120999586,0.04065238886858347,0.34422067387395233,0.01399755026740211,0.0,-0.0,0.09378313135500238,213652230.35447258,0.027298785329690878,0.02685741238479884,0.0182049875055863,-0.015610216675696953,0.08690025632644627,0.19563132914330583,0.22139148500561978,1.0,3.0,1.0,1.0,0.0,63.0,126.0,0.44649621212121215,-0.05350675500043023,0.10816593045642864,0.1452152321793141,0.1452152321793141,0.6566037735849056,0.3081311727357821,0.43483282678561663,0,0,0,0,0,0
recent_month_non_top10_control,2025-11-30,ADP,249.6872711181641,-0.372252994340458,-0.15086150933483822,1.073175224764298,1.0874314749748004,-0.17735085488922953,-0.14202167703448043,-0.20772808041096347,0.03689140275871594,0.039848842258770945,-0.06131791090302563,-0.09465626950217054,-0.047888292283781775,-0.4033594095542693,0.051753900005767295,-1.1310856824136055,-0.2108311254841545,0.2108311254841545,-0.03659736108015199,0.9727135908565446,-0.11889059535640079,-0.2563209125929965,-0.16787923815219252,0.02220229821162173,0.0035667755921489075,-0.10914392093689473,-0.08296506943394855,-0.17083667765224753,-0.18214799873846785,-0.20772808041096347,-0.16787923815219252,-0.017609055199503842,-0.062200114138918794,-0.15597418040519617,-0.029684260629275205,-0.24287443673164244,-0.15597418040519617,-0.8014949498945161,0.18365370868075692,0.9330031902326421,1.0596250559517797,-0.6186808460726434,-0.6260054550597924,0.008104397019989553,-0.2108311254841545,0.2108311254841545,0.02505420003356429,504670274.9161372,1.0649697835302208,0.015873015873015872,0.0,0.007936507936507936,0.016168369630114483,0.47803746334131175,0.005352415284410883,-0.08513845961482414,-0.06461590323166788,0.9255782583327075,-0.11311765546399666,0.0407518102939646,-0.13015342805613273,-0.104572875174468,-0.5626065117947798,0.1946040713365989,0.8805031411744006,0.008288868580934741,-0.09797014230847667,-0.14795946155490747,0.14795946155490747,0.02505420003356429,0.9523809523809523,0.07936507936507936,537458593.4315757,20.102362281383176,0.015873015873015872,0.0,0.015873015873015872,0.01717453606529396,-0.025713843086860866,-0.08289076942208085,-0.11210190508973752,-0.019208604948662944,0.16666666666666666,-0.03732351548884525,-0.11311765546399666,0.0035667755921489075,-0.003598388272965991,-0.019208604948662944,0.0044240866929898814,0.17134949609720249,0.007720500692815417,-0.023821352710504562,0.023821352710504562,0.02505420003356429,542459253.4421648,0.01216740706275976,0.017075143420194793,0.005783355480823538,-0.015610216675696953,0.08690025632644627,0.19563132914330583,0.22139148500561978,1.0,3.0,1.0,1.0,0.0,63.0,126.0,0.33153409090909086,0.014072779639814126,-0.0269664109247989,-0.15493282154403976,0.014072779639814126,0.2320754716981132,0.3081311727357821,0.43483282678561663,0,0,0,0,0,0
recent_month_top_future_return,2025-11-30,ASTS,56.20000076293945,1.138961392923985,1.3603528779296048,1.1294891228327852,1.1977954155839843,1.0730357616251878,1.4213702274782465,1.43606421787461,-1.3790771443681102,-1.233410648144874,1.1213697127914886,-0.9730247528415237,1.0255743459207873,1.240432888731304,-1.287719257924645,1.6331720842704243,-0.4126868081401467,0.4126868081401467,0.07398146151237195,0.7159380848628961,-0.18490442296934972,-0.06398910223934451,0.20265356972973603,0.7576690488154677,0.13781294007692568,-0.030380808728157183,-0.227538581494798,0.056987073506499675,0.5652349537036152,0.056987073506499675,1.43606421787461,-0.07955613481113355,0.1363339993141217,0.14834495994996488,0.0028607112438556737,0.061444703623518615,0.14834495994996488,0.15095445247645253,0.8793097994423124,0.9391042620855159,1.1175962997794673,-0.46440295575243673,-0.6249152112730072,0.04198058640126449,-0.4126868081401467,0.4126868081401467,1.3271222215596739,704482878.8286693,1.1712951069660118,0.49206349206349204,0.1984126984126984,0.15873015873015872,0.07807608364638173,0.5617190407826873,-0.25133241324543865,-0.03610925057341097,-0.16897218495304267,1.0234719187506394,0.6350855135710882,0.4966332947213353,0.14506924747870897,-0.22076977061466474,-0.3561982631659134,0.9827133782165537,0.8402893444357568,0.046439195894471395,-0.2916190926148773,-0.4126868081401467,0.4126868081401467,0.5226226224674404,0.49206349206349204,0.9047619047619048,825157348.9133502,20.531084653280537,0.5079365079365079,0.20634920634920634,0.2222222222222222,0.08325842746573538,-0.16657807910870848,-0.2850796809242385,-0.36292284031980704,-0.2996884640132156,0.6666666666666666,0.23701481866471796,-0.2996884640132156,1.0255743459207873,-0.28407824733751863,-0.2996884640132156,-0.09888601431742816,0.8257635803498358,0.03874241178694958,-0.2996884640132156,0.2996884640132156,0.10848126069497765,589943732.22124,0.00621275286498757,0.09049695701292955,0.02704680329622189,-0.015610216675696953,0.08690025632644627,0.19563132914330583,0.22139148500561978,1.0,4.0,1.0,0.0,1.0,63.0,126.0,0.9120265151515152,0.2923486880326365,0.9788255796218603,0.4090747574086748,0.9788255796218603,0.9943396226415094,0.3081311727357821,0.43483282678561663,1,1,1,1,1,0
recent_month_top_future_return,2025-11-30,GLW,83.9145278930664,0.5415062474534491,0.7628977324590689,1.0524441730683396,1.0230164023703456,0.7010956902622847,0.9222613550289716,0.7106639916330413,-0.36923730650071374,-0.09758491701289351,0.3571968542562638,-0.09675774679128568,0.0604960528893308,0.5150326624897354,-0.45022488416806317,2.172066372874929,-0.06426813404830756,0.06426813404830756,0.10424851744637076,0.7408750079655605,-0.701587763079259,-0.6238695464389935,0.6130790746201478,0.19133479612743284,0.2025100532877968,0.1361651193743001,-0.04067009625103124,0.34142668513232755,0.5550565837951722,0.34142668513232755,0.7106639916330413,0.06425346308893376,0.07225185972323755,0.2604391074649781,0.22378054321691643,0.17353885113853185,0.2604391074649781,0.7362113336335919,0.32718336810878035,1.2880640065608897,1.0812160416913117,-0.7552202024484604,-0.7678405342393145,0.014464202353366753,-0.06426813404830756,0.06426813404830756,0.7103192451724085,465383577.3841616,1.4067613356459852,0.09523809523809523,0.007936507936507936,0.007936507936507936,0.024493073750454532,0.31981466040789713,-0.05086696153823245,0.015324904615673374,0.001291492141439754,1.460698262899276,0.0859441771221996,0.10178435523066436,0.029955178198615817,-0.016211868473175683,-0.6468710577621468,0.3537559061738068,1.1913104845780982,0.017806544545635718,-0.054810681164347175,-0.06426813404830756,0.06426813404830756,0.23393057357096403,0.3333333333333333,0.9841269841269841,654683622.9086498,20.299662659975912,0.15873015873015872,0.0,0.015873015873015872,0.030170919932949056,-0.009227454150361192,-0.05718073069790042,-0.12233945405245462,-0.051557897821191134,0.8333333333333334,0.09757106529733105,-0.051557897821191134,0.22378054321691643,-0.03594768114549418,-0.051557897821191134,0.0006524711785804715,0.421433120006282,0.019569691885194855,-0.0641644731781793,0.0641644731781793,0.07907211244562751,555666937.5893366,0.03215365832402184,0.03875802350258248,0.019839632848849265,-0.015610216675696953,0.08690025632644627,0.19563132914330583,0.22139148500561978,1.0,3.0,1.0,1.0,0.0,63.0,126.0,0.6671401515151515,0.03990491728904266,0.22624702866528268,0.7893193330754276,0.7893193330754276,0.9886792452830189,0.3081311727357821,0.43483282678561663,1,1,1,1,1,0
recent_month_top_future_return,2025-11-30,LITE,325.1600036621094,2.517368996748925,2.738760481754545,1.1861938799937481,1.332898692836113,3.6233470097612424,4.5074525511498305,3.4986166180628766,-1.5447648897430604,-1.0780400136748436,0.837437739368563,0.6108719484518417,0.31516324244628735,3.3029852889195706,-2.050306930242472,4.945226159776108,0.0,-0.0,0.2593065376151791,1.0673527373275902,-0.22817139238725115,0.8896754573552268,2.420576604388033,0.7922858223317979,0.15800551923223827,1.011572941280253,0.020213983264300128,1.9538517283198162,2.6243483169235753,1.9538517283198162,3.4986166180628766,0.206486149613478,0.2773617522381726,1.4483096878204047,0.2251337226482668,1.3614094314939584,1.4483096878204047,1.565613342904018,0.7074735320540475,1.9117648268719611,1.3075753508057288,-0.36403953737789496,0.025942195177129257,0.03156281510268471,0.0,-0.0,3.286316913339694,561675695.0804272,1.516922213281346,0.38095238095238093,0.14285714285714285,0.047619047619047616,0.05303391416320031,0.8577628055177268,0.05936158901048172,0.3598923236718312,0.6213639663995174,2.4386772603018967,0.23876829476779493,0.1650968907921412,0.9984020050710081,0.4867934199070383,-0.10491602638199493,0.9250749518613391,1.4620685727166167,0.04273977671587432,0.5323361302244776,0.0,-0.0,1.4530196645057676,0.0,0.9841269841269841,852018338.52774,20.563118609829225,0.49206349206349204,0.25396825396825395,0.09523809523809523,0.0655391940113933,0.4345884989546738,0.5505674143793606,0.4533874390607683,0.6132169458256964,1.0,0.29279564575562694,0.15800551923223827,0.6132169458256964,0.6288271625013934,0.6132169458256964,0.301019914210362,1.352523014523801,0.06399297160772245,0.0,-0.0,0.7262688607373031,1411795993.9538138,0.20275055891332605,0.0852650527088949,0.09876596503144097,-0.015610216675696953,0.08690025632644627,0.19563132914330583,0.22139148500561978,1.0,3.0,1.0,1.0,0.0,63.0,126.0,0.9050189393939394,0.13356499011763945,0.2050682492459064,1.1555848359286007,1.1555848359286007,0.9981132075471698,0.3081311727357821,0.43483282678561663,1,1,1,1,1,1
recent_month_top_future_return,2025-11-30,MRNA,25.979999542236328,-0.6180473439543137,-0.39665585894869393,1.0862723853082803,1.1258436647198156,-0.16085270314926925,-0.0896987137760824,-0.02183734696417383,-0.09927226022072344,-0.03651715109481035,-0.09299696396913515,0.17145272892044428,0.038780147114320096,-0.21746867610747966,0.10029311191548296,-0.03865094859797893,-0.4533978495797333,0.4533978495797333,-0.022845649894762343,0.8208677231953164,-0.48284390608787975,-0.4422700291407733,-0.05835449805898418,0.05021070220384212,0.07140265684883329,-0.034636786194537805,0.21706182715873623,-0.12110960718489727,-0.06710048406935176,-0.12110960718489727,-0.02183734696417383,-0.18504734141341117,0.000401917188182388,0.07845576495130913,0.07222913076367243,-0.008444491375137142,0.07845576495130913,0.12830029544550997,0.5649886420980549,1.438441850950034,1.0823244948536452,-0.7269136431688593,-0.7387782229262407,0.027136051402938236,-0.2506489496873643,0.2506489496873643,0.16189619110336206,276665296.66193855,1.04715754450237,0.3253968253968254,0.0873015873015873,0.05555555555555555,0.04843344387215423,0.41116519987530276,-0.04141805246246477,-0.04374702038183431,0.0036157808100745203,0.9618928608360137,0.051490512103541386,0.10059401489318971,0.005807186177829271,-0.08062542285513274,-0.565639608722674,0.6115010466568243,1.329030117852543,0.02867666673190656,-0.07499149075679934,-0.08810109684263168,0.08810109684263168,0.16189619110336206,0.6190476190476191,0.07936507936507936,289712152.7015353,19.48439841457459,0.36507936507936506,0.09523809523809523,0.06349206349206349,0.05195926145773917,0.024017221148909806,-0.04695452601474992,-0.05345893824250572,-0.04344625595747986,0.6666666666666666,0.0009014749099126954,-0.18504734141341117,0.07222913076367243,-0.02783603928178291,-0.04344625595747986,0.04823577696596537,0.8127033081052725,0.03703954644895124,-0.07675905807612382,0.07675905807612382,0.16189619110336206,320093479.97965133,0.062142252727670266,0.05123171974740604,0.05088584316946432,-0.015610216675696953,0.08690025632644627,0.19563132914330583,0.22139148500561978,1.0,3.0,1.0,1.0,0.0,63.0,126.0,0.750284090909091,0.13510393728743297,0.696304868026596,1.0619707713133,1.0619707713133,0.9962264150943396,0.3081311727357821,0.43483282678561663,1,1,1,1,1,1
recent_month_top_future_return,2025-11-30,MU,236.24891662597656,1.2029817919738712,1.424373276979491,0.9423744314871129,0.8902929750537875,1.5329409077865948,2.0779833999959645,1.507419513966287,-0.3393042802237636,-0.5857089308987233,0.2610844111823578,0.7272198543627217,0.30478519297311424,1.311788184822981,-0.5191152484212074,2.8744225548000886,-0.06640339757861258,0.06640339757861258,0.16373392224577565,0.8043738373688161,-0.23007630857279127,0.5308425598089328,0.9217105830675636,0.29407980724823113,-0.1136492409813592,0.4341122917367217,0.002300952580657878,1.1681152337425234,1.199081776925458,0.9217105830675636,1.507419513966287,0.09043433206544482,0.24953639247717208,0.9883042655450796,0.40593222640750537,0.9014040092186333,0.9883042655450796,1.5789749644850692,0.5244251620030603,1.4974465684327862,1.1935260562611434,-0.20865808823529408,-0.1637103261185644,0.02616391814932657,-0.06640339757861258,0.06640339757861258,1.4124143567146792,3828658624.850736,1.333224866041105,0.3333333333333333,0.09523809523809523,0.031746031746031744,0.0386822716822912,0.6559836512446117,-0.05378369574729014,0.19723554898439977,0.1438702764918467,2.0042969413860456,0.3382149947862205,0.20053823197918816,0.4142248311824208,0.1592340803164305,-0.2145489709531455,0.6259150954096239,1.2546408690261095,0.031935077744793816,0.07610079058061436,-0.06640339757861258,0.06640339757861258,0.9971986244532725,0.20634920634920634,0.9841269841269841,5104462882.233744,22.353381069165525,0.4126984126984127,0.1746031746031746,0.06349206349206349,0.046661549824496086,0.04916640691483587,0.025768176598339743,0.07232843195646313,0.056799420640435416,0.8333333333333334,0.1804194876485602,-0.1136492409813592,0.40593222640750537,0.07240963731613237,0.056799420640435416,0.02070726993102534,0.7852986592412907,0.037611843954935234,-0.06640339757861258,0.06640339757861258,0.1743557081839866,6222899157.69261,0.04307635799835463,0.07167928636554376,0.05329741125106402,-0.015610216675696953,0.08690025632644627,0.19563132914330583,0.22139148500561978,2.0,7.0,2.0,1.0,1.0,63.0,126.0,0.9495265151515151,0.20739718483900438,0.7551064538740999,0.7444882256184908,0.7551064538740999,0.9849056603773585,0.3081311727357821,0.43483282678561663,1,1,1,1,1,0
recent_month_top_future_return,2025-11-30,RKLB,42.13999938964844,0.3233298613643385,0.5447213463699583,1.0939416258131467,1.1701812801578613,1.056612975127857,0.9339145304771366,0.5729749141301566,-0.6552919640000149,-0.39489275448897065,0.8141096234883958,-0.9470314195232767,0.33519967283881535,0.3773435849868507,-0.7058967101650375,0.7537188288650718,-0.391655818798622,0.391655818798622,0.07409116291557316,0.7180266035728743,-0.6454352174514713,-0.6925646051585388,0.1780821596411859,0.32993827552661525,0.2837572709334042,-0.1619100747733926,-0.3373650823000077,-0.08231704986985833,0.2229133413004947,-0.08231704986985833,0.5729749141301566,0.05836237831098612,0.013477502782493822,-0.13292179603488097,-0.014197503052935101,-0.21982205236132724,-0.13292179603488097,-0.16541624444245664,0.7601971613113683,1.0143690640803458,1.057040921895047,-0.5924252174604667,-0.7272911843079037,0.03622811825086026,-0.391655818798622,0.391655818798622,0.6584021897953769,1049003790.3371522,1.1257824772898335,0.4603174603174603,0.15873015873015872,0.09523809523809523,0.07269555446982381,0.4139597335151351,-0.3008517563523496,-0.08780767421570579,-0.2294935467402318,0.974143169123525,0.31454810567356395,0.25892098119497875,-0.12043415729785989,-0.24775065072627744,-0.5073157940739446,0.8035595082145665,0.9596308364881468,0.03886442488164906,-0.34770740504286035,-0.391655818798622,0.391655818798622,0.06737588344109269,0.49206349206349204,0.07936507936507936,1180950085.7721844,20.889585109739453,0.47619047619047616,0.12698412698412698,0.14285714285714285,0.0744142097075425,-0.21245176923439257,-0.352962998827705,-0.42911413988706276,-0.3308987028272673,0.6666666666666666,0.10779520364609453,-0.3308987028272673,0.33519967283881535,-0.31528848615157035,-0.3308987028272673,-0.12306076762297291,0.7711204830359483,0.038030285799979746,-0.3308987028272673,0.3308987028272673,0.06737588344109269,869544697.8600457,-0.006483564374718753,0.08779748703290007,0.0061121134107942066,-0.015610216675696953,0.08690025632644627,0.19563132914330583,0.22139148500561978,1.0,4.0,1.0,0.0,1.0,63.0,126.0,0.9356060606060607,0.6554343414007453,0.9000949419684419,0.6397721754854913,0.9000949419684419,0.9924528301886792,0.3081311727357821,0.43483282678561663,1,1,1,1,1,0
recent_month_top_future_return,2025-11-30,SNDK,223.27999877929688,,,0.8111565375797212,0.7797057954091484,3.765848581673527,5.953596840085898,4.9241179865968405,-0.72188107362207,-1.0006338346246793,0.3921465410593121,2.8632373656442605,0.20323693623018224,4.7284866574535345,-1.6687340798932677,5.298290550653745,-0.21130344766698994,0.21130344766698994,0.5202485294645585,1.8075603608164836,2.1616603595080415,12.454078612313152,3.9234841519721613,0.5164112471690272,-0.053583249987592674,0.9723867415716958,-0.21130344766698994,4.2022369129747705,4.349946350514591,3.9234841519721613,4.9241179865968405,0.22250707034437145,0.6563975735476977,3.255383906703573,1.1383646719636702,3.1684836503771265,3.255383906703573,2.6882680497230176,0.9293786249584337,1.4887825901805805,1.3029776368444042,0.9315242677763811,1.1636017267326522,0.04176396128079198,-0.21130344766698994,0.21130344766698994,4.981247999659916,987049375.2037684,1.8761934676032115,0.4603174603174603,0.1746031746031746,0.0873015873015873,0.0664492227955851,1.9650959945901976,-0.1866900264286162,0.5918837185095183,0.28517272526421844,2.7411143125713453,0.7765597794356938,0.45634258182132514,0.990017868559264,0.5847465830653806,0.26494338075261026,1.2109595644820417,1.1426002627229774,0.06107957671500893,0.3995849438008916,-0.21130344766698994,0.21130344766698994,3.372038380919074,0.1746031746031746,0.9841269841269841,1851895589.9591415,21.339475595209237,0.6507936507936508,0.2698412698412698,0.15873015873015872,0.08799508416501069,0.060952824349860046,0.19399948241001796,0.08683780361999117,0.12015249449774945,0.8333333333333334,0.4012062837473458,-0.053583249987592674,1.1383646719636702,0.1357627111734464,0.12015249449774945,-0.034197584427035244,1.3836427165240832,0.06676043195552146,-0.21130344766698994,0.21130344766698994,0.14755609998635433,3654000009.686207,-0.026228348514561906,0.13577220713909752,0.02794529787711819,-0.015610216675696953,0.08690025632644627,0.19563132914330583,0.22139148500561978,1.0,3.0,1.0,1.0,0.0,63.0,126.0,0.9673295454545456,0.06314943649499427,1.5808402147547462,1.8455750126530135,1.8455750126530135,1.0,0.3081311727357821,0.43483282678561663,1,1,1,1,1,1
recent_month_top_future_return,2025-11-30,TER,181.74534606933597,0.4393552321723473,0.6607467171779671,1.0504697347958802,1.114460879029136,0.6610947090087291,1.4590739913959294,1.3182011439717565,-0.6221143208710469,-0.2918377009346429,0.5043257788353062,0.03669756636494492,0.1440204134837908,1.1225698148284506,-0.7771777987715054,2.2276360006117106,-0.029652596806932663,0.029652596806932663,0.1583651638489909,0.8627137094192227,-0.5430178206251826,-0.2957797932429176,1.0263634430371136,0.3112550180576151,0.19472860436036354,0.3887561017045189,-0.026533245958992313,0.6960868231007096,1.0135504700365265,0.6960868231007096,1.3182011439717565,0.1006237046203271,0.18716231730431554,0.5410233452002511,0.1652441481420337,0.4541230888738048,0.5410233452002511,0.8081481179135013,0.5917488959640522,0.9779973728214202,1.1313255181612898,-0.5865418502202644,-0.585933414594923,0.023870563905646857,-0.029652596806932663,0.029652596806932663,1.2922457367270357,466003760.8468616,1.1816997077357085,0.20634920634920634,0.07936507936507936,0.031746031746031744,0.03666448549944838,0.4528388370437978,-0.029652596806932663,0.18657778992623442,0.17628994870453707,1.51466019803469,0.32054638071574515,0.10557966730867424,0.3224896667856194,0.21385413374798423,-0.40290104017558925,0.6694606263479025,0.8644703554560766,0.027837292214309754,0.15519349926612147,-0.029652596806932663,0.029652596806932663,0.6217700385057381,0.25396825396825395,0.8571428571428571,550676507.9964774,20.126658096697646,0.2698412698412698,0.07936507936507936,0.06349206349206349,0.04176718197851491,0.09728134878405648,0.13137318135588294,0.0025427750051367393,0.0014715772942568428,1.0,0.15443913810275287,0.0014715772942568428,0.32054638071574515,0.017081793969953796,0.0014715772942568428,0.044590412624712084,0.578728865622819,0.028575782147354033,-0.029652596806932663,0.029652596806932663,0.16759121231200935,630254474.2683774,0.08375150736091475,0.0489112243730818,0.06530400276461701,-0.015610216675696953,0.08690025632644627,0.19563132914330583,0.22139148500561978,2.0,7.0,2.0,1.0,1.0,63.0,126.0,0.8307765151515152,0.06415958272712885,0.32525141125374346,0.7602056207010355,0.7602056207010355,0.9867924528301887,0.3081311727357821,0.43483282678561663,1,1,1,1,1,0
recent_month_top_future_return,2025-11-30,TPL,286.7957458496094,-0.6783841898417744,-0.4569927048361546,0.9943976202280614,1.0241142045176568,-0.39214136835999336,-0.32730276390938096,-0.22172723675543282,0.11600179817638734,0.04128628738540785,-0.16086406557890776,0.08833330068142586,-0.05037622042447343,-0.41735856589873865,0.14919647185795093,-0.5797897606289955,-0.46913551723643165,0.46913551723643165,-0.029643937068638215,0.7214528210378833,-0.5735707591377694,-0.6044999981521596,-0.18044094937002497,0.05879821746020135,-0.08354873773023419,-0.07358107094515298,0.01639667911096565,-0.10572543857904548,-0.16929787490150108,-0.22172723675543282,-0.10572543857904548,-0.035790592749843975,0.009177450951636468,-0.07253076489748189,0.0018886467234835447,-0.15943102122392816,-0.07253076489748189,-0.1735614046487785,0.3824269619989287,1.3391195447533157,1.0927494529899553,-0.7277079593058049,-0.7505360440577759,0.017466859648602496,-0.2313591325536445,0.2313591325536445,0.01280244597168001,135242894.38832602,0.8879299400161847,0.19047619047619047,0.015873015873015872,0.023809523809523808,0.03421739228943558,0.36693548387096775,-0.12202491762827417,0.005980921276884654,-0.07253711539436414,1.1005424243707704,0.010432249921664027,0.04059891058618652,-0.07427912459567476,0.005303270570787388,-0.5921720944129071,0.4178968535329398,1.2254589019369886,0.019286397186191406,-0.026541731526730783,-0.15485252425329088,0.15485252425329088,0.0015993235221738455,0.14285714285714285,0.015873015873015872,120086215.10184152,18.603720510287438,0.20634920634920634,0.031746031746031744,0.015873015873015872,0.035096175456338446,-0.07458936359550983,-0.05832043521338137,-0.1637067841445241,-0.08383676839679866,0.3333333333333333,-0.04020523710936711,-0.08383676839679866,0.010432249921664027,-0.0682265517211017,-0.08383676839679866,-0.07696231326309044,0.512115419253399,0.022304117732033852,-0.15485252425329088,0.15485252425329088,0.0015993235221738455,126595348.85166714,-0.045439049933785225,0.04212624303390885,-0.009922599961310286,-0.015610216675696953,0.08690025632644627,0.19563132914330583,0.22139148500561978,1.0,3.0,1.0,1.0,0.0,63.0,126.0,0.5348484848484849,-0.001194012634762709,0.21141993651015256,0.8232156874596113,0.8232156874596113,0.9905660377358491,0.3081311727357821,0.43483282678561663,1,1,1,1,1,0
recent_month_top_future_return,2025-11-30,WDC,163.0782012939453,1.7480597531000703,1.9694512381056901,1.1359077055931857,1.077729534735859,2.348146797575768,2.735176102965461,2.1779791399542785,-1.0999495896255849,-0.6225775794068835,0.5613907172915482,0.4739609117145025,0.24363199468091445,1.9823478108109727,-1.1426275109482278,4.242061902954026,-0.06250711069633819,0.06250711069633819,0.23012229422925912,1.152794829366708,-0.35414834945248186,0.3145352090381377,1.555401560547395,0.551569877446468,0.22972339837188227,0.5215227918031475,-0.041785527389083255,1.0780295503286936,1.6038034169434556,1.0780295503286936,2.1779791399542785,0.020968328378465184,0.2644801052155201,1.0353516290060507,0.4961383998116906,0.9484513726796044,1.0353516290060507,1.5743604021952713,0.513424648149903,1.4635379271750866,1.2808757366992576,-0.8395175745659115,-0.8255003315245496,0.024031035154287915,-0.06250711069633819,0.06250711069633819,2.139007840842873,850729031.3510259,1.4742216846647973,0.25396825396825395,0.09523809523809523,0.023809523809523808,0.0398327799699582,0.2681306100778152,-0.06250711069633819,0.22701947433439096,0.20321377839519794,1.9427050214990447,0.2511245689825805,0.16436057167464757,0.36040330845209745,0.2694705265656001,-0.7395826898750326,0.6576331744385641,1.1426072687945037,0.033032240716284564,0.21389628088124946,-0.06250711069633819,0.06250711069633819,0.9963390619974126,0.20634920634920634,0.9841269841269841,1254163185.7915606,20.949734403698198,0.4126984126984127,0.1746031746031746,0.047619047619047616,0.0531800020578045,0.10748480864467713,0.18280567660619962,0.1162396860853171,0.08734441172263341,1.0,0.22148851699136107,0.020968328378465184,0.4961383998116906,0.10295462839833036,0.08734441172263341,0.037513302021363604,0.7514164453139072,0.03848735750623742,-0.06250711069633819,0.06250711069633819,0.18243694688882517,1520675885.2189565,0.06477445437085527,0.06806989772931041,0.065288369838302,-0.015610216675696953,0.08690025632644627,0.19563132914330583,0.22139148500561978,1.0,3.0,1.0,1.0,0.0,63.0,126.0,0.906060606060606,0.05558375570398044,0.5332834370043564,0.7138608652188123,0.7138608652188123,0.9830188679245283,0.3081311727357821,0.43483282678561663,1,1,1,1,1,0
recent_month_non_top10_control,2025-12-31,A,135.2578582763672,-0.18851559322708944,0.01920988935847867,1.169139274283061,1.1778358411549428,0.1704620403868906,0.22078608531825217,0.15778643813765614,-0.07276944362525328,0.029769109677340255,0.09209886742302409,-0.03195086006391734,-0.02506755135127192,0.04145234143301213,-0.09763843077854939,0.5473888565472105,-0.13441479498123676,0.13441479498123676,0.039364611528013294,0.6332627279218473,-0.6070970677033789,-0.5834647392401872,0.1875555478149964,0.05275058724775685,0.09450409884932132,-0.0014014533564326026,-0.1333098549471411,0.08501699451240285,0.1434529934883518,0.08501699451240285,0.1875555478149964,0.02345803319976647,0.01766546930482793,0.06014800735910675,0.1403193578637687,0.03561068779205301,0.06014800735910675,0.27204772955615364,0.28825292340244707,0.5875122802986688,0.767012458021129,-0.3797336119091147,-0.4501651281057081,0.013186860310867365,-0.13441479498123676,0.13441479498123676,0.21691567703062575,236696037.83003187,1.1265587801069898,0.06349206349206349,0.015873015873015872,0.007936507936507936,0.023410843611163423,0.5424748272645945,-0.11087779532203146,-0.026190579171824546,-0.06026407639816267,0.6354055848955571,0.04878380307341712,0.08982614947532863,-0.0703060506267752,-0.05475288609492812,-0.2818988107236444,0.22109358331068715,0.7659748862677331,0.01068755708030533,-0.08133711346284411,-0.13441479498123676,0.13441479498123676,0.0,0.38095238095238093,0.0,266651999.6339586,19.401454997829013,0.031746031746031744,0.0,0.0,0.022763397206015314,-0.05289897915985253,-0.1046346905384159,-0.6704989788651811,-0.11355043179652902,0.6666666666666666,0.028074551639745444,-0.11355043179652902,0.1403193578637687,-0.10685106644721398,-0.11355043179652902,-0.03083007924050085,0.16935213233092916,0.008779633110755337,-0.08836924162949644,0.08836924162949644,0.0,282139767.13983446,-0.011126355305216773,0.015155037182221318,-0.011593257532422796,-0.006699365349315034,0.02453731956705374,0.11633409670464401,0.2077254825855681,1.0,3.0,1.0,1.0,0.0,63.0,126.0,0.5224866815604056,-0.014556997939703664,-0.10636484109952116,-0.15893099468325556,-0.014556997939703664,0.2169811320754717,0.31819753801463424,0.4450700798480484,0,0,0,0,0,0
recent_month_non_top10_control,2025-12-31,AAPL,271.3558349609375,-0.11719935373165846,0.09052612885390965,1.060057177860667,1.0612458194505796,0.2280628724622431,0.3563971086025268,0.32783728199623563,-0.15559843698751874,-0.015353048197839003,0.24247697733304419,-0.17377525792862047,0.011697701048496878,0.21150318529159162,-0.2591355625918119,1.5400196248942675,-0.05007166831027843,0.05007166831027843,0.05598835443369299,0.7325070377590147,-0.2761143954403079,-0.22638220975494627,0.3124842337983966,0.08574706871441966,0.11963891948030181,0.05764843267487785,-0.041351274561449713,0.1722388450087169,0.2708534536011164,0.1722388450087169,0.32783728199623563,0.0968812192629327,0.03561366953570699,0.06870171940442371,0.06181508747860254,0.04416439983736997,0.06870171940442371,0.3919958456062458,0.21287863913990307,0.4971346866071642,0.8232923058626168,0.3554897792963707,0.3215113257679716,0.009206279310669458,-0.05007166831027843,0.05007166831027843,0.3461425820317623,12297609135.260035,0.9863234703618098,0.07142857142857142,0.007936507936507936,0.0,0.018186900144538765,0.5619486001865366,-0.05007166831027843,0.020496508590164275,-0.0026771444144354506,0.792014454513087,0.03236429041178379,0.054035207197509726,0.00648571677595422,0.012159027476415396,-0.38710278652926766,0.1752613456863867,0.6038374014515828,0.007733373549029025,-0.002432708439629616,-0.05007166831027843,0.05007166831027843,0.10948557921344437,0.31746031746031744,0.8888888888888888,12129420519.442772,23.21889978633277,0.031746031746031744,0.0,0.0,0.01787011444979884,-0.012826584567031896,-0.01901771375237027,-0.23686517314225936,-0.025067288626873463,0.8333333333333334,0.04955498817587404,-0.025067288626873463,0.11963891948030181,-0.01836792327755843,-0.025067288626873463,-0.013113856401601454,0.10582935555417532,0.005516180510856127,-0.05007166831027843,0.05007166831027843,0.003284447061661533,11521623379.07584,-0.00305841434386922,0.013896313601860354,-0.004839291367797927,-0.006699365349315034,0.02453731956705374,0.11633409670464401,0.2077254825855681,2.0,8.0,2.0,1.0,1.0,63.0,126.0,0.6299267485822306,-0.045537972790174464,-0.02734050789335063,-0.0655945125997155,-0.02734050789335063,0.1811320754716981,0.31819753801463424,0.4450700798480484,0,0,0,0,0,0
recent_month_non_top10_control,2025-12-31,ABBV,223.2125244140625,0.12305299582748153,0.33077847841304964,1.0032919951952188,1.0070312155951477,0.11812763333283116,0.24724592163808734,0.25053843798358755,-0.15673034432518862,-0.03300997036202702,0.2581609451272835,-0.2642193966896349,0.02711227806156513,0.13420434127894354,-0.25659688954593896,1.097882956817703,-0.05828128817284395,0.05828128817284395,0.03564184393946124,0.6468864483072263,-0.6520305203922807,-0.6541386766296606,0.21752846762156053,0.08262444140928543,0.11310976274582218,0.030160482648126985,-0.03296924715948524,0.09380809365839893,0.18729166642118233,0.09380809365839893,0.25053843798358755,0.10047526977590193,-0.0014936895984842824,-0.006058451562351408,-0.05151647460438913,-0.030595771129405147,-0.006058451562351408,-0.026812312570984886,0.22820140929210903,0.7435572016832809,0.9901683589640912,0.2038334086458804,0.20801011297434946,0.010245588219123527,-0.05828128817284395,0.05828128817284395,0.24499436884846792,1162023477.1066697,1.0822433443516224,0.05555555555555555,0.007936507936507936,0.0,0.019570294574584646,0.473875738987146,0.028568040758430557,0.003642680595754122,0.007911044792245914,0.801148636543366,0.04430384008736166,0.061473747569948875,0.04792705600561398,0.00032210359935280763,-0.42494213865138086,0.2259578149520605,0.7509401759324914,0.010059150999849173,-0.01243343939020125,-0.03296924715948524,0.03296924715948524,0.07798643892886514,0.4126984126984127,0.6349206349206349,1257592174.0790231,20.952464757513486,0.047619047619047616,0.0,0.0,0.019744182397923547,0.0031772598736776736,0.0062709146769279744,0.020447237161373106,0.0034695035861873613,0.8333333333333334,0.03949236327540819,-0.05151647460438913,0.11310976274582218,0.010168868935502395,0.0034695035861873613,0.007822565429719042,0.16968080131342164,0.00808315389515121,-0.010180183813309984,0.010180183813309984,0.025446587766007056,1123932895.6318448,0.0023293907733399344,0.015371111893442674,-0.005648674788789276,-0.006699365349315034,0.02453731956705374,0.11633409670464401,0.2077254825855681,1.0,3.0,1.0,1.0,0.0,63.0,126.0,0.6007405696855129,-0.016130820641631627,0.023883997053414152,-0.04048376670784659,0.023883997053414152,0.30943396226415093,0.31819753801463424,0.4450700798480484,0,0,0,0,0,0
recent_month_non_top10_control,2025-12-31,ABNB,135.72000122070312,-0.17492738930131613,0.03279809328425198,0.968175358535686,0.9976455398425236,0.1361125252037938,0.05209303271862886,0.02554031265183565,0.014220680912422567,-0.0005422198563669323,-0.08251472322142395,0.20028776940332704,0.0005289959661174404,-0.09079378405280836,0.09223273353006745,0.09964883683149918,-0.15921197645748997,0.15921197645748997,-0.0075206311918661894,0.5737578618554678,-0.4134566412009114,-0.34437764311737773,0.024998092795468718,0.008371230565600891,-0.014198359873246358,0.08909700191592407,0.13691063854316354,0.03976099356425822,0.03009979967052086,0.024998092795468718,0.03976099356425822,-0.06979239022100159,0.02820955510175982,0.1177730461819031,0.04216770568105255,0.09323572661484936,0.1177730461819031,0.5045750225707583,0.2563031688470478,0.7423035412850979,0.9106808079230453,-0.13249811679816037,0.006388228027978116,0.011601413255795348,-0.04530108522445642,0.04530108522445642,0.21678321773986742,597330615.6695653,0.9976159685723147,0.05555555555555555,0.0,0.007936507936507936,0.022523309004405884,0.6577982202982203,0.08461134307483276,0.03419072717687399,0.08306015840753878,0.8494331581994772,-0.07547023062006297,0.08702354346206928,0.07254623232778346,0.10100653692052064,-0.19869384765624998,0.23341037687886618,0.8151083615982212,0.010829183219885541,0.17309883762873257,-0.008981349068623357,0.008981349068623357,0.21678321773986742,0.09523809523809523,0.42857142857142855,595906560.7090905,20.205594437083146,0.06349206349206349,0.0,0.0,0.023864339010298635,0.0772996154704011,0.16626815730745625,0.8414990190483526,0.16009918539142132,0.5,0.007222484387380064,-0.07547023062006297,0.16009918539142132,0.16679855074073635,0.16009918539142132,0.03611359057995944,0.19025474987775595,0.009725598603008145,-0.008981349068623357,0.008981349068623357,0.14531646599749481,566459651.6148158,-0.0015742929446582732,0.018117675708237385,-0.0062239144204616625,-0.006699365349315034,0.02453731956705374,0.11633409670464401,0.2077254825855681,1.0,3.0,1.0,1.0,0.0,63.0,126.0,0.504263690783067,-0.04678754823461484,-0.0044945520547086115,-0.06955498346964528,-0.0044945520547086115,0.24339622641509434,0.31819753801463424,0.4450700798480484,0,0,0,0,0,0
recent_month_non_top10_control,2025-12-31,ABT,123.0040512084961,-0.07905392274598921,0.1286715598395789,0.9203098401404629,0.9238833417376301,-0.042611438196832,-0.053660482756572314,-0.07056808475901988,0.01921231276049884,0.06785101484226963,-0.010798953287165292,-0.04962266845542229,-0.06803587306623782,-0.18690218146366389,0.010146463016432294,-0.3378046103371121,-0.09429748057606291,0.09429748057606291,-0.0043577377331185385,0.5975062589089327,-0.581192045952005,-0.6064971017342801,-0.0027170699167502477,0.034972838310447854,0.05127180522063424,-0.028386752170445062,-0.04534301797017026,-0.05135577199852104,-0.041546975558097055,-0.07056808475901988,-0.0027170699167502477,0.009648848838859525,-0.023784399861842,-0.06042162174258758,-0.07294536123304785,-0.08495894130964132,-0.06042162174258758,-0.3327576129345708,0.2089020771166991,0.8253888093312528,0.8692038061066556,0.22729746540195928,0.19292564957678682,0.008841185453214129,-0.07885265115749707,0.07885265115749707,0.04428783021927507,786569409.1731783,0.9872471680544358,0.015873015873015872,0.0,0.007936507936507936,0.018716654674204334,0.6020021610627344,-0.012647699939712376,-0.009819713411607922,-0.006510116015056022,0.8202083457425363,0.04271145227814088,0.053978754229527984,0.013509170837133988,-0.018837384781773103,-0.25857183116232463,0.18157848053342093,0.9495918029033268,0.008871282715789384,-0.02082957493788562,-0.06495929463363781,0.06495929463363781,0.03331962400681898,0.9682539682539683,0.23809523809523808,776538421.684471,20.470356681214817,0.015873015873015872,0.0,0.0,0.018521449973614674,-0.0038639926758349263,-0.024036555473994747,-0.16242441233691388,-0.028006100227637276,0.5,-0.010892538031548049,-0.07294536123304785,0.05127180522063424,-0.021306734878322242,-0.028006100227637276,0.0031064537845302276,0.1724254366981778,0.008012797372138976,-0.0247528504667216,0.0247528504667216,0.03331962400681898,701265408.9809237,0.0004711446958187704,0.01583184436741755,0.0018551585614912103,-0.006699365349315034,0.02453731956705374,0.11633409670464401,0.2077254825855681,1.0,3.0,1.0,1.0,0.0,63.0,126.0,0.3943776135647591,-0.12320489515603361,-0.06665042837639379,-0.1763901958190186,-0.06665042837639379,0.1169811320754717,0.31819753801463424,0.4450700798480484,0,0,0,0,0,0
recent_month_non_top10_control,2025-12-31,ACGL,95.91999816894533,-0.16906820317235138,0.03865727941321673,1.0906967786257673,1.0869465850826794,-0.002703286914176317,0.009259230270842744,0.053487039582186036,-0.005524628916870666,0.06108420013506377,-0.0035145489741752467,0.06071717897512641,-0.05480511066350491,-0.06284705712245797,0.0037155904187651245,0.270152125495623,-0.012355895219318791,0.012355895219318791,0.01505177265382307,0.7080219946691997,-0.32763218923933213,-0.28917098213584,0.1145712397172498,0.036965157329751024,0.06356032275017065,0.052039292456656394,0.017684702718363088,0.04796241066531537,0.07200689665491707,0.04796241066531537,0.1145712397172498,-0.008740253829701006,0.020328654079379893,0.05720263000095116,-0.04871603256699386,0.03266531043389742,0.05720263000095116,0.3190642658832309,0.19798859433016983,0.6558024377508552,0.9055191872244438,0.29200089126559714,0.3195136876125799,0.009683226863831561,-0.012355895219318791,0.012355895219318791,0.13220015093089077,203453664.50387257,0.9882000201754784,0.023809523809523808,0.0,0.0,0.018014526337911656,0.6684599348659372,-0.007271113978060129,0.04931154335518473,0.04521717328934316,0.7750830840444021,0.08817055759021808,0.058489810325465075,0.11134284419168927,0.03961580261994335,-0.19524888971132504,0.1792824710175655,0.7242280969892985,0.00840978496789604,0.040728184988837235,-0.012355895219318791,0.012355895219318791,0.13220015093089077,0.09523809523809523,0.6984126984126984,201052915.36750188,19.119078696885026,0.031746031746031744,0.0,0.0,0.01728586259989035,0.01999147185566752,0.030426308565787652,0.16400561657718893,0.021294719324870037,0.5,0.010127367100843165,-0.05480511066350491,0.08817055759021808,0.02799408467418507,0.021294719324870037,0.012786516101863876,0.12984140280859052,0.006244179097385082,-0.012355895219318791,0.012355895219318791,0.05476133267917782,217429847.94405982,-0.004834746662323863,0.013262555691320068,-0.0034078934205745703,-0.006699365349315034,0.02453731956705374,0.11633409670464401,0.2077254825855681,1.0,3.0,1.0,1.0,0.0,63.0,126.0,0.21110729220370053,0.0012510711934194951,0.04409928521352979,0.0007297716447085545,0.04409928521352979,0.37735849056603776,0.31819753801463424,0.4450700798480484,0,0,0,0,0,0
recent_month_non_top10_control,2025-12-31,ACN,262.88287353515625,-0.43416583136220344,-0.22644034877663533,1.0710595575364528,1.085104507106318,-0.1315892222512225,-0.14891165489120506,-0.09785603580531321,0.12989816023772371,0.10234865610479249,-0.17082100726112004,0.25881765466145357,-0.1018908989836862,-0.21419013250995722,0.18585268320564674,-0.36780319824779295,-0.31957584400904737,0.31957584400904737,-0.0005632845344499815,0.6063922170891598,-0.7799562812276946,-0.7605931716942298,0.0044926202994792774,0.06844432605845038,-0.02669416633364896,0.06639501776609502,0.1636893290905227,0.0320421244324105,-0.02044043035780781,-0.09785603580531321,0.0320421244324105,-0.05142894796746034,0.046824698434352774,0.08799664740033353,0.0141930382025095,0.06345932783327979,0.08799664740033353,0.3371520914720404,0.2660554238557397,0.7747051698101448,0.9809980659031103,0.3208810336747674,0.4175694293337249,0.012745562390118502,-0.11529037631154648,0.11529037631154648,0.15368067988595713,1084043921.635328,0.8914482578797046,0.07936507936507936,0.0,0.0,0.023732683777912218,0.4957120364476902,0.0009297521496662853,0.06619436148090352,0.04486565178008872,0.8490491653160401,-0.0003998849038839847,0.059761112967761286,0.0727707708668841,0.10128439794415622,-0.19078542620821648,0.2609998562255129,0.7897112101815904,0.012391109613092373,0.09943242513261885,-0.023155937572398755,0.023155937572398755,0.14648309228959278,0.1746031746031746,0.8253968253968254,966369065.4068962,20.6890563755337,0.07936507936507936,0.0,0.0,0.02371169111383081,0.019295482334717784,0.0821869160650972,0.3551420348512979,0.07319992731666747,0.3333333333333333,-0.015503488778250418,-0.1018908989836862,0.07319992731666747,0.0798992926659825,0.07319992731666747,-0.008822047658397447,0.2061145123170709,0.009051460623141152,-0.023155937572398755,0.023155937572398755,0.027890452886418116,1040989432.7074324,-0.009268575882104724,0.019793959707242334,-0.00681870699395537,-0.006699365349315034,0.02453731956705374,0.11633409670464401,0.2077254825855681,1.0,3.0,1.0,1.0,0.0,63.0,126.0,0.5772061350747552,-0.017368407733047486,-0.2220647873857723,-0.26093921556472344,-0.017368407733047486,0.20566037735849058,0.31819753801463424,0.4450700798480484,0,0,0,0,0,0
recent_month_non_top10_control,2025-12-31,ADBE,349.989990234375,-0.4206651335728463,-0.21293965098727818,1.0510138181522648,1.0764368781269518,-0.08745080867643562,-0.15683347389206426,-0.09535260076211904,0.07654121376176848,0.07382554617721326,-0.08821858057293663,0.08039431475968362,-0.07544975721929081,-0.21168669746676305,0.08752833494886603,-0.3683228362217309,-0.24588998021824893,0.24588998021824893,-0.007487589907661518,0.6834478448189577,-0.605238121887067,-0.6083268437543616,-0.02152705458490578,0.04342837690366056,-0.0027677324711841145,0.013999065581907999,0.04958797460038267,-0.018811387000350566,-0.04523034744912513,-0.09535260076211904,-0.018811387000350566,-0.011073765270124603,0.00023680913675416804,-0.007824265813253017,-0.0352657758792525,-0.03236158538030676,-0.007824265813253017,-0.02857308266175545,0.25888321707187506,0.9796102138454567,1.0577489474865385,0.1742314948396404,0.2837574208711291,0.012208736029226213,-0.08437107791946497,0.08437107791946497,0.12032649510981197,1407220032.2457693,0.9305340226147514,0.05555555555555555,0.007936507936507936,0.007936507936507936,0.02375559915744867,0.6287329969447732,0.1012406182930291,0.014602143700934711,0.030614821182253005,0.9471961622858447,-0.059298853458769285,0.05985921975455907,0.02844463208611625,0.06791638287352098,-0.17355307349839877,0.2738334503797049,0.92612733501011,0.012049027487989883,0.10480734224528065,-0.027562483195236465,0.027562483195236465,0.12032649510981197,0.6984126984126984,0.42857142857142855,1309466117.3097157,20.992885347816113,0.07936507936507936,0.015873015873015872,0.015873015873015872,0.024348247798535085,0.032041348274911785,0.102365556103446,0.3677951581358365,0.09327456001037171,0.16666666666666666,-0.015096887381374935,-0.07544975721929081,0.09327456001037171,0.09997392535968674,0.09327456001037171,0.0038491232748028015,0.2536046436367793,0.010959943788002347,-0.0210891633447976,0.0210891633447976,0.08419811307376812,1507909132.2753906,-0.010970096210935476,0.024137422765897424,-0.007086795154575221,-0.006699365349315034,0.02453731956705374,0.11633409670464401,0.2077254825855681,2.0,8.0,2.0,1.0,1.0,63.0,126.0,0.6370044967634759,-0.16211889430431536,-0.2502356896367711,-0.30546584584241043,-0.16211889430431536,0.033962264150943396,0.31819753801463424,0.4450700798480484,0,0,0,0,0,0
recent_month_non_top10_control,2025-12-31,ADI,269.614990234375,0.089800862662198,0.2975263452477661,1.05381934641999,1.0641220372450935,0.3610266767417909,0.2827286221491039,0.14794645463972889,-0.060706687511452806,0.06842805913196393,0.03634872804237066,0.07133483790184858,-0.05625574883165263,0.03161235793508488,-0.04026288869550965,0.5494903955802821,-0.043014987675279004,0.043014987675279004,0.04153037863338027,0.5773334611094912,-0.28586809155435045,-0.2089678210983722,0.2163745137716928,0.06460583561856746,0.11877301635544502,0.0928936446761075,-0.007971018023240295,0.08723976712827608,0.15052024517989926,0.08723976712827608,0.2163745137716928,-0.018456352919271057,0.06391055395860668,0.10768356594421924,-0.04709001465482121,0.0831462463771655,0.10768356594421924,0.35178479351979364,0.26924302195217076,0.7380226826446529,1.136914773691817,-0.30845271653087225,-0.2906834816605227,0.012302353813151957,-0.043014987675279004,0.043014987675279004,0.23814690495647328,853045650.8788093,1.0658614681245153,0.0873015873015873,0.015873015873015872,0.007936507936507936,0.022590470941688454,0.5800391896487507,-0.043014987675279004,0.1207424770866623,0.06670541803204633,0.7368352785752497,0.13330196172132647,0.08271053408323852,0.16242203668689204,0.1656618689817777,-0.24100470425360587,0.3061063693708531,0.6491451247907774,0.014903958520898984,0.13481363834533733,-0.043014987675279004,0.043014987675279004,0.20851627177179166,0.20634920634920634,0.42857142857142855,909228489.8229204,20.62810698559657,0.12698412698412698,0.015873015873015872,0.015873015873015872,0.024626084647274667,0.01615690674852943,0.07783394235114893,0.12931016979763918,0.02569489504927369,0.5,0.025994626120050046,-0.05625574883165263,0.13330196172132647,0.032394260398588726,0.02569489504927369,-0.021174465578455925,0.19870745734449421,0.009735027170656996,-0.043014987675279004,0.043014987675279004,0.0005902917617830461,941705757.0424398,-0.01345941646382176,0.016495464926021573,-0.014570633920596987,-0.006699365349315034,0.02453731956705374,0.11633409670464401,0.2077254825855681,1.0,3.0,1.0,1.0,0.0,63.0,126.0,0.6838436945065017,0.14631267187821173,0.31190999988228296,0.1767556592471724,0.31190999988228296,0.8962264150943396,0.31819753801463424,0.4450700798480484,0,0,0,0,0,0
recent_month_non_top10_control,2025-12-31,ADM,56.68618392944336,-0.02535701919465283,0.18236846339091528,0.97274120960247,0.9831809525509904,0.23041924336709574,0.2113488168109121,0.10784040148409435,-0.18232205628236486,-0.02862644700531014,0.1415781478164464,-0.17113174990394597,0.02652527507312996,-0.008493695220549657,-0.13739400357159393,0.42813019200944225,-0.09711149913727035,0.09711149913727035,0.015624623484636002,0.5778280639583289,-0.5084426026719446,-0.5229698943957448,0.07921395447878421,0.09805028130694197,0.16606435742076453,-0.03986544739069664,-0.0156723717389452,-0.07448165479827051,0.037524233721536016,-0.07448165479827051,0.10784040148409435,-0.04629627438198991,-0.01588292720669693,-0.029553602087499575,0.013223917585666323,-0.054090921654553314,-0.029553602087499575,-0.11208313953202985,0.2518869341541696,0.7767778736918878,1.0468018798300904,0.39454290226355493,0.3199254368545501,0.011504089671456214,-0.09711149913727035,0.09711149913727035,0.09211447696629138,194774475.0864907,0.9731203461086307,0.05555555555555555,0.007936507936507936,0.007936507936507936,0.02439911459183322,0.56946492867507,-0.05171013085361209,-0.00796375924270365,-0.025106283569947707,0.6988374178063148,0.011925641120999586,0.07910273751352159,-0.042219216237115,0.0022686927522648226,-0.29530945203050185,0.2636757161772229,0.7420486040949497,0.01144306706302615,-0.023025232791164085,-0.0852876510527667,0.0852876510527667,0.035258345321986795,0.8412698412698413,0.5555555555555556,189539004.6092927,19.0601053956556,0.07936507936507936,0.0,0.015873015873015872,0.025955125765596408,-0.023502270162218952,-0.03528122324707694,-0.27346775576834137,-0.05350675500043023,0.6666666666666666,0.019656026969690044,-0.05350675500043023,0.16606435742076453,-0.046807389651115194,-0.05350675500043023,-0.01767632134791819,0.1956601971230444,0.008246320687975468,-0.04675841128272873,0.04675841128272873,0.00034803628436463896,148797294.27751812,-0.00877598159203219,0.018562230085158803,-0.007321161440833834,-0.006699365349315034,0.02453731956705374,0.11633409670464401,0.2077254825855681,1.0,3.0,1.0,1.0,0.0,63.0,126.0,0.39370184596436963,0.17081229719387214,0.2099560543401815,0.2739238636379695,0.2739238636379695,0.8735849056603774,0.31819753801463424,0.4450700798480484,0,0,0,0,0,0
recent_month_top_future_return,2025-12-31,APA,23.90027236938477,-0.09237349624113822,0.11535198634442989,1.1574345298537945,1.1888576886241564,0.21226514987269907,0.4738869798059344,0.37073903865564484,-0.3055432152047748,-0.08852832721569381,0.3455871791873357,-0.32689507223407266,0.06904350932794401,0.25440494195100083,-0.35204693170238177,0.8490625672004556,-0.09741704178771937,0.09741704178771937,0.061448942368308224,0.5208185895945794,-0.5211816156448552,-0.5122314911933001,0.282210711439951,0.15720972334549033,0.2037323872393968,0.04173411516519443,-0.08081117819814965,0.06519582345087005,0.23938185784882196,0.06519582345087005,0.37073903865564484,0.04565041407525183,0.029254834359643267,0.018692106953263066,-0.056689456697586516,-0.0058452126137906735,0.018692106953263066,0.04165401584094882,0.436645134266197,0.8626783045710886,1.0277151400266913,0.2319123641304348,0.20675107946823346,0.020666143389746438,-0.09741704178771937,0.09741704178771937,0.38207379905386185,148813565.11088932,1.0373896386343555,0.20634920634920634,0.05555555555555555,0.015873015873015872,0.03631520626565115,0.5084822993340343,-0.09741704178771937,0.05581241606833309,0.004913570145983925,0.7610217410379305,0.10242834415489277,0.09250658281788768,0.0799117153794846,0.050030209287548866,-0.42445481836095056,0.44874681530435806,0.8394138326586135,0.02119097997847932,-0.002785837098644328,-0.09741704178771937,0.09741704178771937,0.129270397993406,0.2698412698412698,0.6031746031746031,154377650.5342756,18.854912441129542,0.20634920634920634,0.047619047619047616,0.031746031746031744,0.03567150293309036,-0.020672977467493303,-0.010777093298451668,-0.05422199542003105,-0.020424573528784906,0.6666666666666666,0.057290104095185666,-0.056689456697586516,0.2037323872393968,-0.013725208179469872,-0.020424573528784906,-0.029615454422513232,0.37668428412797816,0.016942048754076004,-0.09741704178771937,0.09741704178771937,0.0272992994791863,126134862.76229677,0.004888784297284232,0.0284721355795637,0.0018020182815818853,-0.006699365349315034,0.02453731956705374,0.11633409670464401,0.2077254825855681,1.0,3.0,1.0,1.0,0.0,63.0,126.0,0.6198920919974795,0.08998951848056103,0.2534260459134283,0.7515771358908963,0.7515771358908963,0.9849056603773585,0.31819753801463424,0.4450700798480484,1,1,1,1,1,0
recent_month_top_future_return,2025-12-31,BE,86.88999938964844,2.7044763621409604,2.9122018447265288,1.1482285558692173,1.2479012975097836,3.4196337774176513,3.7043856318296546,2.632525046509564,-1.9912329867509677,-1.308641633617499,2.535535093021919,-2.508102200705541,0.5631270597989677,2.51619094980492,-2.605092154193186,2.395099782762761,-0.3896888222962458,0.3896888222962458,0.18116828005281227,0.9265201338064832,-0.7823513714806893,-0.7763806400917118,1.323883412892065,1.0118862492176706,0.415886587079368,-0.019399842710348447,-0.36998328138524106,0.6412920597585963,1.5325668397200751,0.6412920597585963,2.632525046509564,0.5974688683153357,0.02177835735393896,0.0274328923163778,0.5627291490956186,0.00289557274932406,0.0274328923163778,0.0227939595714366,1.0991295917838262,0.9882473970128328,1.0949717750984884,-0.32829785141845713,-0.4657250052946692,0.0508890327253133,-0.3896888222962458,0.3896888222962458,2.5845709657628557,1053530420.2708621,1.3899589483303967,0.5476190476190477,0.2222222222222222,0.1349206349206349,0.08530682244237785,0.3866605973697617,-0.15698531460736764,-0.14943007608807413,-0.18729680852086394,0.8672319845537868,-0.17342618918912067,0.3791247023757918,-0.342539369083265,-0.16506595476876795,-0.470570568630997,1.203515880178813,0.9025323021901125,0.0555824202060039,-0.12877412854765824,-0.3896888222962458,0.3896888222962458,0.12888135652357335,0.6349206349206349,0.14285714285714285,1464364034.9937682,21.104686880040827,0.6031746031746031,0.2222222222222222,0.1746031746031746,0.10039052773849148,-0.10704682480092365,-0.10926355020356704,-0.1883567703522394,-0.2045953763381908,0.6666666666666666,0.29353168312699646,-0.2045953763381908,0.5974688683153357,-0.19789601098887577,-0.2045953763381908,-0.09383865606554687,1.0862119580601437,0.05077675301268519,-0.2709347275788272,0.2709347275788272,0.12888135652357335,1074072003.7866502,-0.0061877494932025545,0.09147116397921264,-0.022873477881147797,-0.006699365349315034,0.02453731956705374,0.11633409670464401,0.2077254825855681,1.0,3.0,1.0,0.0,1.0,63.0,126.0,0.9631283296098985,0.7420876531300888,0.7915755468113275,0.559327960005781,0.7915755468113275,0.9886792452830189,0.31819753801463424,0.4450700798480484,1,1,1,1,1,0
recent_month_top_future_return,2025-12-31,DOW,22.873729705810547,-0.5815671670132998,-0.3738416844277317,1.0252828549422324,1.0495335020879473,-0.2935270575153127,-0.1322923909669549,-0.09100423745996467,0.05435497990155835,0.1245038912773413,-0.12154987722697819,0.1563220731378735,-0.12046824671635703,-0.20733833416460867,0.12577643337085997,-0.1800954565850828,-0.40057874704573504,0.40057874704573504,-0.013396176000553095,0.8239078180165041,-0.37782819600938156,-0.35619391615078466,0.03349965381737663,0.06241868383545945,0.0728176232033535,0.018431314883036842,0.15623374838684456,-0.03664925755840631,-0.03138461373366478,-0.09100423745996467,0.03349965381737663,-0.0690214268913848,0.0223619678585123,0.03477219591089531,0.04012206983051447,0.01023487634384157,0.03477219591089531,0.07509311754581657,0.5053111232540805,0.6436656166943192,0.9163747725991928,0.2324129089179614,0.20812641303513657,0.021336339903904773,-0.20743475643751563,0.20743475643751563,0.15334007245436698,315285837.80996233,0.8872883943808769,0.2222222222222222,0.047619047619047616,0.03968253968253968,0.03535207522825705,0.7276955114942918,-0.01853794180624646,0.018855727744740314,0.016974448088129757,0.7159498793263503,0.014855707746799007,0.07168463244376597,-0.0051435058199379435,0.04972490305887356,-0.08298457246020019,0.46305436566380065,0.7024043392951934,0.019710364623985805,0.042970874581221175,-0.07783414917122566,0.07783414917122566,0.14902322091148656,0.7142857142857143,0.8888888888888888,279749464.80143106,19.449404995597494,0.19047619047619047,0.047619047619047616,0.031746031746031744,0.03297117894594902,0.012870767905123204,0.002402238036970372,-0.06058839534631775,-0.01970646015396571,0.5,-0.013566788830173426,-0.12046824671635703,0.0728176232033535,-0.013007094804650676,-0.01970646015396571,0.0007062482823132488,0.3252513957718368,0.013362200926658577,-0.04920696169759731,0.04920696169759731,0.023642824731405554,250988136.3891874,0.006543832241167058,0.02529634454948796,0.002658892264782331,-0.006699365349315034,0.02453731956705374,0.11633409670464401,0.2077254825855681,1.0,3.0,1.0,1.0,0.0,63.0,126.0,0.7164160508678467,0.1783574660731586,0.32993910654578373,0.8025371355344233,0.8025371355344233,0.9905660377358491,0.31819753801463424,0.4450700798480484,1,1,1,1,1,0
recent_month_top_future_return,2025-12-31,GLW,87.26313018798828,0.6698858579196576,0.8776113405052257,1.0409883118738998,1.0711453998153124,0.9378383994579764,0.7789278967285012,0.6774488616735501,-0.3667120358773073,-0.2824926556217022,0.5661643426478145,-0.4951088882517616,0.2025100532877968,0.5611147649689061,-0.6063934072774972,1.909169897517333,-0.08763168623552042,0.08763168623552042,0.08638952040722891,0.5936090414028444,-0.47081884989603673,-0.4332176428175738,0.3949562060518479,0.1920818930161991,0.06425346308893376,0.0830161479215814,-0.08763168623552042,0.31073682579624284,0.46104729784054693,0.31073682579624284,0.6774488616735501,0.22378054321691643,0.025795597019510064,0.07105545439605288,0.0859441771221996,0.046518134828999136,0.07105545439605288,0.18357926900299598,0.3548394841938889,1.0709591441867172,1.090791752603042,0.8046008119079837,0.876613258046911,0.01595409575789601,-0.08763168623552042,0.08763168623552042,0.7096326908320798,518378534.28013515,1.0909121725922397,0.11904761904761904,0.007936507936507936,0.015873015873015872,0.026984222233660614,0.6139850094841716,-0.023363552187212866,0.016021818432793822,0.014192879799029168,1.071210762113395,-0.051557897821191134,0.10361509264463928,-0.013710394180300067,0.055315362061741036,-0.21424138391559489,0.38705598285661147,0.9818181533102018,0.01828300067076814,0.080748451868486,-0.08763168623552042,0.08763168623552042,0.12213239584168267,0.20634920634920634,0.42857142857142855,565505453.056723,20.15323049813658,0.1746031746031746,0.0,0.031746031746031744,0.03205459501887154,0.01458055354266885,0.06822822426941944,0.10500780305475618,0.03990491728904266,0.8333333333333334,0.09413920936394969,-0.051557897821191134,0.22378054321691643,0.0466042826383577,0.03990491728904266,-0.01050415175487962,0.3800185903159434,0.01606062439725989,-0.08763168623552042,0.08763168623552042,0.04799504999936777,522919885.59083486,-0.007874978097833774,0.03083601354602072,-0.015405441346165172,-0.006699365349315034,0.02453731956705374,0.11633409670464401,0.2077254825855681,1.0,3.0,1.0,1.0,0.0,63.0,126.0,0.6824049808099902,0.17919148979699062,0.7206566709387763,0.5557765585600598,0.7206566709387763,0.9830188679245283,0.31819753801463424,0.4450700798480484,1,1,1,1,1,0
recent_month_top_future_return,2025-12-31,LITE,368.5899963378906,3.1828642700875376,3.3905897526731055,1.200047125320424,1.3181662603414175,4.912576121843168,4.0994743021974935,2.8774458847497497,-1.1021277376706915,-0.5290629795279251,0.7116559109269367,0.5536626382024517,0.15800551923223827,2.7611117880451057,-1.6121273356203614,3.759415812297988,-0.06902913761097906,0.06902913761097906,0.31639299608521276,1.026859870488187,-0.0670332241459991,1.1134669430635085,2.3483829052218246,0.551210244745643,0.206486149613478,0.7083820135418823,-0.017775532444023856,1.7753181470790582,2.333715645683544,1.7753181470790582,2.8774458847497497,0.2251337226482668,0.39322816129972393,1.2653185491293883,0.23876829476779493,1.2407812295623346,1.2653185491293883,1.2897209254500086,0.7653970798699377,1.049815178334843,1.2817913234506728,-0.27301731996353695,-0.17591788548877163,0.03474858312172521,-0.06902913761097906,0.06902913761097906,3.0755195310470125,749075398.7073383,1.4369887962354213,0.4126984126984127,0.1746031746031746,0.06349206349206349,0.056925261967332615,0.6854613434182818,-0.06902913761097906,0.4286986078246704,0.2998412254110705,1.4952980701110228,0.6132169458256964,0.17643281337922664,0.8286862512525139,0.38488849317629703,-0.3389879677851607,0.9810793359717678,0.8190219102971195,0.045930063981094324,0.32837501234365885,-0.06902913761097906,0.06902913761097906,1.463672179895625,0.06349206349206349,0.8888888888888888,1076412955.4780264,20.79690001360637,0.5238095238095238,0.25396825396825395,0.1111111111111111,0.07074810355342293,0.11316474670640009,0.23156291465042678,0.1662237163455568,0.13356499011763945,1.0,0.262529270367519,0.13356499011763945,0.6132169458256964,0.14026435546695448,0.13356499011763945,0.040688457069998574,0.8035254719006267,0.037629531572036266,-0.06902913761097906,0.06902913761097906,0.21723192533155555,1254388739.3833706,-0.0052008462823923685,0.06272552078610173,-0.029551304481973517,-0.006699365349315034,0.02453731956705374,0.11633409670464401,0.2077254825855681,1.0,3.0,1.0,1.0,0.0,63.0,126.0,0.9255799965629834,0.06307821761577714,0.9015979275302934,0.9066171538779282,0.9066171538779282,0.9981132075471698,0.31819753801463424,0.4450700798480484,1,1,1,1,1,0
recent_month_top_future_return,2025-12-31,LYB,42.33768844604492,-0.5672929075835658,-0.35956742499799765,0.9979135788824113,1.0207612209663919,-0.3360437602302059,-0.17255241548883105,-0.2117367341826507,0.0022552030005167367,-0.0009525045394971343,-0.1322077047100959,0.04056246897314286,0.0012098202975800998,-0.3280708308872947,0.12009149844569766,-0.49885977767387496,-0.39538675170838855,0.39538675170838855,-0.053157838785894196,0.9952535598301274,-0.3805993925362673,-0.437364507222893,-0.21268923872214784,0.0016473510622392231,-0.004057726247447047,-0.07905547421752412,0.15350190095370764,-0.20948153118213397,-0.21130250136231085,-0.21268923872214784,-0.20948153118213397,-0.12972497099278402,-0.02896235019198523,-0.09164523573695305,-0.05342574864208027,-0.11618255530400678,-0.09164523573695305,-0.23529926625888822,0.4244413834483799,0.8834911642192392,0.9176384408853,-0.11404787945072303,-0.19441991969134287,0.01977358887761898,-0.3214978561156717,0.3214978561156717,0.05110236952766822,235311527.43974414,0.9522677963626648,0.2222222222222222,0.047619047619047616,0.03968253968253968,0.033287893275147855,0.5465296063420073,0.023130999955702114,-0.003124169041900937,-0.015647469630712618,0.7250587622920611,0.055364168186049945,0.06757163766395576,-0.04037663927583546,-0.0009814922715456476,-0.4065043959622273,0.3894837293547711,0.962787874674129,0.018867796160464148,-0.02486456075135124,-0.0995408852149754,0.0995408852149754,0.05110236952766822,0.9682539682539683,0.5873015873015873,224079589.6937779,19.227511862306898,0.23809523809523808,0.047619047619047616,0.031746031746031744,0.0328947240438211,-0.016282552014914575,-0.06825866624669885,-0.24192169079220466,-0.09071826611893019,0.3333333333333333,-0.03689212058626858,-0.12972497099278402,0.055364168186049945,-0.08401890076961516,-0.09071826611893019,-0.006128490336252068,0.3749902120056337,0.01670687419273872,-0.0937630951762719,0.0937630951762719,0.024124844158419423,237709399.9411265,0.0007164429287540575,0.02659188698768014,-0.00013855719795186072,-0.006699365349315034,0.02453731956705374,0.11633409670464401,0.2077254825855681,1.0,3.0,1.0,1.0,0.0,63.0,126.0,0.6714913788165205,0.13163973992687894,0.32840642277280563,0.8830973825369051,0.8830973825369051,0.9962264150943396,0.31819753801463424,0.4450700798480484,1,1,1,1,1,0
recent_month_top_future_return,2025-12-31,MRNA,29.489999771118164,-0.49849031008749745,-0.29076482750192933,1.1967001810571405,1.2658516408296296,0.04021161814140828,0.11031627876848749,0.06886551678224828,0.15529386820431323,-0.07123357145372655,-0.06379123664907826,0.20548693383152639,0.07140265684883329,-0.047468579922395726,0.07283018040019984,0.11505111224044551,-0.37954974692817756,0.37954974692817756,-0.00990453398852098,0.7946223749575152,-0.06997069399122902,0.06181045692379228,-0.00236805467147827,0.11583399624889823,-0.18504734141341117,0.11092693285186228,0.09996107582982738,0.22415938498656152,0.09688561569911051,-0.00236805467147827,0.22415938498656152,0.07222913076367243,0.0485679374880601,0.14169569718244812,0.051490512103541386,0.11715837761539438,0.14169569718244812,0.2176196707867448,0.5985645461499418,1.0103919043079639,1.0877961666843785,1.087787239006182,1.3698555152143763,0.028296405073545996,-0.15501437014978747,0.15501437014978747,0.3188729412406981,282711021.69206864,1.007465717323922,0.3492063492063492,0.0873015873015873,0.07142857142857142,0.04871117986224943,0.875588255437388,-0.0669132733071558,0.11060624232475691,0.08734927870321152,1.1221352037643142,-0.04344625595747986,0.11456431163585938,0.08578792108970013,0.21772311730319172,-0.07204404765607986,0.6511162188150815,0.9288430454647177,0.030347021362854925,0.3010779251939881,-0.15501437014978747,0.15501437014978747,0.3188729412406981,0.09523809523809523,0.42857142857142855,284821662.26437885,19.467373799442104,0.36507936507936506,0.09523809523809523,0.07936507936507936,0.05141358527952191,0.04915504670447057,0.24949617858355455,0.22339176451489898,0.13510393728743297,0.6666666666666666,0.016955439938764843,-0.18504734141341117,0.13510393728743297,0.141803302636748,0.13510393728743297,-0.016934471552540242,0.6047847716356719,0.028183948814913446,-0.15501437014978747,0.15501437014978747,0.2256858032296345,305321762.4979383,-0.07103482365545122,0.052821786177355695,-0.04870968480263982,-0.006699365349315034,0.02453731956705374,0.11633409670464401,0.2077254825855681,1.0,3.0,1.0,1.0,0.0,63.0,126.0,0.7537191384544882,0.4944048842613209,0.816547986117296,0.722617824053458,0.816547986117296,0.9924528301886792,0.31819753801463424,0.4450700798480484,1,1,1,1,1,0
recent_month_top_future_return,2025-12-31,SEDG,28.850000381469727,0.9135980153739192,1.1213234979594873,1.1694668188530422,1.2603314031369242,0.7830655029246798,0.6153415115085952,0.41421573141912793,-0.5611701772559532,-0.2898977051904825,0.813725524111832,-1.0339957840721097,0.2578431532961367,0.2978816347144839,-0.6344859913794056,0.4444549284383005,-0.3642573886640952,0.3642573886640952,0.022742089228931173,0.7790626585324609,-0.1299083494492559,-0.3215636635053354,0.1243180262286454,0.28063659817656755,0.318004672483857,-0.1526058369872667,-0.30215344150166423,-0.14695444583682526,0.13052643727031601,-0.14695444583682526,0.41421573141912793,0.09402721271054437,-0.08432266117712328,-0.22027025996027771,-0.05162161749762462,-0.24480757952733145,-0.22027025996027771,-0.22858501437223328,0.9319634116210045,0.5996602689632625,1.0339731146932298,0.1990035339783327,-0.053072719173952065,0.041986099626209014,-0.3642573886640952,0.3642573886640952,0.18140869333887788,135292441.24123105,0.9735656573314379,0.5317460317460317,0.1349206349206349,0.15873015873015872,0.08029407420364484,0.7847568489904256,-0.1692375102922431,-0.15073201727198915,-0.15393412405026297,0.6182943346325028,0.04103729325868333,0.19564869608260274,-0.17782843385533476,-0.1814603395400104,-0.17066720096173116,0.9636251114938986,0.5799573126629856,0.04139815075329878,-0.14034782135631962,-0.3642573886640952,0.3642573886640952,0.013347421049532349,0.5555555555555556,0.12698412698412698,131716074.48899405,18.696159220684468,0.5555555555555556,0.09523809523809523,0.15873015873015872,0.07860902650309148,-0.0829624828930754,-0.14974764058043255,-0.37619007551407885,-0.21023812358241145,0.6666666666666666,0.07484209844486422,-0.21023812358241145,0.318004672483857,-0.20353875823309642,-0.21023812358241145,-0.03990148689406037,0.5588614300765713,0.02706222704161789,-0.11665644469512382,0.11665644469512382,0.013347421049532349,85913263.33656311,-0.025634085359111047,0.060198075437559374,-0.026981449905814303,-0.006699365349315034,0.02453731956705374,0.11633409670464401,0.2077254825855681,1.0,3.0,1.0,0.0,1.0,63.0,126.0,0.6649094918943691,0.07279030688743249,0.22703643181288236,0.7694973505043632,0.7694973505043632,0.9867924528301887,0.31819753801463424,0.4450700798480484,1,1,1,1,1,0
recent_month_top_future_return,2025-12-31,SNDK,237.3800048828125,,,0.97628898486899,1.0637506343526602,3.9859273648318405,5.298222699180291,4.234399401761238,-0.7102903992794678,0.2963558407813478,1.474090423889848,-0.3584040483160966,-0.053583249987592674,4.118065305056595,-3.118713026187487,4.313150647593641,-0.16149770482161552,0.16149770482161552,0.33606435014962477,1.4321891447079613,-0.6337736973052528,-0.22518000101197488,4.530755242542586,0.5173129111576446,0.22250707034437145,0.5471838178578181,-0.1500439334404895,3.5241090024817705,4.096421215595199,3.5241090024817705,4.530755242542586,1.1383646719636702,0.24911623199934518,1.1156863755737514,0.7765597794356938,1.0911490560066976,1.1156863755737514,0.9521183049815248,0.9817415962791981,0.8760498762995873,1.1935868418244258,-0.6872713671217505,-0.6675227301796391,0.045300228250420405,-0.16149770482161552,0.16149770482161552,4.83386613159028,1271048301.3038304,1.747120173156477,0.48412698412698413,0.1984126984126984,0.1111111111111111,0.07127908129191227,0.5977607565192109,0.04980574284537442,0.05476394038554422,0.08041044298347977,1.2447542515848709,0.12015249449774945,0.47181830784125295,0.1908894933137446,-0.01937832550950125,-0.4874573943748314,1.1717938513905586,0.7339640867358459,0.056372639830700226,0.054638833329257785,-0.16149770482161552,0.16149770482161552,1.0304507522631066,0.5238095238095238,0.8888888888888888,2220674128.264194,21.521076648565394,0.5873015873015873,0.25396825396825395,0.1746031746031746,0.09320066427111108,0.05765933670823786,0.11499613521513408,0.07342491535173408,0.06314943649499427,0.8333333333333334,0.3778583671248144,-0.053583249987592674,1.1383646719636702,0.0698488018443093,0.06314943649499427,0.04463393623772505,0.8600546039785508,0.0403089481271873,-0.05078373662529745,0.05078373662529745,0.22121616894661456,1767335531.0339065,0.000830595668360079,0.07754533779292129,-0.028707496241244246,-0.006699365349315034,0.02453731956705374,0.11633409670464401,0.2077254825855681,1.0,3.0,1.0,1.0,0.0,63.0,126.0,0.9738962164174829,1.427542287247309,1.6765522465349219,1.6764681682819806,1.6765522465349219,1.0,0.31819753801463424,0.4450700798480484,1,1,1,1,1,1
recent_month_top_future_return,2025-12-31,TPL,286.45330810546875,-0.42383141436537763,-0.21610593177980952,1.221276790620993,1.2497846194046422,-0.3464222465801804,-0.2226565042680385,-0.18141951323141126,0.10778133834886328,0.07462629952708233,-0.11468016720264862,0.039295720185477556,-0.08354873773023419,-0.29775360993605526,0.10603506621424019,-0.4406111368451159,-0.39464961044825586,0.39464961044825586,-0.01792678965297667,0.6833917616126205,-0.18673218673218672,-0.24803993111224476,-0.10679321370432893,0.055204405133183226,-0.035790592749843975,-0.05583415307209971,-0.02507084883318378,-0.07363817488254798,-0.12061696727276272,-0.18141951323141126,-0.07363817488254798,0.0018886467234835447,-0.021409987653948637,-0.07538444701717106,0.010432249921664027,-0.0999217665842248,-0.07538444701717106,-0.1781604106142419,0.4117451831345426,1.125073353026204,1.027642415391504,1.1824175824175822,1.1798117482498474,0.018797523303287586,-0.19631564765779985,0.19631564765779985,0.04992151177032622,128894616.79159497,0.9477488458868731,0.1984126984126984,0.031746031746031744,0.031746031746031744,0.034266238261783974,0.8504139309163574,-0.0010091167642793941,-0.051136718635261036,-0.052975378704940845,1.0494381077508417,-0.08383676839679866,0.04302705236668188,-0.08493067887083794,-0.049808836367021936,-0.044886181468419384,0.4231268145221985,1.0948101559213879,0.018797410001483713,-0.0021387885573932452,-0.15586164101757027,0.15586164101757027,0.04992151177032622,0.49206349206349204,0.15873015873015872,122159724.3052649,18.620839970224978,0.14285714285714285,0.047619047619047616,0.031746031746031744,0.036296246285945646,-0.022963877816977507,0.013499857591278142,-0.002577505237937585,-0.001194012634762709,0.3333333333333333,-0.03200820247774866,-0.08383676839679866,0.010432249921664027,0.005505352714552325,-0.001194012634762709,-0.025152918750114273,0.4632435337815683,0.02060509302501406,-0.06855619443489613,0.06855619443489613,0.04992151177032622,133811353.39500791,-0.026545531960578073,0.03980274614703005,-0.015000304424813038,-0.006699365349315034,0.02453731956705374,0.11633409670464401,0.2077254825855681,1.0,3.0,1.0,1.0,0.0,63.0,126.0,0.5718311422352065,0.2128681163653936,0.8253952324305689,0.6541456018440097,0.8253952324305689,0.9943396226415094,0.31819753801463424,0.4450700798480484,1,1,1,1,1,0
recent_month_non_top10_control,2026-01-31,A,133.28890991210938,-0.30620602229155436,-0.10950714333481759,1.1616679282591569,1.1756313786437862,0.2513146886214408,0.14093254334306948,0.17026830415216976,-0.1255528691519705,-0.10104589979342737,0.2773618120410648,-0.361201415573421,0.09450409884932132,0.06693742176889983,-0.25410790768452596,0.6115162165950937,-0.14701511702733294,0.14701511702733294,0.03085097017395766,0.686602401731872,0.21570736955352343,0.11378294567879244,0.06922240435874238,0.06655121882742615,0.02345803319976647,-0.04386748612040092,-0.13573360827175096,0.044715435000199255,0.09473538117037046,0.044715435000199255,0.17026830415216976,0.1403193578637687,-0.015863299748068327,-0.0838396035323562,0.04878380307341712,-0.07366780000233453,-0.0838396035323562,-0.32791300645899957,0.2784362859585625,1.100095987478157,0.918258042535439,0.9031578947368422,0.875453629184227,0.0128042254479017,-0.14701511702733294,0.14701511702733294,0.18659793765418353,246991356.70074585,1.1476268439277404,0.07142857142857142,0.015873015873015872,0.0,0.023259102327206706,1.0874206838480738,-0.01260032204609618,-0.02798786729925473,-0.059916564899526126,1.096937355379558,-0.11355043179652902,0.0886776630291469,-0.12645447633451812,0.0003413953307647155,0.26445356210369253,0.25567635891514734,1.1980248868179124,0.012184373988816314,-0.011011739473951065,-0.14701511702733294,0.14701511702733294,0.00435212023864695,0.6984126984126984,0.015873015873015872,283453911.1679077,19.462560100607615,0.07936507936507936,0.0,0.0,0.024085829334484582,-0.04169109719353392,-0.024366390539194094,-0.047524264882054634,-0.014556997939703664,0.6666666666666666,0.02982631054167349,-0.11355043179652902,0.1403193578637687,-0.026863462989257347,-0.014556997939703664,-0.04957637779783508,0.30630664095133536,0.014851283642350619,-0.09877448825929547,0.09877448825929547,0.00435212023864695,271524652.8293428,-0.016900309066983032,0.02835263417464568,-0.004965817713914911,0.012306465049553683,-0.010171803530021672,0.10333088238326993,0.19669887895673677,1.0,3.0,1.0,1.0,0.0,63.0,126.0,0.5110586011342155,-0.0931640317784711,-0.1465066943919685,-0.1347503818449033,-0.0931640317784711,0.07924528301886792,0.273827870883127,0.4583860889543677,0,0,0,0,0,0
recent_month_non_top10_control,2026-01-31,AAPL,258.99884033203125,-0.09223440512338121,0.10446447383335555,1.0788687705528606,1.0845128574374567,0.2252580143379117,0.2673702639789117,0.25271636247215223,-0.23268115288677982,-0.1338588980910278,0.3040266860444263,-0.34337428845271467,0.11963891948030181,0.1493854800888823,-0.2920639648804406,1.1334226650971333,-0.09332947883138076,0.09332947883138076,0.02215865339236256,0.7759785645939385,0.07283870525989622,0.030625074437106825,0.11885746438112443,0.11677939426527104,0.0968812192629327,-0.010744058344964502,-0.0895343225495604,0.020035209585372415,0.1305363454795497,0.020035209585372415,0.25271636247215223,0.06181508747860254,-0.015041064057769726,-0.039347602408288385,0.03236429041178379,-0.029175798878266712,-0.039347602408288385,-0.24962711095095957,0.22296745093807938,0.881834291871635,0.7069440686811609,2.386999149983879,2.232762074851569,0.009713965114371914,-0.09332947883138076,0.09332947883138076,0.2848419777595046,12858678130.173141,0.990041729823747,0.07936507936507936,0.007936507936507936,0.0,0.019078851952783856,1.8295817687153817,-0.043257810521102336,-0.04570944904959129,-0.03285621729189714,1.1495029002679906,-0.025067288626873463,0.06582177156697266,-0.06946374790963394,-0.06712610001141472,0.982734288202264,0.15762551694963295,1.24738905231462,0.007138570312792395,-0.07163448720728327,-0.09332947883138076,0.09332947883138076,0.05180394118163578,0.6349206349206349,0.12698412698412698,12730627939.243402,23.267276575890943,0.015873015873015872,0.0,0.0,0.01856983637745308,-0.01212308185523725,-0.05747172448267002,-0.23160356561021572,-0.045537972790174464,0.6666666666666666,0.04001570920276215,-0.045537972790174464,0.11963891948030181,-0.05784443783972815,-0.045537972790174464,0.007104729769909834,0.19662034420840474,0.008751619142136523,-0.045537972790174464,0.045537972790174464,0.05180394118163578,13068390343.107023,0.023933192090709765,0.02255335011950264,0.007392091060575812,0.012306465049553683,-0.010171803530021672,0.10333088238326993,0.19669887895673677,2.0,8.0,2.0,1.0,1.0,63.0,126.0,0.6352551984877126,0.019065677185734042,-0.0210134497106943,0.04672379959924,0.04672379959924,0.41320754716981134,0.273827870883127,0.4583860889543677,0,0,0,0,0,0
recent_month_non_top10_control,2026-01-31,ABBV,219.61192321777344,0.05665162146953784,0.2533505004262746,1.0106227121296223,1.0226121767154486,0.17058198940964964,0.23036622673500817,0.19788873428427656,-0.21998027869274128,-0.12172466280104621,0.1618446729130334,-0.13082154029335902,0.11310976274582218,0.09455785190100663,-0.16686560166460218,0.8068127421693002,-0.07347198380819608,0.07347198380819608,0.015569968068106288,0.5100963686194253,-0.3882663759895799,-0.3692884826439907,0.07616407148323034,0.11019859542512392,0.10047526977590193,-0.000560234669682691,0.05278264740760463,-0.022091544408464725,0.08398708711968073,-0.022091544408464725,0.19788873428427656,-0.05151647460438913,-0.006050243466874439,0.031023132619674376,0.04430384008736166,0.04119493614969605,0.031023132619674376,0.1152681698707398,0.24527219755132712,1.2455826784180066,1.0973064432252637,1.0714442115799683,1.0380301165338257,0.010743453552265084,-0.07347198380819608,0.07347198380819608,0.15984485746446775,1249436521.2938218,1.09729131319245,0.07936507936507936,0.007936507936507936,0.0,0.020035287719414145,1.0811166739225078,-0.015598999629012344,-0.017854811033883644,-0.002625257622977495,1.0414342576728197,0.0034695035861873613,0.06561115659661355,-0.012717282995508561,-0.020617176985894048,0.5925513238795321,0.269138762717091,1.1351274624405934,0.012239761839318618,-0.030086618000589316,-0.04856824678849758,0.04856824678849758,0.060597633028392384,0.7301587301587301,0.9523809523809523,1370995841.2011042,21.038803204845916,0.07936507936507936,0.0,0.0,0.022853498299606655,0.004128457153854015,-0.02917136225838224,-0.05280020150487643,-0.016130820641631627,0.6666666666666666,0.03228518015820873,-0.05151647460438913,0.11310976274582218,-0.02843728569118531,-0.016130820641631627,0.013359965379635241,0.30550680076745246,0.013860281713073028,-0.03691085557189633,0.03691085557189633,0.0419080141892183,1540811689.618065,0.018906006517393825,0.023061137551919506,0.007444801564729042,0.012306465049553683,-0.010171803530021672,0.10333088238326993,0.19669887895673677,1.0,3.0,1.0,1.0,0.0,63.0,126.0,0.6305293005671078,0.04067087224049604,-0.02475221968239394,-0.044557830762674944,0.04067087224049604,0.39622641509433965,0.273827870883127,0.4583860889543677,0,0,0,0,0,0
recent_month_non_top10_control,2026-01-31,ABNB,129.3699951171875,-0.21042155241015426,-0.013722673453417489,0.9976636924851368,1.023084141957226,0.06110561893151156,-0.022442204192904103,-0.022959054911587562,0.0884342407799027,0.014072180836987025,-0.04433201861062863,0.06669644235952155,-0.014198359873246358,-0.1262899372948575,0.045323478660480476,-0.08712644334140174,-0.19855038666407154,0.19855038666407154,0.014509519621919154,0.5708578396462058,0.006922104779411686,0.02944133741282573,-0.008886874074600537,0.04751904385749018,-0.06979239022100159,0.024501846216384404,-0.045822789885956894,0.06547518586831513,0.011209752294042344,-0.022959054911587562,0.06547518586831513,0.04216770568105255,0.03315449640817558,0.022364423748892914,-0.07547023062006297,0.03253622727891459,0.022364423748892914,0.08751457085357846,0.26351419880211746,0.998214453869716,0.9697802246446838,0.6021662629678717,0.5272048316593898,0.01197348981832865,-0.07639045939552236,0.07639045939552236,0.15985291424879366,609736740.0134616,0.97516374238188,0.05555555555555555,0.0,0.015873015873015872,0.023768043734187786,1.0738528456778778,-0.067409110326899,0.07526061305262988,0.0006156310473748317,1.2363840292625194,0.16009918539142132,0.08984945615959328,0.10582098879798285,0.031699432630161395,0.2800598824259686,0.25555085891138135,1.0293202815467288,0.011673556195626404,-0.026850991069956587,-0.07639045939552236,0.07639045939552236,0.15985291424879366,0.19047619047619047,0.746031746031746,594593161.2592546,20.203387968729984,0.06349206349206349,0.0,0.015873015873015872,0.025278377962617643,-0.04037922713043718,-0.037038130745021935,-0.17786988028383086,-0.04678754823461484,0.3333333333333333,-0.0006636063127419822,-0.07547023062006297,0.16009918539142132,-0.05909401328416852,-0.04678754823461484,-0.036375249066244675,0.26304368204417145,0.012070797029413775,-0.07639045939552236,0.07639045939552236,0.0,532761015.44966924,-0.019352231709668266,0.0293759123192228,-0.017393327377700385,0.012306465049553683,-0.010171803530021672,0.10333088238326993,0.19669887895673677,1.0,3.0,1.0,1.0,0.0,63.0,126.0,0.4878071833648393,0.04436890863267462,-0.023884953656306496,0.0849501886678512,0.0849501886678512,0.5471698113207547,0.273827870883127,0.4583860889543677,0,0,0,0,0,0
recent_month_non_top10_control,2026-01-31,ABT,107.84934997558594,-0.32629425434471904,-0.12959537538798227,0.84107083564194,0.8547022528596775,-0.15229480792465944,-0.1850786464309564,-0.1255872087585591,-0.050595068568109136,-0.04264617589126063,-0.0160099594762243,-0.09535016081930947,0.05127180522063424,-0.22891809114182904,0.01422708846302534,-0.5548344438477497,-0.20588446452424458,0.20588446452424458,-0.019311449652415824,0.9700114991539833,1.4885236128262997,1.211401323943687,-0.16823338464981974,0.027208277467062787,0.009648848838859525,-0.1318839662924156,-0.06765893790958877,-0.17618227732666825,-0.15666762357834904,-0.17618227732666825,-0.1255872087585591,-0.07294536123304785,-0.024886848790457217,-0.11136012029553377,0.04271145227814088,-0.1011883167655121,-0.11136012029553377,-0.4074955173349819,0.22635077932007602,1.7159914299150767,1.2073268571377418,4.553007506889234,3.8688497992022777,0.00944841528623116,-0.19234251369489608,0.19234251369489608,0.030645902141341663,845261016.1665417,1.1203257113312302,0.023809523809523808,0.0,0.007936507936507936,0.019271259266935886,2.4882057395895427,-0.09383036478520224,-0.038710831259719525,-0.10727849455281135,1.3114916368207528,-0.028006100227637276,0.06842508925597303,-0.14776050674139551,-0.04786192849261317,1.2610561070293929,0.27327937500718597,1.4213147166983813,0.010373424069333694,-0.1037388329545067,-0.15878965941884005,0.15878965941884005,0.030645902141341663,0.8095238095238095,0.031746031746031744,946967649.1973393,20.668775490268395,0.047619047619047616,0.0,0.015873015873015872,0.019899955078583824,-0.09256090053459132,-0.13342994033819178,-0.31719830274558086,-0.12320489515603361,0.5,-0.020087375046514016,-0.12320489515603361,0.05127180522063424,-0.1355113602055873,-0.12320489515603361,-0.07665037462515989,0.3884159974678492,0.01351166093928568,-0.14029063539721742,0.14029063539721742,0.030645902141341663,1299592719.223168,-0.022483766114773096,0.03138874003686448,0.014893807842757623,0.012306465049553683,-0.010171803530021672,0.10333088238326993,0.19669887895673677,1.0,3.0,1.0,1.0,0.0,63.0,126.0,0.43166351606805287,0.06450134868134816,-0.060658756383510815,-0.16413922437912198,0.06450134868134816,0.47358490566037736,0.273827870883127,0.4583860889543677,0,0,0,0,0,0
recent_month_non_top10_control,2026-01-31,ACGL,96.04000091552734,-0.16478740124703717,0.0319114777096996,0.9636843056707041,0.9638565360237467,0.05910896109740782,0.05480502687004818,0.115965647688274,-0.057440381931321394,-0.06669216143918888,0.0029049501172688785,0.10982826309280136,0.06356032275017065,0.01263476530500407,-0.0032324344782037606,0.6062906692248766,-0.01112028213047711,0.01112028213047711,0.005262096014880369,0.6948865230063781,-0.021933889403768947,0.08832664597562023,0.04927348624908512,0.036131328275955346,-0.008740253829701006,0.04865708459695939,0.07166400099222359,0.058525265756952605,0.07458813323143725,0.04927348624908512,0.115965647688274,-0.04871603256699386,0.024041558115289297,0.11273321321007024,0.08817055759021808,0.12290501674009191,0.11273321321007024,0.7258588215576444,0.19127071151619798,0.996568470445481,0.8119910700328077,0.9110114684832284,0.913402279881742,0.009427256606461805,-0.01112028213047711,0.01112028213047711,0.13361661392490554,197512314.2259386,1.052392133985378,0.015873015873015872,0.0,0.0,0.017790833287394465,1.3531015955714751,0.0012356130888416805,0.005409837045428745,0.02395265335069241,1.0825612122198793,0.021294719324870037,0.049888146085485204,0.022572431728208775,-0.011888206088216835,0.5557739557739558,0.15531010970997408,1.2273145693649261,0.007859201959646385,-0.031374546685992155,-0.01112028213047711,0.01112028213047711,0.1167441966921785,0.4126984126984127,0.9523809523809523,207860405.856626,19.152377291481557,0.0,0.0,0.0,0.016487858025291634,0.017254354401913696,-0.01905534118910379,0.006563362753385605,0.0012510711934194951,0.6666666666666666,0.019470064076997234,-0.04871603256699386,0.08817055759021808,-0.011055393856134188,0.0012510711934194951,0.028006881060790745,0.19061436041671628,0.009624252823974616,-0.003527664946873177,0.003527664946873177,0.059459451725543566,211625091.88530332,0.029047786018442157,0.018876066996542127,0.01502887039418166,0.012306465049553683,-0.010171803530021672,0.10333088238326993,0.19669887895673677,1.0,3.0,1.0,1.0,0.0,63.0,126.0,0.17901701323251418,0.04279467483519239,-0.0005206481807701335,-0.016451497459317954,0.04279467483519239,0.4056603773584906,0.273827870883127,0.4583860889543677,0,0,0,0,0,0
recent_month_non_top10_control,2026-01-31,ACN,258.3170166015625,-0.5049923310713267,-0.3082934521145899,1.079999843387221,1.0891857988200666,-0.11429519740432814,-0.11352484000935437,-0.012953817094719322,0.08205369511081495,0.027071013112307196,-0.06364654259943214,0.11778499331380465,-0.02669416633364896,-0.11628469947798925,0.06709226780909183,-0.04433301752501018,-0.331393728181713,0.331393728181713,0.020293719392504794,0.7054629388097101,0.41844690472477786,0.49523942256717435,0.014117196017587874,0.04181057272990153,-0.05142894796746034,0.028220411035291937,-0.04833054386206248,0.06909987801609563,0.023421085646321393,-0.012953817094719322,0.06909987801609563,0.0141930382025095,0.047747374504381934,0.05413845071437251,-0.0003998849038839847,0.06431025424439418,0.05413845071437251,0.17894255613802015,0.2921934444776179,1.3131725070092455,1.035432323694576,1.7662949822605172,1.718248843098733,0.013783832549036123,-0.0862963866502302,0.0862963866502302,0.13364308344395837,1120774655.416313,0.9305215611645297,0.11904761904761904,0.0,0.0,0.02619991495879507,1.3341997832517132,-0.06314044907783145,0.04656363497895066,-0.018073375555867854,1.3022104001305104,0.07319992731666747,0.0429114696599817,0.05456015339995468,0.022476734095515205,0.8346704614212404,0.302546537183782,1.2682359599550181,0.014202486019523498,0.016874142482026455,-0.0862963866502302,0.0862963866502302,0.09850016264281702,0.1746031746031746,0.7777777777777778,1042904982.0716252,20.765275909171525,0.12698412698412698,0.0,0.0,0.026820971020007765,-0.03969099779430407,-0.0010198238782322955,-0.04526554526093515,-0.017368407733047486,0.3333333333333333,-0.0014164069031439668,-0.05142894796746034,0.07319992731666747,-0.02967487278260117,-0.017368407733047486,-0.0461648629541882,0.3837003980163403,0.01866985122173331,-0.0862963866502302,0.0862963866502302,0.014195143731619009,1198805100.3603253,-0.043951143145820826,0.03473895330990905,-0.0248556326369892,0.012306465049553683,-0.010171803530021672,0.10333088238326993,0.19669887895673677,1.0,3.0,1.0,1.0,0.0,63.0,126.0,0.6227788279773157,-0.20831447030975847,-0.2478760196074632,-0.3163954604932677,-0.20831447030975847,0.020754716981132074,0.273827870883127,0.4583860889543677,0,0,0,0,0,0
recent_month_non_top10_control,2026-01-31,ADBE,293.25,-0.5263365705400804,-0.32963769158334366,0.9374244918704713,0.965008361767816,-0.2179583140214587,-0.24201303686183884,-0.1801560066022876,0.011481307807106877,0.0022754065584490446,-0.04858957411218001,-0.08969610040871334,-0.0027677324711841145,-0.2834868889855575,0.041870332081394235,-0.6348704282047974,-0.3681454628090718,0.3681454628090718,-0.02346981821726213,0.837735225429353,0.5180421958866983,0.3081187068773281,-0.17788060004383854,0.006079288908085195,-0.011073765270124603,-0.12974448685170514,-0.10590352770801503,-0.1686746987951807,-0.17557043514710227,-0.1801560066022876,-0.1686746987951807,-0.0352657758792525,-0.03376935440571682,-0.13828567452089335,-0.059298853458769285,-0.12811387099087168,-0.13828567452089335,-0.5003418419208803,0.2837681495288872,1.117785014918567,0.9739725593793903,1.699650316605236,1.2619859922689,0.013483333699356989,-0.20195393561410424,0.20195393561410424,0.009918396980549637,1464499635.7789054,0.9548806431445648,0.07142857142857142,0.007936507936507936,0.015873015873015872,0.025034339836320935,1.602165012059005,-0.15222662261061481,-0.037826148308747864,-0.10594021572521706,0.9682308542716217,0.09327456001037171,0.0832306546286754,-0.08396590282954652,-0.10360103887832361,0.7794920779948917,0.2763823908670038,1.147655551641838,0.012759587091333662,-0.16074104847729453,-0.17978910580585128,0.17978910580585128,0.009918396980549637,0.4126984126984127,0.12698412698412698,1398422354.097542,21.05861054893452,0.06349206349206349,0.015873015873015872,0.015873015873015872,0.02470989245575766,-0.09907003784973989,-0.1576603525902711,-0.5111068503057459,-0.16211889430431536,0.16666666666666666,-0.02954174356221236,-0.16211889430431536,0.09327456001037171,-0.17442535935386905,-0.16211889430431536,-0.05801140059968879,0.3171917852545613,0.016508757760159205,-0.16211889430431536,0.16211889430431536,0.009918396980549637,1508802399.072411,-0.01200752473688771,0.029470213059748354,-0.013702220597121673,0.012306465049553683,-0.010171803530021672,0.10333088238326993,0.19669887895673677,2.0,8.0,2.0,1.0,1.0,63.0,126.0,0.6678638941398866,-0.10516622792119568,-0.17108268770313828,-0.1607842929121378,-0.10516622792119568,0.06037735849056604,0.273827870883127,0.4583860889543677,0,0,0,0,0,0
recent_month_non_top10_control,2026-01-31,ADM,66.36888122558594,0.16844721106919036,0.36514609002592713,0.9840014883595481,0.9997021090005159,0.44843400628085806,0.2970731653857741,0.2635569692069881,-0.127346392763535,-0.17994870936627994,0.12678597521952573,-0.005404455573954969,0.16606435742076453,0.1602260868237182,-0.14217544956141737,0.9823079087638491,-0.013483891987789098,0.013483891987789098,0.012759265844757728,0.7146635399493965,0.3318142414860681,0.4934718780032603,0.08360825984070819,0.09252535279987661,-0.04629627438198991,0.11009004399573175,0.04382805645671517,0.13621057644345314,0.1611252684970498,0.08360825984070819,0.2635569692069881,0.013223917585666323,0.03407640874141116,0.12138151964557076,0.011925641120999586,0.13155332317559243,0.12138151964557076,0.42381528734250745,0.26830382495713806,1.0996943688223473,1.0674538018153419,2.3829506134004403,2.9608001789687886,0.012363391341642313,-0.013483891987789098,0.013483891987789098,0.27130014746411923,209057256.2686466,0.9577307710979304,0.07936507936507936,0.007936507936507936,0.007936507936507936,0.025757861644016597,1.7787432049486718,0.0718037590649776,0.05725107718678246,0.10187111303657548,1.0504127755851023,-0.05350675500043023,0.10061556149738095,0.10816593045642864,0.09786844632093872,0.9899586751372356,0.286401937992095,1.03020324341173,0.012683606692481596,0.15528530008477115,-0.013483891987789098,0.013483891987789098,0.21209320147556232,0.047619047619047616,0.873015873015873,200220567.24978855,19.114930158078586,0.1111111111111111,0.0,0.015873015873015872,0.02589343931976175,0.08092049906587429,0.16466935498708568,0.5789222857690741,0.17081229719387214,0.6666666666666666,0.04370386398981374,-0.05350675500043023,0.17081229719387214,0.15850583214431846,0.17081229719387214,0.04507274162807029,0.2950522054388615,0.016191129985510717,-0.013483891987789098,0.013483891987789098,0.17081229719387214,235540835.64792815,0.003698074636832027,0.025776237053493602,-0.0020164331859154894,0.012306465049553683,-0.010171803530021672,0.10333088238326993,0.19669887895673677,1.0,3.0,1.0,1.0,0.0,63.0,126.0,0.4177693761814745,0.033432991129429324,0.0880684006234207,0.11576033940054953,0.11576033940054953,0.6849056603773584,0.273827870883127,0.4583860889543677,0,0,0,0,0,0
recent_month_non_top10_control,2026-01-31,ADP,242.9541015625,-0.36408395844197283,-0.16738507948523607,0.838242201196985,0.8468339240612135,-0.1651582730561385,-0.19031854855523722,-0.19319623652644846,0.03958616836974971,0.014461709038918635,-0.15459767843461547,0.10894064969549144,-0.017609055199503842,-0.2965271189097184,0.14753920778732443,-1.0407346728551445,-0.23211217764340986,0.23211217764340986,-0.03188610525073632,0.8513569176125814,0.39515971380537196,0.331460866656492,-0.17873452748752983,0.020030993531654464,-0.029684260629275205,-0.07686410907612051,0.08085799683408479,-0.15361006815669875,-0.17518027739022568,-0.19319623652644846,-0.15361006815669875,-0.11311765546399666,-0.009192874047633581,-0.04565702873912403,-0.019208604948662944,-0.035485225209102356,-0.04565702873912403,-0.2611807271131448,0.18563447684166723,1.0842670777124053,0.9416898298240912,1.027154462307561,0.9451161905455532,0.008659300423058484,-0.1919691408115406,0.1919691408115406,0.0034557001027324397,545763004.553586,1.08451100868585,0.007936507936507936,0.0,0.007936507936507936,0.016305081802994333,1.6312685714285715,0.043772110019292376,0.004983913041257448,-0.04054414338455259,1.0494679221309493,0.014072779639814126,0.042703275124630166,-0.0269664109247989,-0.009082141681521216,0.6981598984771573,0.1748100989065138,1.1514057424990431,0.008727544601767931,-0.020374105553778388,-0.07245388000523356,0.07245388000523356,0.0034557001027324397,0.5079365079365079,0.015873015873015872,591885986.5718297,20.198824585739622,0.0,0.0,0.0,0.01710585522537711,-0.04379044258951381,-0.02855950151994302,-0.20106420057575414,-0.04046966981915212,0.16666666666666666,-0.03433607773679611,-0.11311765546399666,0.014072779639814126,-0.052776134868705804,-0.04046966981915212,-0.041337985405153765,0.2012773517277857,0.010627262252698267,-0.07217498089543728,0.07217498089543728,0.0034557001027324397,586463623.5236758,-0.030717624680588917,0.019632575306758677,-0.017561456706963963,0.012306465049553683,-0.010171803530021672,0.10333088238326993,0.19669887895673677,1.0,3.0,1.0,1.0,0.0,63.0,126.0,0.32041587901701324,-0.1315128399019233,-0.17000748638382535,-0.1342227601141548,-0.1315128399019233,0.04716981132075472,0.273827870883127,0.4583860889543677,0,0,0,0,0,0
recent_month_top_future_return,2026-01-31,ARM,105.36000061035156,-0.5363416329830534,-0.3396427540263166,0.9845701752749747,0.9497855701339909,-0.07619467083628717,-0.3485841657473877,-0.2547480062928271,-0.0006057535496521993,0.01651506919597534,0.20120252749226353,-0.5807809277616779,-0.021679946535145933,-0.35807888867609705,-0.12483039397658724,-0.5614758129438251,-0.41014442117060934,0.41014442117060934,-0.038499748001975975,0.6000225789699474,0.33643774970305573,-0.17084515338888617,-0.23823293709685178,0.00971456826453589,0.02299188772108196,-0.24086257158007418,-0.3303118677784952,-0.2553537598424793,-0.24944490107738607,-0.2553537598424793,-0.23823293709685178,0.20022616956095485,-0.14598005603252995,-0.37957840026941436,-0.20174307082802156,-0.3694065967393927,-0.37957840026941436,-0.9934564197464882,0.4537114518917208,0.9571769301447262,0.8421179593549502,0.4326600300960759,0.3808898089530861,0.021147187115135434,-0.41014442117060934,0.41014442117060934,0.0035241713888036763,672425787.1492113,0.9100482179441879,0.2222222222222222,0.031746031746031744,0.023809523809523808,0.03839474697310144,1.4974516673808382,0.00845205238579605,-0.12962078257103538,-0.12941304232695883,0.8642043972889761,-0.19364119557949844,0.1495171282656309,-0.22277956249732667,-0.10876181488981251,0.4903666686736108,0.38207856200302753,1.1366304678716381,0.019172230254984067,-0.014332174771677031,-0.37957840026941436,0.37957840026941436,0.0035241713888036763,0.9682539682539683,0.1746031746031746,611939889.2948575,20.232144617180396,0.2222222222222222,0.015873015873015872,0.031746031746031744,0.03844291845920472,-0.056880189883672716,-0.003332069806328608,-0.08320796708541343,-0.03613573356933686,0.3333333333333333,-0.038330314871661,-0.20174307082802156,0.20022616956095485,-0.04844219861889054,-0.03613573356933686,-0.05570243360454852,0.4342821346932239,0.02056480564804552,-0.11610735480052148,0.11610735480052148,0.0035241713888036763,721771027.4810064,-0.05549079936391843,0.051686732171405764,-0.047997682393556285,0.012306465049553683,-0.010171803530021672,0.10333088238326993,0.19669887895673677,1.0,4.0,1.0,0.0,1.0,63.0,126.0,0.8059546313799621,0.20966207488537458,0.43583900819030275,0.9962035507387319,0.9962035507387319,0.9924528301886792,0.273827870883127,0.4583860889543677,1,1,1,1,1,0
recent_month_top_future_return,2026-01-31,BE,151.3699951171875,5.2227241747731465,5.419423053729883,1.1330477038738807,1.2363016575634094,7.262554456261954,5.328177033210113,3.0484086009130786,-2.2585304447889807,-1.1891339684271762,2.5346350847681043,-2.389281037228942,0.415886587079368,2.9450777185298085,-2.9030545533739165,2.853334174370988,-0.08476935923695539,0.08476935923695539,0.20525468210629993,0.7215214535854709,-0.33837019803861723,-0.24219962835099584,1.8592746324859024,1.1297940954410763,0.5974688683153357,0.4254275006430308,-0.07317708510690657,0.789878156124098,1.8991871298410263,0.789878156124098,3.0484086009130786,0.5627291490956186,0.05171472514643316,0.14535404753916237,-0.17342618918912067,0.15552585106918404,0.14535404753916237,0.13121634113316535,1.068367185412166,0.8540935013537009,1.0368565265893839,1.1024758907167822,2.6626972902213923,0.05166027689504853,-0.08476935923695539,0.08476935923695539,3.1930748342191686,1274815573.242333,1.2316789985653298,0.6031746031746031,0.24603174603174602,0.1349206349206349,0.0894880371533645,0.8865243575449169,0.3049194630592904,0.22494990504792178,0.3406228583414954,1.1406620360758455,-0.2045953763381908,0.41033173779255055,0.3856645741238227,0.4083176995780464,0.3737988098701859,1.1077434889885347,0.8237335440836157,0.055190888350612935,0.7228323285823424,-0.08476935923695539,0.08476935923695539,0.9666102730484629,0.031746031746031744,0.4603174603174603,1570163568.6066036,21.174445635342607,0.6666666666666666,0.2698412698412698,0.1746031746031746,0.09694795212028195,0.2611959149808345,0.7036244889362229,0.8132596928172856,0.7420876531300888,0.6666666666666666,0.3233584486821833,-0.2045953763381908,0.7420876531300888,0.7297811880805352,0.7420876531300888,0.1104345427839093,0.9124854701200753,0.0496002428317994,-0.08476935923695539,0.08476935923695539,0.7420876531300888,1678236149.498567,0.004092766126587044,0.08285281949263384,-0.010912188059753913,0.012306465049553683,-0.010171803530021672,0.10333088238326993,0.19669887895673677,1.0,3.0,1.0,0.0,1.0,63.0,126.0,0.9644612476370511,0.02840723518837951,-0.10490843718221354,0.8719693102466648,0.8719693102466648,0.9886792452830189,0.273827870883127,0.4583860889543677,1,1,1,1,1,0
recent_month_top_future_return,2026-01-31,CIEN,251.80999755859372,1.6930188089287053,1.889717687885442,1.1207933349731585,1.1422308922715148,2.749404166585253,2.0961513818931663,1.712300813133735,-0.9836675961102181,-0.032615868071545595,1.0456700308101325,-0.71979597864953,0.012171530885243254,1.608969930750465,-1.3864267609731324,2.665728792584561,-0.02877306194773188,0.02877306194773188,0.18595879305349028,0.8433940689921445,0.5128599384959462,1.00586173700506,1.6796849450621893,0.558743400243299,0.5501755483307564,0.29589687747207316,-0.02877306194773188,0.7286332170235168,1.3735396584064805,0.7286332170235168,1.712300813133735,0.3037687962944826,0.10848577598600251,0.3258740521606025,0.07524225296279785,0.3360458556906242,0.3258740521606025,0.47797653287516756,0.6423387172382121,1.2042838918938923,1.0614000560791623,1.7746539053153305,1.987495650193599,0.02765116275067484,-0.02877306194773188,0.02877306194773188,1.9063942674574794,480337215.7719688,1.314175780487709,0.3412698412698413,0.1111111111111111,0.03968253968253968,0.0476101489801903,1.6041335584009222,0.006297285748938175,0.12846983163717862,0.12431239761167023,1.4027540008210948,0.14524258081475394,0.20110172579682664,0.2330933317651871,0.0944460531024447,0.715062945681838,0.6817783504984555,1.1346182666906448,0.0308849254013485,0.055400130553671545,-0.02877306194773188,0.02877306194773188,0.4270898379922148,0.25396825396825395,0.746031746031746,631247535.4344201,20.263208635868082,0.36507936507936506,0.14285714285714285,0.07936507936507936,0.05748813486786606,0.05768449772285589,0.03566158943463571,0.09916422309257868,0.07670929497568446,1.0,0.19388500071061976,0.012171530885243254,0.5501755483307564,0.06440282992613078,0.07670929497568446,0.043313608964679506,0.7735581703097645,0.0349153935612211,-0.02877306194773188,0.02877306194773188,0.11811194019687687,579069114.9843489,0.041363391438284935,0.060632441567287074,0.01340964099430031,0.012306465049553683,-0.010171803530021672,0.10333088238326993,0.19669887895673677,1.0,3.0,1.0,1.0,0.0,63.0,126.0,0.8652173913043477,0.38477429644504957,0.5417577330145154,1.0951511941740164,1.0951511941740164,0.9981132075471698,0.273827870883127,0.4583860889543677,1,1,1,1,1,1
recent_month_top_future_return,2026-01-31,DELL,113.89878845214844,-0.07155909322928355,0.1251397857274532,0.9153261558461346,0.9091517183833955,0.2622244490502885,-0.055287804850267075,-0.1306790826680878,-0.055677709848436674,0.07501145656848396,0.22531634925955157,-0.5158498365036942,-0.07943332098068667,-0.23400996505135774,-0.15985440457605482,-0.2930096727647691,-0.30288299091395576,0.30288299091395576,-0.018416807056054307,0.6231932794847087,1.631569915669739,0.8670107311434354,-0.05566762609960385,0.06558249793103064,0.16062220542727856,-0.14613726118597814,-0.27312674083994304,-0.18635679251652448,-0.12423450042807205,-0.18635679251652448,-0.05566762609960385,0.14683807178291408,-0.09336516949208462,-0.29053348724414263,-0.1769025433777086,-0.28036168371412096,-0.29053348724414263,-0.6796868380369434,0.44598897174632934,0.8670253703033254,0.958436218884707,2.669104829613426,2.3502491435342248,0.021159292937179233,-0.30288299091395576,0.30288299091395576,0.030341248635718854,906435077.6834397,0.949207955878503,0.2222222222222222,0.031746031746031744,0.03968253968253968,0.0354460736775848,1.1172281006071119,-0.05399771789088703,-0.06505807463221491,-0.08486882497761095,0.8041684771828486,-0.056018122380921076,0.13729586734133592,-0.13805284289510056,-0.10128737905779184,0.670943807398952,0.4274519837448303,0.9046250060460438,0.020583566122502134,-0.09027321929879095,-0.29053348724414263,0.29053348724414263,0.030341248635718854,0.9682539682539683,0.12698412698412698,860395387.2244699,20.57290259530684,0.2222222222222222,0.015873015873015872,0.047619047619047616,0.03712665488991693,-0.05440403147087025,-0.08934928202672698,-0.22473883254201155,-0.08690285529748554,0.3333333333333333,-0.015299427471101542,-0.1769025433777086,0.16062220542727856,-0.09920932034703922,-0.08690285529748554,-0.032587850998704315,0.3866837533795605,0.018157783217490096,-0.10062079636184063,0.10062079636184063,0.030341248635718854,852965641.2079585,-0.011552296508820281,0.038804673540290685,-0.014874977125399202,0.012306465049553683,-0.010171803530021672,0.10333088238326993,0.19669887895673677,2.0,7.0,2.0,1.0,1.0,63.0,126.0,0.833648393194707,0.29395318167891604,0.4342012983907366,0.831496967434129,0.831496967434129,0.9867924528301887,0.273827870883127,0.4583860889543677,1,1,1,1,1,0
recent_month_top_future_return,2026-01-31,INTC,46.470001220703125,1.194963524070833,1.3916624030275697,1.2184288801312955,1.294090970439123,1.3119403153615865,1.0745536612536846,1.346969849055506,-0.9618729108305215,-0.43855093765102615,1.0196971322915869,-0.8576566404121984,0.22979804645106938,1.243638966672236,-1.1849293571761175,1.8856308757038984,-0.14451396388481696,0.14451396388481696,0.1360553623259939,0.9975238238876679,0.4280862517614954,0.6594940504431202,0.9084189114044798,0.4815586342140583,0.37782335570688486,0.22535192045289465,-0.10743240486493588,0.3850969382249845,0.8801618995616568,0.3850969382249845,1.346969849055506,0.19195238711935314,0.07897243740758841,0.16204049187938852,0.014253555161292786,0.1722122954094102,0.16204049187938852,0.21578943890283472,0.7143337895083456,1.4858711140818557,1.0512165106501925,1.2303885321020793,1.8088388488747404,0.031042597240347414,-0.14451396388481696,0.14451396388481696,1.4065252462934366,4031552166.310336,1.0319562051721645,0.38095238095238093,0.1349206349206349,0.047619047619047616,0.046666246538392256,1.2978759327910463,0.012250137092734148,0.1313474818982281,0.13314381187453317,1.666789230995297,-0.09023667957324677,0.1714542431471967,0.14571005047608,0.18790773359021196,0.3146531688200658,0.7509194736464921,1.4134777175092341,0.03268453953693755,0.3118023803953278,-0.14451396388481696,0.14451396388481696,0.3822130486932165,0.09523809523809523,0.746031746031746,4160385274.4992332,22.148873521233842,0.3968253968253968,0.12698412698412698,0.07936507936507936,0.04784850454116909,0.08823095756041743,0.2607696292214039,0.24434485916024606,0.2593495745010346,0.8333333333333334,0.16382337322773133,-0.09023667957324677,0.37782335570688486,0.2470431094514809,0.2593495745010346,0.01467314904764594,1.0614079436430792,0.04990432804657234,-0.14451396388481696,0.14451396388481696,0.2593495745010346,6628480415.726454,-0.030845251036857424,0.07642409614580138,0.008770044095005147,0.012306465049553683,-0.010171803530021672,0.10333088238326993,0.19669887895673677,1.0,3.0,1.0,1.0,0.0,63.0,126.0,0.9672967863894139,-0.018506576022391363,-0.05035506974648807,1.033139678826633,1.033139678826633,0.9943396226415094,0.273827870883127,0.4583860889543677,1,1,1,1,1,1
recent_month_top_future_return,2026-01-31,LITE,391.8399963378906,3.4099318238947514,3.606630702851488,1.1026764216510274,1.1264481822454342,5.636856203619026,3.122028260061394,2.559592930778355,-1.1513821252379266,-0.6092126616648286,0.8310319241085953,0.1130045964514046,0.206486149613478,2.456262048395085,-1.6155564102183553,3.0011829985277325,-0.014040604150043379,0.014040604150043379,0.23146086098201635,1.312652962806679,1.0576828313864168,3.000210571944499,1.9503802691135266,0.5760162892200894,0.2251337226482668,0.4922394596391124,0.04532098486043834,1.4082108055404285,1.9727280018107702,1.4082108055404285,2.559592930778355,0.23876829476779493,0.22695459104802462,0.9440365205599999,0.6132169458256964,0.9542083240900215,0.9440365205599999,0.8854836381922674,0.8528613323592714,1.1639201995590984,1.250057039917119,3.4506583072100314,3.7313979004456925,0.040118630794500405,-0.014040604150043379,0.014040604150043379,2.6730408250559385,976831110.5627272,1.469175957906294,0.49206349206349204,0.1984126984126984,0.09523809523809523,0.0663865160127997,2.254792243474026,0.054988533460935685,0.11276989413533478,0.1429644788055786,1.572190478020577,0.13356499011763945,0.1913093466848406,0.2050682492459064,0.027076860176151962,0.9559874354782418,1.066125312588801,0.9310936720425721,0.05057634117549983,-0.01482178655973665,-0.014040604150043379,0.014040604150043379,1.080271793736427,0.2698412698412698,0.9365079365079365,1435136782.5736637,21.084526001178904,0.5714285714285714,0.23809523809523808,0.15873015873015872,0.08146939264150055,0.07717499361117142,-0.029459442381949974,0.0635444731441463,0.06307821761577714,1.0,0.24670805343144211,0.06307821761577714,0.6132169458256964,0.05077175256622346,0.06307821761577714,0.08726354875331332,0.9926625321558418,0.049379972541873804,-0.014040604150043379,0.014040604150043379,0.2084502585594159,1592539146.9213576,0.08887090981925438,0.08602325995157183,0.05254673457539161,0.012306465049553683,-0.010171803530021672,0.10333088238326993,0.19669887895673677,1.0,3.0,1.0,1.0,0.0,63.0,126.0,0.9502835538752363,0.7887657709656675,0.7934871792914742,1.3027766837414223,1.3027766837414223,1.0,0.273827870883127,0.4583860889543677,1,1,1,1,1,1
recent_month_top_future_return,2026-01-31,MRVL,78.8610610961914,-0.4950895485805793,-0.29839066962384253,1.1423155228053827,1.1984374783483762,0.35504144313644037,0.02188326886716685,-0.016684391089265782,-0.043276615826468245,0.27370809430526655,0.16712778070410184,-0.3246188239577187,-0.2177429857567561,-0.12001527347253571,-0.14080665216435106,-0.030102528244571564,-0.3359306608945326,0.3359306608945326,0.02855578097210265,0.38753032738600396,-0.570905295899157,-0.6384838685026006,0.25702370321600077,0.17188576284988058,0.3372037888467887,-0.06542749397220404,-0.2118085246721675,-0.05996100691573403,0.060126101737000316,-0.05996100691573403,0.25702370321600077,0.1157614237295781,-0.023957936507311484,-0.15749104325361685,-0.046298197402574126,-0.14731923972359517,-0.15749104325361685,-0.3051772598695406,0.5542521529657398,0.6579134152500877,0.9310999467818604,0.7391797182787079,0.6163193177500255,0.025054262016408705,-0.2118085246721675,0.2118085246721675,0.2683209376307174,1516437370.3956664,0.9721895283945124,0.3333333333333333,0.07142857142857142,0.06349206349206349,0.041689201070591674,0.4290225194709539,-0.05991236959716095,-0.03509901756572864,-0.07536089952469627,0.7966556522441238,-0.04944068573184757,0.19147196738235436,-0.11659078922594757,-0.06288517659389059,0.21555113989520502,0.5160641501301318,0.7065980591278294,0.02522969883827821,-0.04324748476311191,-0.2118085246721675,0.2118085246721675,0.029952847156112128,0.6190476190476191,0.746031746031746,1474264531.9647775,21.11142508066625,0.36507936507936506,0.09523809523809523,0.06349206349206349,0.04451423047810155,-0.05806646268302962,-0.055783702638238286,-0.1937275266623514,-0.07064272842962949,0.3333333333333333,0.011473435875926585,-0.2177429857567561,0.3372037888467887,-0.08294919347918317,-0.07064272842962949,-0.04978429393592121,0.36464992686740394,0.018219533467373674,-0.1247169920444885,0.1247169920444885,0.0,1186017717.7856808,-0.031323632547178626,0.04067411763179258,-0.03421604554313329,0.012306465049553683,-0.010171803530021672,0.10333088238326993,0.19669887895673677,2.0,7.0,2.0,1.0,1.0,63.0,126.0,0.9197542533081287,0.03509880590843473,0.25506843385807354,1.0936729216347119,1.0936729216347119,0.9962264150943396,0.273827870883127,0.4583860889543677,1,1,1,1,1,1
recent_month_top_future_return,2026-01-31,SNDK,576.25,,,1.1062548751358243,1.4879513735046663,16.946122362085212,11.706725896117423,12.426142231686875,-8.290224088428602,-2.4436763160461368,3.6442220488089294,-1.753287444351293,0.22250707034437145,12.322811349303604,-10.535207627229237,11.39079229620164,0.0,-0.0,0.506149794783695,2.2584338873216048,4.914445070585345,16.098273920719063,9.982465915640738,4.2599196046544705,1.1383646719636702,1.5254539462044034,0.024613421238373734,4.135918143258273,8.848175430195296,4.135918143258273,12.426142231686875,0.7765597794356938,0.39629689777867494,1.8909346044576365,0.12015249449774945,1.9011064079876583,1.8909346044576365,1.5702568310680314,1.0908935839195735,1.1328678886275527,1.1038839800110192,8.791431441967276,22.769113878058455,0.05199397120947681,0.0,-0.0,13.161956732575277,2506013689.7789907,1.7310132480497296,0.5476190476190477,0.2619047619047619,0.11904761904761904,0.0804497912244042,3.0303799811212495,0.16149770482161552,0.6050960632215163,0.8937564098110271,1.928410421731412,0.06314943649499427,0.576738224572728,1.5808402147547462,0.8794208140070541,1.0997999316005473,1.2042199511856235,1.0262562997030216,0.05593800134850378,1.1080272469669663,0.0,-0.0,1.9645538919880603,0.0,0.6190476190476191,4337942896.801418,22.190666086009827,0.5714285714285714,0.2698412698412698,0.14285714285714285,0.09633737388923709,0.5928584739556917,1.1109475178076709,1.1551205965927314,1.427542287247309,1.0,0.6247126233306314,0.06314943649499427,1.427542287247309,1.4152358221977552,1.427542287247309,0.35887188279234894,1.2358383111323112,0.05851162222628785,0.0,-0.0,1.427542287247309,7536855370.552571,0.16633035445508426,0.07703712919676751,0.11013289993224173,0.012306465049553683,-0.010171803530021672,0.10333088238326993,0.19669887895673677,1.0,3.0,1.0,1.0,0.0,63.0,126.0,0.9863894139886578,0.10257698108731028,0.1025423459530912,0.9028373271420824,0.9028373271420824,0.9905660377358491,0.273827870883127,0.4583860889543677,1,1,1,1,1,0
recent_month_top_future_return,2026-01-31,VRT,186.0969696044922,0.396578631109473,0.5932775100662098,0.8828721359042463,0.8882589266111612,1.1827802340017963,0.4508370412041469,0.27954647841870717,-0.04496166706867255,0.1810726006406227,0.32496137560952887,-0.35923776888924186,-0.12396976270995819,0.17621559603543724,-0.31382287169842016,0.5389184434756065,-0.0653411620774107,0.0653411620774107,0.06134336342705993,0.5091443519641242,-0.41724691326068386,-0.43722158724672744,0.46061907905932986,0.11965250268118781,0.18308524909044022,0.101896023637714,-0.013552837653887595,0.23458481135003462,0.3249167896093572,0.23458481135003462,0.46061907905932986,0.2784038857068354,-0.013180270076659006,-0.03427639327971299,-0.06773276426932617,-0.02410458974969132,-0.03427639327971299,-0.06245491563500298,0.5187175941054252,0.9662054432132495,1.0580288554312853,0.7482818870122305,1.0091051836863238,0.024873681981694495,-0.0653411620774107,0.0653411620774107,0.5293215394495532,1084694371.0737078,1.0009665559720673,0.3492063492063492,0.07936507936507936,0.05555555555555555,0.047927472432528026,0.8428260794963547,0.1409589722123471,0.015923653586296105,0.07795666761360187,0.9496237396889621,-0.09859241062134871,0.17079537070691972,0.03588710372663839,0.04375303198033009,0.21281581640898573,0.548818182383433,0.9132127524247854,0.026465385839859187,0.1363143247715788,-0.04572018717452042,0.04572018717452042,0.24260826418662274,0.015873015873015872,0.4603174603174603,1085742788.895937,20.805530188690277,0.3968253968253968,0.047619047619047616,0.09523809523809523,0.05081346094378075,0.07988859201849441,0.1382137728258963,0.2976695857784973,0.14918835378420225,0.5,0.0533970918301408,-0.12396976270995819,0.2784038857068354,0.13688188873464857,0.14918835378420225,0.0491289163163402,0.5011877629151428,0.023674433942762637,-0.04572018717452042,0.04572018717452042,0.1579798444367495,875311127.7045114,0.010381619442431544,0.047567642979177115,-0.015420790328340428,0.012306465049553683,-0.010171803530021672,0.10333088238326993,0.19669887895673677,2.0,7.0,2.0,1.0,1.0,63.0,126.0,0.8997164461247638,0.36905150691809996,0.34622223209791425,0.7647877989359015,0.7647877989359015,0.9849056603773585,0.273827870883127,0.4583860889543677,1,1,1,1,1,0
recent_month_top_future_return,2026-01-31,WDC,250.04510498046875,3.9057762344613107,4.1024751134180475,0.9533017198542496,0.9821648762430368,4.7270836529714195,2.918154887682406,2.186208291124596,-1.1003244306290667,-0.06543734988978311,0.9111051916260458,-0.2438980148124863,0.020968328378465184,2.082877408741326,-1.5190011143110367,3.2710392132665067,-0.10536294507862587,0.10536294507862587,0.23370330162074726,0.8233295100320103,0.07721984716905239,0.79594866020625,2.120770941234813,0.6172502422411911,0.4961383998116906,0.5740960071531678,-0.10536294507862587,1.0858838604955294,1.797621030951646,1.0858838604955294,2.186208291124596,0.2511245689825805,0.20234555899139495,0.6672071768135595,0.08734441172263341,0.6773789803435811,0.6672071768135595,0.8479097229659195,0.6683528226313793,1.5263598426125313,1.177349238578649,5.107510838353696,7.871437400556619,0.03129841272762719,-0.10536294507862587,0.10536294507862587,2.398248198039164,1304222152.7512808,1.309550282106389,0.35714285714285715,0.15079365079365079,0.05555555555555555,0.05223086372174533,1.9288705408873623,-0.025608630100430463,0.2537981133527012,0.3123942047015045,1.7204293008840252,0.05558375570398044,0.20747241947438716,0.5332834370043564,0.3005847781351927,1.2853466014031194,0.7868846868269452,1.2964376181660628,0.0377258746253128,0.3952611495061966,-0.10536294507862587,0.10536294507862587,0.8130109859666355,0.031746031746031744,0.9841269841269841,1707944488.0648415,21.258556431237118,0.4444444444444444,0.20634920634920634,0.1111111111111111,0.06453625724880445,0.19525205542585455,0.45443480456690644,0.4436081691498132,0.4525455026368732,1.0,0.22728416120603723,0.020968328378465184,0.4961383998116906,0.4402390375873195,0.4525455026368732,0.1086521688283626,1.0201469091612732,0.04816525622074554,-0.10536294507862587,0.10536294507862587,0.4525455026368732,2276335757.616824,0.013934876001408858,0.07297572118735872,-0.038944600576045874,0.012306465049553683,-0.010171803530021672,0.10333088238326993,0.19669887895673677,1.0,3.0,1.0,1.0,0.0,63.0,126.0,0.9467863894139887,0.11777172038540895,0.08148285746297246,0.7373135071577661,0.7373135071577661,0.9830188679245283,0.273827870883127,0.4583860889543677,1,1,1,1,1,0
recent_month_non_top10_control,2026-02-28,A,120.87117767333984,-0.24460091857612565,-0.04348724101408241,1.037499935617186,1.0298907515953968,0.09093736733686986,0.06124139067479972,-0.0303906656991888,-0.13880213412385567,-0.022223801286429756,0.22400307184012713,-0.43184057110135743,0.02345803319976647,-0.09767216460679085,-0.1774468335620415,-0.10787436189822582,-0.2264826277711539,0.2264826277711539,0.00029107719857357495,1.0715947898093021,1.8294593888743798,1.2413916252295198,-0.05261446698561856,0.07455471980153144,0.1403193578637687,-0.13250215589914482,-0.1887649761255903,-0.16919279982304447,-0.08406597750261728,-0.16919279982304447,-0.0303906656991888,0.04878380307341712,-0.056291192633309284,-0.2078374992612303,-0.11355043179652902,-0.18978730808255428,-0.2078374992612303,-0.831053991391058,0.2817227853255893,0.8967107515392152,0.8877132354226398,1.3969026548672567,1.1735975397593017,0.012910150051699631,-0.2264826277711539,0.2264826277711539,0.0033892544913132205,272973516.23899674,1.081169644425183,0.07936507936507936,0.015873015873015872,0.0,0.02484343340757687,2.0754292282272933,-0.06528685875746265,-0.0676963594057508,-0.09964515106586624,1.0941535303418752,-0.014556997939703664,0.09422543152425152,-0.10636484109952116,-0.09824939364249174,0.8332675277793447,0.25008904525365666,1.010135611093251,0.012473375193519189,-0.10367905430153856,-0.2123019757847956,0.2123019757847956,0.0033892544913132205,0.9841269841269841,0.015873015873015872,295130679.48960805,19.50292880092587,0.07936507936507936,0.0,0.0,0.024236908628987665,-0.07056877816768437,-0.09346977498451459,-0.36878557417988833,-0.0931640317784711,0.5,-0.0014517112296252483,-0.11355043179652902,0.1403193578637687,-0.06971871368006088,-0.0931640317784711,-0.04627581613890808,0.25262385055503017,0.012565808083367264,-0.10347884338623525,0.10347884338623525,0.0033892544913132205,311727912.1816363,-0.022335342577609607,0.03231880923506268,-0.01424463478599991,-0.023445318098410217,-0.01805019117867601,0.06728149890760204,0.20111367756204324,1.0,3.0,1.0,1.0,0.0,63.0,126.0,0.4680529300567108,-0.0588228350912372,-0.04585873468163226,0.11912387858555795,0.11912387858555795,0.730188679245283,0.35160530576878785,0.6144489781212408,0,0,0,0,0,0
recent_month_non_top10_control,2026-02-28,AAPL,263.93682861328125,-0.10397746186847301,0.09713621569357023,1.086276562246188,1.0951043063328487,0.3193125227482616,0.27660024824433327,0.14018923961386376,-0.1612213535219671,-0.10070636800445398,0.20237923226280707,-0.2541016763804632,0.0968812192629327,0.07290774070626171,-0.1919116837315199,0.6077814255144872,-0.0760431913609586,0.0760431913609586,0.01854988035360905,1.0432670989366852,2.593957964997318,2.4080696749915393,0.039482871609409775,0.08144134991952637,0.06181508747860254,-0.008706731194341844,-0.0760431913609586,-0.021032113908103334,0.05287999910505673,-0.021032113908103334,0.14018923961386376,0.03236429041178379,-0.012237688293173732,-0.05172244411765614,-0.025067288626873463,-0.03367225293898013,-0.05172244411765614,-0.22447203460016263,0.23065732799450644,1.4365201825230605,0.998963313724396,-0.21718045852921897,-0.2022554738568526,0.010113628667159834,-0.0760431913609586,0.0760431913609586,0.16708646574561636,12964972457.647087,0.9828969438920456,0.0873015873015873,0.0,0.0,0.019357288404344104,1.2918340843264344,0.017286287470422157,-8.043106055077853e-05,-0.0038481176098980052,1.2764721545871265,-0.045537972790174464,0.05305798107117638,-0.02734050789335063,0.03806896348933497,0.13011735861137352,0.23041820870820703,1.4380109487377855,0.009940723684104206,0.050019701515392034,-0.0760431913609586,0.0760431913609586,0.07185729558688769,0.9365079365079365,0.42857142857142855,12743231806.265865,23.268266128960317,0.07936507936507936,0.0,0.0,0.019655596725482706,0.0028522701407660556,0.06666582013726141,0.05754044902614741,0.019065677185734042,0.6666666666666666,0.023253502153667522,-0.045537972790174464,0.0968812192629327,0.04251099528414426,0.019065677185734042,-0.016519173611933446,0.33134390691094984,0.015281499928469479,-0.04923336193396721,0.04923336193396721,0.03284074249756741,14623315296.605429,-0.006412556649864287,0.02647277048087359,-0.02132359574292131,-0.023445318098410217,-0.01805019117867601,0.06728149890760204,0.20111367756204324,2.0,8.0,2.0,1.0,1.0,63.0,126.0,0.5421550094517958,-0.039329287398935375,0.02714066721380215,0.1823283593962639,0.1823283593962639,0.7924528301886793,0.35160530576878785,0.6144489781212408,0,0,0,0,0,0
recent_month_non_top10_control,2026-02-28,ABBV,228.54373168945312,-0.05359691914337761,0.14751675841866563,1.1073219671978798,1.1245000945408978,0.2770351395553743,0.24660791395468196,0.11993260294433683,-0.04697686022089176,-0.10225175749253745,0.09002624369685441,-0.06258987744382338,0.10047526977590193,0.052651104036734786,-0.0924962366913058,0.4640280728346874,-0.035789281234419046,0.035789281234419046,0.006571889630610617,0.7696410079392475,2.0193176683235428,2.102156773705915,0.017680845451799376,0.051181965532983195,-0.05151647460438913,0.03457031771679464,0.05818764766537954,0.07295574272344507,0.07018973037319376,0.017680845451799376,0.11993260294433683,0.04430384008736166,-0.002283223638817833,0.02743636625303103,0.0034695035861873613,0.04548655743170704,0.02743636625303103,0.10808345499595354,0.2584598000971883,1.0400740783495954,0.9821421927909872,0.2107909758086437,0.2600349008957026,0.011476464355438276,-0.035789281234419046,0.035789281234419046,0.13329070900649498,1354760510.6519184,1.0408379787479372,0.0873015873015873,0.007936507936507936,0.0,0.02166940468614796,1.1877083055592588,0.045218606535961325,0.003850050660916038,0.03853077317223974,1.0981556515459059,-0.016130820641631627,0.05326773987075093,0.023883997053414152,0.022499553513191328,0.34854685713004296,0.2538442748157727,1.0589852324682043,0.01177586875947955,0.047436305323980354,-0.0033496402525362567,0.0033496402525362567,0.0842833219206569,0.12698412698412698,0.42857142857142855,1410086191.594466,21.066916668967778,0.07936507936507936,0.0,0.0,0.023348640716300686,0.04032253645006545,0.037129569012090746,0.15129556927437723,0.04067087224049604,0.6666666666666666,0.020212031740654373,-0.05151647460438913,0.10047526977590193,0.06411619033890625,0.04067087224049604,0.02876675246842253,0.2688173383765038,0.013183391259420104,-0.0033496402525362567,0.0033496402525362567,0.06895129761408247,1604350567.0163836,0.016178839592666527,0.024972915408980532,0.016459225948294076,-0.023445318098410217,-0.01805019117867601,0.06728149890760204,0.20111367756204324,1.0,3.0,1.0,1.0,0.0,63.0,126.0,0.595179584120983,-0.06286626604820633,-0.0818978461650216,-0.05409237191846461,-0.05409237191846461,0.2528301886792453,0.35160530576878785,0.6144489781212408,0,0,0,0,0,0
recent_month_non_top10_control,2026-02-28,ABNB,135.11000061035156,-0.2281893212506817,-0.027075643688638462,1.00899779037127,1.034657351310607,0.04736434581667881,0.020391185511422272,0.035087733654228126,0.032637883801276635,0.07766142338626025,-0.10373095106222363,0.2586160102762781,-0.06979239022100159,-0.03219376525337392,0.11979732555982636,0.12479964495162703,-0.052391647669877583,0.052391647669877583,0.00405592008009692,0.8435301198984356,1.5764183483328709,1.9754670567745842,0.11274915704048838,0.03899497244980476,0.04216770568105255,0.06670941165077182,0.058181780067280475,0.06772561745550476,0.0718541693834071,0.035087733654228126,0.11274915704048838,-0.07547023062006297,0.016805060011499506,0.1548850592140545,0.16009918539142132,0.1729352503927305,0.1548850592140545,0.47505758541178106,0.2811525118346956,1.6453331412022736,1.159634963993611,0.8536954103317453,0.9359418526255632,0.012900042057666984,-0.03541091207617564,0.03541091207617564,0.21131432222843993,615390508.1102523,1.0047421584228058,0.0873015873015873,0.007936507936507936,0.015873015873015872,0.026142682126982078,1.7782429640575188,0.04097954731934672,-0.054460118005464575,0.031173326842692584,1.4146972923303411,-0.04678754823461484,0.09125532775591592,-0.0044945520547086115,-0.07132606242323669,0.5990010088334441,0.3260342829381405,1.4188371274491327,0.014853355959093095,-0.035671103157948414,-0.03541091207617564,0.03541091207617564,0.1651431672738184,0.49206349206349204,0.15873015873015872,618308787.391602,20.242498548226266,0.1111111111111111,0.015873015873015872,0.031746031746031744,0.028594244845180757,0.05921966947802915,-0.015668579497655988,0.09591420530081415,0.04436890863267462,0.5,0.009097605104911513,-0.07547023062006297,0.16009918539142132,0.06781422673108484,0.04436890863267462,0.07905640351249899,0.4625895454538891,0.022554816076288627,-0.01357962030937343,0.01357962030937343,0.1651431672738184,748987810.0457327,0.05863179545123898,0.037736437861305615,0.03497670347486359,-0.023445318098410217,-0.01805019117867601,0.06728149890760204,0.20111367756204324,1.0,3.0,1.0,1.0,0.0,63.0,126.0,0.5552930056710774,-0.06535416913008418,0.03885722726876928,-0.013322500507929824,0.03885722726876928,0.5830188679245283,0.35160530576878785,0.6144489781212408,0,0,0,0,0,0
recent_month_non_top10_control,2026-02-28,ABT,114.80577850341795,-0.34223986797354733,-0.1411261904115041,0.9657324965883343,0.9622841082971313,-0.11673441697035647,-0.06918640441926394,-0.11458331617161288,0.06054166660904825,-0.008461606975028624,-0.024022446824359833,-0.06876746320234695,0.009648848838859525,-0.18186481507921493,0.021793406144906102,-0.5053772019222554,-0.15466294147724735,0.15466294147724735,-0.03373832993480064,1.3515024806443996,4.144339916031721,3.6669970780763412,-0.1230449231466415,0.03763496590875734,-0.07294536123304785,-0.04719813319908506,-0.040478315332781345,-0.05404164956256463,-0.09722329629360633,-0.1230449231466415,-0.05404164956256463,0.04271145227814088,-0.04721973342505603,-0.09278991002670678,-0.028006100227637276,-0.07473971884803077,-0.09278991002670678,-0.3492476445704625,0.22672830459265508,0.8239225484593521,1.171821676330996,-0.24516581676306515,-0.19647799391349896,0.009439338966328127,-0.1402475165556294,0.1402475165556294,0.09712395284236308,905090978.9455414,1.124680261350803,0.023809523809523808,0.0,0.007936507936507936,0.01937179875070223,1.5544996417202128,0.06599974939213327,-0.07547091940831785,-0.009704034052419708,0.7566533044495164,-0.12320489515603361,0.07133570443368752,-0.06665042837639379,-0.06568260226258904,0.17033589019450623,0.26568514195944976,0.7031125683210392,0.00990439632395603,-0.009368610012532752,-0.09278991002670678,0.09278991002670678,0.09712395284236308,0.9682539682539683,0.3333333333333333,1017937958.7467254,20.74104480994329,0.031746031746031744,0.0,0.015873015873015872,0.019119663259069653,0.033765804824666734,0.07070784082466264,0.3452841688671,0.06450134868134816,0.5,-0.017882451136395028,-0.12320489515603361,0.06450134868134816,0.08794666677975838,0.06450134868134816,0.03693203895524122,0.1868065625278486,0.00918865701315338,0.0,-0.0,0.09671039858108155,1156778462.675585,0.020730397762381614,0.0160046612952284,0.007813013606921437,-0.023445318098410217,-0.01805019117867601,0.06728149890760204,0.20111367756204324,1.0,3.0,1.0,1.0,0.0,63.0,126.0,0.39149338374291115,-0.11757627664812365,-0.21478655085190723,-0.2596731766448873,-0.11757627664812365,0.09056603773584905,0.35160530576878785,0.6144489781212408,0,0,0,0,0,0
recent_month_non_top10_control,2026-02-28,ACGL,100.1500015258789,-0.12318883009244663,0.0779248474695966,0.8777688803867145,0.8963077446237017,0.053766840920944414,0.16372303470833827,0.09417680390630334,0.06617546534141061,0.009647706403553613,0.026111651060013452,0.0402214353794359,-0.008740253829701006,0.026895304998701297,-0.02784371746685399,0.47168954447432454,-0.017944712402583662,0.017944712402583662,0.020039761787594257,0.9235705830676527,1.4758244206773616,1.6400534959830528,0.10382451030985695,0.03574832859155301,-0.04871603256699386,0.0731717941886929,-0.012859931161325,0.16035226924771395,0.11945119448795809,0.09417680390630334,0.16035226924771395,0.08817055759021808,0.02644460439715335,0.06633308643944935,0.021294719324870037,0.08438327761812536,0.06633308643944935,0.3421441722869545,0.19965845121977188,1.2630278097925545,0.9710315932484199,0.002752459164335308,0.045664924594462475,0.009376345788036696,-0.017944712402583662,0.017944712402583662,0.18212936830559356,199507485.92942858,1.0301522163229917,0.031746031746031744,0.0,0.0,0.018786021410387918,1.2715205263910743,-0.006824430272106552,0.02489873446862334,0.04191377026837406,1.377831759698875,0.0012510711934194951,0.046845177910857363,0.04409928521352979,0.05611755189741463,0.1909006466364187,0.19387466399344702,1.30070722577348,0.008804994053250852,0.07083006938498904,-0.017944712402583662,0.017944712402583662,0.10479867446320923,0.23809523809523808,0.4444444444444444,205523078.80322894,19.141068896072213,0.031746031746031744,0.0,0.0,0.018700892068359298,0.03518493939982226,0.064781503405549,0.16970284370307864,0.04279467483519239,0.6666666666666666,0.01600912275783419,-0.04871603256699386,0.08817055759021808,0.06623999293360261,0.04279467483519239,0.014593352849899155,0.25217417635068207,0.010824763078559708,-0.017944712402583662,0.017944712402583662,0.046280821653579496,193376795.79158965,0.012444553862936747,0.024983951391186133,0.007464201486869326,-0.023445318098410217,-0.01805019117867601,0.06728149890760204,0.20111367756204324,1.0,3.0,1.0,1.0,0.0,63.0,126.0,0.16871455576559544,-0.04153772939318867,-0.056814801345119736,-0.10793814301834992,-0.04153772939318867,0.2962264150943396,0.35160530576878785,0.6144489781212408,0,0,0,0,0,0
recent_month_non_top10_control,2026-02-28,ACN,204.5058441162109,-0.5962239825845274,-0.3951103050224841,0.924039766696961,0.9624989960888797,-0.3379084072942984,-0.21856981985790191,-0.1971380905028336,0.03168424822349203,0.043528993721778875,-0.03835054572465757,-0.12676944064067708,-0.05142894796746034,-0.26441958941043564,0.03201810413749895,-0.5465330775168133,-0.4092973480801684,0.4092973480801684,-0.01226094789715948,1.1644432483449922,4.308495681863828,3.4319569472540348,-0.15360909678105472,0.022505417406473893,0.0141930382025095,-0.1754069674376204,-0.25254838116323486,-0.16545384227934157,-0.17206700985440995,-0.1971380905028336,-0.15360909678105472,-0.0003998849038839847,-0.04636677549205337,-0.16511998636533465,0.07319992731666747,-0.14706979518665864,-0.16511998636533465,-0.38373329824321084,0.3607066042526381,1.6540873623391792,1.1929330302455643,0.4528115209146375,0.1501698584753901,0.016241026053105755,-0.2766340708852999,0.2766340708852999,0.08992172728566472,1192206669.5560274,1.0653035163236584,0.15873015873015872,0.007936507936507936,0.015873015873015872,0.02937336612247059,1.6036011743252856,-0.1903376842350697,-0.11565596606642803,-0.1824923658696228,1.3434952202994033,-0.017368407733047486,0.09578847410701308,-0.2220647873857723,-0.1841236145800179,0.5486712412598793,0.4302988224406872,1.3865718530726627,0.01899315794112671,-0.25115607618033076,-0.2766340708852999,0.2766340708852999,0.08992172728566472,0.47619047619047616,0.031746031746031744,1270061957.262554,20.962331522260417,0.2222222222222222,0.015873015873015872,0.031746031746031744,0.03270366100591884,-0.1425824913200241,-0.2782212380087269,-0.3491458635839027,-0.20831447030975847,0.3333333333333333,-0.031686457565828885,-0.20831447030975847,0.07319992731666747,-0.18486915221134825,-0.20831447030975847,-0.07669100385625738,0.5966402356065683,0.029528907599701344,-0.21766182571209303,0.21766182571209303,0.08992172728566472,1657094660.8765376,-0.007767849883618783,0.05085418909222295,0.0378812992623061,-0.023445318098410217,-0.01805019117867601,0.06728149890760204,0.20111367756204324,1.0,3.0,1.0,1.0,0.0,63.0,126.0,0.7215500945179585,-0.049971292658568256,-0.1365201031598966,-0.09612672864268912,-0.049971292658568256,0.269811320754717,0.35160530576878785,0.6144489781212408,0,0,0,0,0,0
recent_month_non_top10_control,2026-02-28,ADBE,262.4100036621094,-0.6027690836115881,-0.40165540604954486,0.9146566837629941,0.947037907827638,-0.3678238310313242,-0.2663759068717746,-0.2643397962380648,0.0354308765608764,0.008237751339721378,-0.10252314570427667,-0.0777786077718845,-0.011073765270124603,-0.33162129514566685,0.08403804276190363,-0.867596423544261,-0.4184690866476327,0.4184690866476327,-0.05468257615880334,1.0967250700437547,1.828875818444124,1.318824548012338,-0.25610204489834343,0.01854127656653554,-0.0352657758792525,-0.17920899439797422,-0.13724449015985518,-0.2289089196771884,-0.24978358693786554,-0.2643397962380648,-0.2289089196771884,-0.059298853458769285,-0.08122363715850811,-0.18030175347616118,0.09327456001037171,-0.16225156229748516,-0.18030175347616118,-0.5384539986559678,0.3046805969510539,1.329357139559835,1.0990224047625141,-0.10761421319796949,-0.20146306024642735,0.01401016767136293,-0.28588142991292453,0.28588142991292453,0.06376686984502444,1522537777.246251,1.0094308996587058,0.09523809523809523,0.007936507936507936,0.023809523809523808,0.02708491420278188,1.2823670960899147,-0.08625848584226947,-0.1605700933369486,-0.13300698017802415,1.0186103196762963,-0.16211889430431536,0.0870532584140435,-0.2502356896367711,-0.16236350562578972,0.18311493417083113,0.33485080234562553,1.209581473315909,0.015142857638741129,-0.13545493557766297,-0.26604759164812075,0.26604759164812075,0.06376686984502444,0.7142857142857143,0.06349206349206349,1536896678.2500494,21.15303107689465,0.1111111111111111,0.015873015873015872,0.031746031746031744,0.028934989942890905,-0.05070319364492104,-0.14735911405025603,-0.25965089674150743,-0.10516622792119568,0.16666666666666666,-0.04660815947054762,-0.16211889430431536,0.09327456001037171,-0.08172090982278546,-0.10516622792119568,-0.012343346324883986,0.40502932684223597,0.01872348895173146,-0.10556275378437519,0.10556275378437519,0.06376686984502444,1682601710.6999714,0.01452918681725146,0.035037854858196445,0.024150945418781156,-0.023445318098410217,-0.01805019117867601,0.06728149890760204,0.20111367756204324,2.0,8.0,2.0,1.0,1.0,63.0,126.0,0.6587901701323252,-0.07366335719405293,-0.06215463332562288,-0.012194703564547549,-0.012194703564547549,0.3905660377358491,0.35160530576878785,0.6144489781212408,0,0,0,0,0,0
recent_month_non_top10_control,2026-02-28,ADI,353.7106018066406,0.37089996635314604,0.5720136439151893,1.0635967533294393,1.0924950499191208,0.6828245065326317,0.5957738882190335,0.42636072276526993,0.09863237124779367,0.02682042410221741,0.06000309875388998,0.28561629088946083,-0.018456352919271057,0.3590792238576679,-0.08074133312191911,1.5185271594608067,-0.013885791728268426,0.013885791728268426,0.0732763967969583,0.9568909209666885,1.3591535699115727,2.1745227868193426,0.45318114686748734,0.05099777047385575,-0.04709001465482121,0.28316930027643505,-0.013885791728268426,0.5249930940130636,0.46817832121527364,0.42636072276526993,0.5249930940130636,0.13330196172132647,0.11550476335276683,0.3456193896433508,0.02569489504927369,0.36366958082202683,0.3456193896433508,1.3105944899544086,0.2807725368024768,0.9452500105889488,0.9392368757817434,0.38675776284728536,0.5870899983272853,0.013431411369773858,-0.013885791728268426,0.013885791728268426,0.5854645819578681,1007903999.5834714,1.2037820863751616,0.09523809523809523,0.015873015873015872,0.007936507936507936,0.024795647690442787,1.8235861821944523,0.01065137681147299,0.12770201909207612,0.15248992670107775,1.318788888256079,0.14631267187821173,0.08793111388307871,0.31190999988228296,0.1367032831521835,0.4893954168698196,0.2637119202716729,1.0064021494068796,0.013179067286056358,0.15224777984024862,-0.013885791728268426,0.013885791728268426,0.384330938823763,0.031746031746031744,0.9841269841269841,1213296779.4844613,20.91660710349881,0.06349206349206349,0.015873015873015872,0.0,0.024784370131306365,0.09101225652299427,0.15756795984243466,0.5443132606718389,0.1444608718603304,0.6666666666666666,0.06403733882250834,-0.04709001465482121,0.14631267187821173,0.16790618995874063,0.1444608718603304,0.05858063030058869,0.26540024338562723,0.013644968285614043,-0.013885791728268426,0.013885791728268426,0.1444608718603304,1586023290.688215,0.015530239434016657,0.028708738065676767,-0.0018123860573493467,-0.023445318098410217,-0.01805019117867601,0.06728149890760204,0.20111367756204324,1.0,3.0,1.0,1.0,0.0,63.0,126.0,0.6603024574669187,-0.10302104614435292,0.13415089001758274,0.16682822293539923,0.16682822293539923,0.7811320754716982,0.35160530576878785,0.6144489781212408,0,0,0,0,0,0
recent_month_non_top10_control,2026-02-28,ADM,68.5877914428711,0.31318802206364893,0.5143016996256922,0.9901221847281968,1.0053294906670756,0.4656788348181786,0.3058014581500139,0.11983652517973864,0.039036132864848305,0.0543609693871121,-0.022160643944003855,0.16737587612331795,-0.04629627438198991,0.052555026272136596,0.02537870699957545,0.470050221086524,0.0,-0.0,0.02633457735546174,1.0968949157505137,3.4052465344797334,4.044955432791327,0.17419749456685074,0.028029107716154467,0.013223917585666323,0.11962098856194903,0.03357752019915461,0.15887265804458695,0.15096889259705878,0.11983652517973864,0.17419749456685074,0.011925641120999586,0.06110242722273429,0.1452152321793141,-0.05350675500043023,0.1632654233579901,0.1452152321793141,0.6025305978661489,0.254944088533212,0.824365444894244,0.945340188259969,-0.06622405713010493,-0.03500513431526131,0.011881918748255903,0.0,-0.0,0.2526171027285362,214559530.99542043,0.9759054680820757,0.07142857142857142,0.0,0.007936507936507936,0.02671486414488073,1.4768882330736761,0.013483891987789098,0.09774211680687706,0.07945079135464694,1.0592464017590602,0.17081229719387214,0.08101729444972056,0.2099560543401815,0.07377002706151004,0.2565524950366205,0.24100889264975284,0.8720304659972237,0.011589042436389264,0.028486143511690543,0.0,-0.0,0.21037716294957853,0.0,0.6984126984126984,209389819.5275564,19.159708242647717,0.06349206349206349,0.0,0.0,0.0258148808469064,0.026415259467930552,0.013475691238404641,0.15907814121210678,0.033432991129429324,0.6666666666666666,0.021598636274591205,-0.05350675500043023,0.17081229719387214,0.05687830922783954,0.033432991129429324,0.020525779016516088,0.21016709696683883,0.01050309329831726,0.0,-0.0,0.06312661628271643,266427359.08555532,0.013148628435948106,0.026836294639185153,0.01643014512120522,-0.023445318098410217,-0.01805019117867601,0.06728149890760204,0.20111367756204324,1.0,3.0,1.0,1.0,0.0,63.0,126.0,0.28223062381852554,0.05286787819138716,0.07966394432709722,0.1631807512820722,0.1631807512820722,0.7735849056603774,0.35160530576878785,0.6144489781212408,0,0,0,0,0,0
recent_month_top_future_return,2026-02-28,ALAB,118.83000183105467,0.3971378929798939,0.5982515705419371,0.7999206144317836,0.8742642909313785,0.30985449991304215,-0.13091490130778316,-0.34780458934469205,-0.01565155757387937,-0.04530062016011516,-0.13518106496467241,-0.11067794177797485,0.0746432839259541,-0.4150860882522941,0.10194558260204478,-0.37426619768932895,-0.5282277293652567,0.5282277293652567,-0.09042295657851185,0.7674455047584892,1.1288498059615226,0.605452907163545,-0.3931052095048072,0.023007912963521986,-0.04657819322692136,-0.2654708134237843,0.0076102394693778885,-0.3634561469185714,-0.3681219819226902,-0.3931052095048072,-0.34780458934469205,-0.15593521798621246,-0.025669672717911762,-0.24585900674264727,0.05578468539413328,-0.22780881556397126,-0.24585900674264727,-0.2399162270017304,0.9292973597188112,1.3658244481889286,1.1027366188957568,0.20445202279734653,-0.04976071760545464,0.04295338683696388,-0.5282277293652567,0.5282277293652567,0.0,1014577297.390081,0.8283193523942839,0.5396825396825397,0.15079365079365079,0.11904761904761904,0.07285687860734394,1.0599431983637841,-0.1530951179206399,-0.0898229788978967,-0.24381265472437796,0.9158244530468248,-0.09461412259807755,0.11391539135058826,-0.2857056900992785,-0.17155301801098055,0.3025631094121015,1.0247702284050757,1.2385772130761552,0.04770107838400206,-0.2667851117572171,-0.36681407262507204,0.36681407262507204,0.0,0.20634920634920634,0.0,840394009.9280947,20.54938140045577,0.6031746031746031,0.1746031746031746,0.12698412698412698,0.0768180116300427,-0.21782486890583774,-0.2591706116106415,-0.16628697060197487,-0.21106091034858365,0.3333333333333333,-0.06296007913995127,-0.21106091034858365,0.0746432839259541,-0.18761559225017344,-0.21106091034858365,-0.16107760707811514,1.2692570535413736,0.0551234299165258,-0.36681407262507204,0.36681407262507204,0.0,854483257.9180037,-0.06666769416227347,0.10356329893396503,-0.05433794027547334,-0.023445318098410217,-0.01805019117867601,0.06728149890760204,0.20111367756204324,1.0,4.0,1.0,0.0,1.0,63.0,126.0,0.9057655954631381,-0.07767401510315752,0.6388117688497024,1.8852141784105925,1.8852141784105925,1.0,0.35160530576878785,0.6144489781212408,1,1,1,1,1,1
recent_month_top_future_return,2026-02-28,AMD,200.2100067138672,0.8037932470340823,1.0049069245961255,1.0583061096614073,1.1189279247723556,0.8080917605366496,0.1355567437253844,0.23107668144100457,-0.44937275152229106,0.006391734543084615,0.3375760453063017,-0.4171972109506886,-0.00516516984233617,0.16379518253340253,-0.3106978470853915,0.3397088380716738,-0.242575504542193,0.242575504542193,0.05216422767347262,0.8457252291840849,0.6782291778325651,0.5446066144751152,0.2374684159840892,0.26131015761594495,0.5830397783886911,-0.10948670875471989,-0.05196120751095723,-0.2182960700812865,0.08341634244793576,-0.2182960700812865,0.2374684159840892,-0.15067154878022626,-0.011542188911723206,-0.07962116564438693,-0.015492093670292695,-0.061570974465710915,-0.07962116564438693,-0.13385946230915055,0.6802198104491195,1.2303196796809461,0.8744403293216141,-0.21788803492882602,-0.3385432999453236,0.02728413857694929,-0.242575504542193,0.242575504542193,0.3246659224717421,10130114189.531466,0.7682648014176993,0.30952380952380953,0.0873015873015873,0.05555555555555555,0.04335345821070276,1.094098285426768,-0.14063458889290792,0.0005049211505507856,-0.084418575895292,0.7653334033616632,0.10538845573162892,0.27417820739083426,-0.06513819905537421,-0.07767387438184692,0.05618975553099448,0.594811635060214,1.40697957130525,0.024099521380323764,-0.1623825258886601,-0.22901258333045404,0.22901258333045404,0.04005198292918011,0.38095238095238093,0.23809523809523808,7782610166.159009,22.775157615934297,0.2857142857142857,0.07936507936507936,0.047619047619047616,0.04040581124009688,-0.10054356976789325,-0.19243947543679785,-0.1843359753026633,-0.15426853239039462,0.3333333333333333,0.06047181490617839,-0.15426853239039462,0.5830397783886911,-0.1308232142919844,-0.15426853239039462,-0.0499126546781371,0.8368878193043946,0.035363104008969415,-0.2060829069367529,0.2060829069367529,0.04005198292918011,9012975115.781948,-0.018207817983581842,0.0464761945118989,-0.023546824310208825,-0.023445318098410217,-0.01805019117867601,0.06728149890760204,0.20111367756204324,2.0,8.0,2.0,1.0,1.0,63.0,126.0,0.9530245746691871,0.016083042075494047,0.770590771424323,1.5777931086308223,1.5777931086308223,0.9924528301886792,0.35160530576878785,0.6144489781212408,1,1,1,1,1,1
recent_month_top_future_return,2026-02-28,ARM,127.4499969482422,-0.23331054455694356,-0.03219686699490032,1.319137807813755,1.3333248678860437,0.02336595480426129,-0.09849692697971912,-0.07851927410924009,-0.1709802462569564,-0.020710409966220533,-0.019882872160669307,-0.039943040766528326,0.02299188772108196,-0.14580077301684213,0.018693361182042456,-0.16181777482433346,-0.2864740766305257,0.2864740766305257,-0.03869806144448562,0.7056769415029667,0.9963440446411391,0.8769109396537089,-0.09922968407546062,0.09331326217809104,0.20022616956095485,-0.04908535044560569,0.1390483230209255,-0.2494995203661965,-0.14241615951696573,-0.2494995203661965,-0.07851927410924009,-0.20174307082802156,-0.05288581982801399,-0.05982591292719763,-0.19364119557949844,-0.04177572174852162,-0.05982591292719763,-0.13550466196933597,0.4852326896379538,1.0768510152902668,0.9098819427611208,-0.37130102813743515,-0.23948669721842797,0.022059033379779505,-0.2864740766305257,0.2864740766305257,0.2190338902730371,710052398.8165659,0.9365264018224648,0.23015873015873015,0.047619047619047616,0.023809523809523808,0.04171801122381254,0.965964930429835,0.27755630152516564,0.04693314479261046,0.09988071180798364,0.896718263380473,-0.03613573356933686,0.18115186650423853,0.16595004843838557,0.08434768754867106,-0.1893686842379414,0.4415044623389854,1.1835063041502538,0.019474892819335853,0.14434121370608755,-0.10202209874424872,0.10202209874424872,0.2190338902730371,0.8571428571428571,0.2698412698412698,664982818.1690882,20.31527176245042,0.1746031746031746,0.047619047619047616,0.015873015873015872,0.041024318834251935,0.0795083770467564,0.1139969368811602,0.40124922481315567,0.20966207488537458,0.5,0.0002266886984257551,-0.20174307082802156,0.20966207488537458,0.2331073929837848,0.20966207488537458,0.05042360944353841,0.5225233144886575,0.022281178852194706,-0.032564204995000345,0.032564204995000345,0.2190338902730371,793347843.728892,0.001737006663536711,0.04595918214393764,-0.004872199509293851,-0.023445318098410217,-0.01805019117867601,0.06728149890760204,0.20111367756204324,1.0,4.0,1.0,0.0,1.0,63.0,126.0,0.8135160680529301,0.1869753032691881,0.6502158678719332,1.7719891487199795,1.7719891487199795,0.9962264150943396,0.35160530576878785,0.6144489781212408,1,1,1,1,1,1
recent_month_top_future_return,2026-02-28,DDOG,111.95999908447266,-0.2404959499524335,-0.03938227239039027,1.3466001037611708,1.3383392905984721,-0.05022054892161654,-0.20017143519282077,-0.18086036666644334,-0.13146688127065387,-0.0329036510071784,0.17069068686882227,-0.4709844002112753,0.04184958682483653,-0.24814186557404538,-0.11943334667600969,-0.2907761055804799,-0.4394151892641447,0.4394151892641447,-0.030374802768510123,0.8319312452360472,1.0040859258060602,0.4022715212884105,-0.21376401767362174,0.06841162362323779,0.1433286835457741,-0.22681214139475214,-0.10146532123772267,-0.3123272479370972,-0.23565054409238742,-0.3123272479370972,-0.18086036666644334,-0.017197979815398723,-0.11838222596294357,-0.30029371334245303,-0.1501155542671161,-0.282243522163777,-0.30029371334245303,-0.49841868356906005,0.6219918459441142,1.4373316464999537,0.9686507860644568,-0.07211223285695556,-0.19667253575562516,0.02461248530060738,-0.4394151892641447,0.4394151892641447,0.09106857102028543,716576994.8714181,0.9726238082014893,0.25396825396825395,0.07936507936507936,0.05555555555555555,0.03920427141223581,1.3087032903166154,0.052199744829960926,-0.0889179578060394,-0.11829815767513707,1.3455676816986148,-0.04904770865150532,0.11044488294151299,-0.17670420941264942,-0.0944728180459391,0.24922877772827756,0.6024928904994487,1.483849150982168,0.026253601032032257,-0.09999297724118128,-0.30029371334245303,0.30029371334245303,0.09106857102028543,0.9682539682539683,0.06349206349206349,696959845.6214178,20.362238358200806,0.2698412698412698,0.09523809523809523,0.07936507936507936,0.04258332324303012,-0.07882306019013419,-0.19355340463375315,-0.15015594355342823,-0.13424069947833162,0.3333333333333333,-0.02757061197362352,-0.1501155542671161,0.1433286835457741,-0.1107953813799214,-0.13424069947833162,-0.05154614228879628,0.8940085640403992,0.04195986152682458,-0.13657746074306665,0.13657746074306665,0.09106857102028543,882406339.978972,-0.02778320757265884,0.0782971049527623,0.025659812384507763,-0.023445318098410217,-0.01805019117867601,0.06728149890760204,0.20111367756204324,2.0,7.0,2.0,1.0,1.0,63.0,126.0,0.8510396975425332,0.05439446246056412,0.18068956343658304,1.2092712408553394,1.2092712408553394,0.9830188679245283,0.35160530576878785,0.6144489781212408,1,1,1,1,1,1
recent_month_top_future_return,2026-02-28,DELL,147.37969970703125,0.26666537165480597,0.4677790492168492,1.0338125159350255,1.086485122096799,0.3468848147552912,0.1248605668816618,0.22192187977082134,-0.3039054282957345,-0.1691056626961398,0.09558035677292742,0.01973890960205371,0.16062220542727856,0.1546403808632193,-0.1066026133958402,0.38954045918063057,-0.09796322809062319,0.09796322809062319,-0.015880917456122523,1.3781025653769856,4.964365891030895,5.652172189976538,0.05281621707468154,0.15227508622512753,0.14683807178291408,0.12160445721774282,0.1912299920710746,-0.08198354852491319,0.06425151610686324,-0.08198354852491319,0.22192187977082134,-0.1769025433777086,-0.03325114251240191,0.11531926637498113,-0.056018122380921076,0.13336945755365714,0.11531926637498113,0.1806750694569097,0.569701746097485,1.6520540283535967,1.1203561177710712,2.1184476510754844,3.0351252600082645,0.024600755408072505,-0.09796322809062319,0.09796322809062319,0.33321333688721566,992211061.5879362,0.9204439080677783,0.2698412698412698,0.03968253968253968,0.05555555555555555,0.03871264506175008,3.008483817238446,0.29053348724414263,-0.022311805339262247,0.2205327646148132,1.2562227590945274,-0.08690285529748554,0.18029894574643618,0.1815049555697521,0.013030276355765924,1.1305753564154788,0.6382688365451789,1.474579378957049,0.025277142727006176,0.0528871686911665,0.0,-0.0,0.33321333688721566,0.0,0.42857142857142855,913274627.156079,20.632547190870987,0.2857142857142857,0.031746031746031744,0.06349206349206349,0.038456586375087976,0.24116301599674306,0.08857727971663087,0.31232472656883714,0.29395318167891604,0.5,0.04693165630549891,-0.1769025433777086,0.29395318167891604,0.31739849977732626,0.29395318167891604,0.22544744811927697,0.9411780646004281,0.038105058638785834,0.0,-0.0,0.3125333061912434,1144867769.5920672,0.21017970054859791,0.05061936597123244,0.1716488157998437,-0.023445318098410217,-0.01805019117867601,0.06728149890760204,0.20111367756204324,2.0,7.0,2.0,1.0,1.0,63.0,126.0,0.8569943289224953,0.10838731933859247,0.41542753892976636,1.8512448290014079,1.8512448290014079,0.9981132075471698,0.35160530576878785,0.6144489781212408,1,1,1,1,1,1
recent_month_top_future_return,2026-02-28,FLEX,63.02000045776367,0.4621220435496536,0.6632357211116968,1.0614680966434362,1.0733949495790192,0.48983455305950896,0.26368561875928487,0.175307752949045,-0.1673103121886632,-0.08819374344895525,0.1023872023093646,-0.03623934565163056,0.08112648965816494,0.10802625404144295,-0.10915989629131095,0.3936863273374547,-0.12569368955520255,0.12569368955520255,0.022715192574461973,0.8958763074788705,1.1334789790589865,1.2746040407480694,0.08711400950008974,0.08369618509561136,0.07848885874157241,0.004533319528438717,-0.01994485407669344,0.00799744076038178,0.09013973440317218,0.00799744076038178,0.175307752949045,-0.054542543545177735,0.018223354339262476,0.06614785665773404,0.022162029184014997,0.08419804783641005,0.06614785665773404,0.1357427874114564,0.44529804764791103,1.3052257148154982,1.0943297920351085,0.05551894129122403,0.05518406087089622,0.021542422629956665,-0.12569368955520255,0.12569368955520255,0.175307752949045,273322182.5301307,1.098430112646803,0.2619047619047619,0.047619047619047616,0.031746031746031744,0.04030042411236097,1.2232309705539404,-0.0002774758220810414,0.01171811317188376,-0.011150047486159331,1.028660994662115,0.043363171565415026,0.05148966847571761,0.04303214775922837,0.008478448033374608,0.22376062106485728,0.4873029198761783,1.1927169709856749,0.02374589297068339,-0.006908976291223223,-0.12569368955520255,0.12569368955520255,0.11441204788669479,0.8412698412698413,0.9523809523809523,300225315.7454415,19.520043806537334,0.30158730158730157,0.06349206349206349,0.015873015873015872,0.04526674398574585,-0.02111442200708491,-0.01081515373836095,-0.0005458675937453299,-0.00031726614012062004,0.6666666666666666,0.028380123243978168,-0.054542543545177735,0.08112648965816494,0.023128051958289597,-0.00031726614012062004,-0.015204772534269995,0.5812144625471904,0.027471416222679353,-0.0461631489503318,0.0461631489503318,0.07122214000165483,280134856.01067317,-0.023536136873129276,0.04783061685826555,-0.015681597228974886,-0.023445318098410217,-0.01805019117867601,0.06728149890760204,0.20111367756204324,1.0,3.0,1.0,1.0,0.0,63.0,126.0,0.6886578449905483,0.03871784527111011,0.45271346218277286,1.3925737493504209,1.3925737493504209,0.9867924528301887,0.35160530576878785,0.6144489781212408,1,1,1,1,1,1
recent_month_top_future_return,2026-02-28,INTC,45.61000061035156,0.7209259975408435,0.9220396751028868,1.2262307817190958,1.2745703299907958,1.332992449630872,1.3035354731216997,0.8731006117380036,-0.732565510562678,-0.5136370752986614,0.6657084491939904,-0.5412015688666638,0.37782335570688486,0.8058191128304015,-0.748593731410677,1.2443752896842413,-0.16034608124827687,0.16034608124827687,0.0984325547923357,0.9574526831353914,-0.17194557382867348,-0.06884710048484699,0.35946353643934215,0.37603300656424443,0.19195238711935314,0.10839205418891962,-0.136989533342732,0.14053510117532553,0.45769974978422373,0.14053510117532553,0.8731006117380036,0.014253555161292786,0.09146964886566633,0.1245068803273266,-0.09023667957324677,0.1425570715060026,0.1245068803273266,0.16594148890340468,0.701637696421593,0.6878642153378971,1.0693637425310154,-0.30971866540318016,-0.32249340939873394,0.029742606326920287,-0.16034608124827687,0.16034608124827687,0.9004166920979817,4179807799.027587,1.0950366941622272,0.35714285714285715,0.11904761904761904,0.047619047619047616,0.04771618699832876,0.8703545121953227,-0.015832117363459908,0.12654272380143738,0.03149439804910115,1.0314313812187046,0.2593495745010346,0.18198817329462283,0.2360433258617649,0.04908215366035029,-0.03169767101215759,0.7503059129462352,0.6432462481941186,0.03260548168490815,-0.055130870027844336,-0.16034608124827687,0.16034608124827687,0.265187283650842,0.3968253968253968,0.7619047619047619,4577042914.480663,22.244318974907948,0.4126984126984127,0.15873015873015872,0.06349206349206349,0.05121167304336258,-0.036611975149273945,-0.02937038827386862,-0.0383451503309856,-0.018506576022391363,0.6666666666666666,0.12243926948215454,-0.09023667957324677,0.37782335570688486,0.004938742076018854,-0.018506576022391363,-0.02849961054304051,0.4826314635005287,0.02334753591733088,-0.09843841722110724,0.09843841722110724,0.045381606549703024,4415788149.08311,0.002726125602383611,0.051915302514438294,0.0015371202795151362,-0.023445318098410217,-0.01805019117867601,0.06728149890760204,0.20111367756204324,1.0,3.0,1.0,1.0,0.0,63.0,126.0,0.959640831758034,-0.03244901386606058,1.0714755994870693,1.5143608588145518,1.5143608588145518,0.9905660377358491,0.35160530576878785,0.6144489781212408,1,1,1,1,1,1
recent_month_top_future_return,2026-02-28,MRVL,81.62899017333984,-0.3084663031743824,-0.10735262561233916,1.0436320678299378,1.086229656919594,0.3601904395651545,0.017828812614626433,0.301143734197481,-0.4290637191021387,-0.3281104949485899,0.4229234740654144,-0.50850765486468,0.3372037888467887,0.23386223528987893,-0.3867279149967465,0.5427875234582059,-0.184143945060953,0.184143945060953,0.010661696402351595,0.5033660918536683,0.8026451635871694,0.6483672539898033,-0.02696676075110893,0.22433001189176785,0.1157614237295781,-0.039291036666162404,-0.13784574765837887,-0.12791998490465772,0.04875232951390477,-0.12791998490465772,0.301143734197481,-0.046298197402574126,-0.0419291002548412,-0.08558418079926555,-0.04944068573184757,-0.06753398962058954,-0.08558418079926555,-0.18833025628477493,0.5548096099903607,0.8014096841133108,0.8190858541837857,0.609820846646637,0.6663236360904394,0.02519822218818378,-0.184143945060953,0.184143945060953,0.31283748805022205,1518785246.3609846,0.8746270322467355,0.3492063492063492,0.07936507936507936,0.047619047619047616,0.04293162121206668,1.2228414106225358,0.02766457961121449,-0.050038485366106,-0.00324388961401445,0.7769410843478529,-0.07064272842962949,0.1553516868446241,-0.03802339793518861,-0.05578815114336444,0.51640782344588,0.4544367033083275,0.9784196369889833,0.021266001201439313,-0.02716744305352814,-0.184143945060953,0.184143945060953,0.10796149127638666,0.9206349206349206,0.25396825396825395,1328370632.644835,21.007218940661865,0.2857142857142857,0.06349206349206349,0.031746031746031744,0.04076920794280009,0.023115798374237384,-0.03296490244529715,0.07893939263526974,0.03509880590843473,0.5,0.05361373448679172,-0.07064272842962949,0.3372037888467887,0.058544124006844944,0.03509880590843473,0.034607204992865404,0.4446297942854041,0.01997092012767764,-0.008014580021469153,0.008014580021469153,0.10796149127638666,1041045481.4572653,0.028996796035043237,0.039321129077826235,0.026050010381069244,-0.023445318098410217,-0.01805019117867601,0.06728149890760204,0.20111367756204324,2.0,7.0,2.0,1.0,1.0,63.0,126.0,0.9064272211720226,0.2125107542333473,1.0226792936904605,1.5107432045629259,1.5107432045629259,0.9886792452830189,0.35160530576878785,0.6144489781212408,1,1,1,1,1,1
recent_month_top_future_return,2026-02-28,MU,412.1334533691406,3.217571912259083,3.418685589821126,1.1973823163774515,1.2325768285012766,3.374163818800226,2.7822514970479144,2.468573380190412,-1.6249992340427302,-1.0014748138153808,0.9883042655450796,-0.24381603992658873,0.40593222640750537,2.40129188128281,-1.7240851545719214,3.8204554021598622,-0.05808586806119098,0.05808586806119098,0.22031402674976786,1.3892803929103565,1.2187042672303652,2.870503470312874,1.4670985663750313,0.8197923533804016,0.3382149947862205,0.41075314618353587,0.008317529517421596,0.843574146147682,1.593082030904375,0.843574146147682,2.468573380190412,0.056799420640435416,0.25536538905639516,0.7444882256184908,0.20739718483900438,0.7625384167971668,0.7444882256184908,1.1172686879982678,0.646146367470963,1.0298966640274227,1.031262673680243,-0.4384109880073457,-0.44180854848125173,0.03269903264519924,-0.05808586806119098,0.05808586806119098,2.48408948458018,8136724222.4314,1.378613569810906,0.42857142857142855,0.18253968253968253,0.047619047619047616,0.04974670679837564,1.1729156802735476,-0.010103963076135147,0.24908971751128028,0.14081369523864473,1.3236597484769999,0.45362808188767456,0.18864800369217746,0.44483376930442553,0.15864926737484142,-0.11608051775516037,0.6663466305068821,0.9986754008579157,0.03333491577320614,0.09300073876491655,-0.05808586806119098,0.05808586806119098,0.8292682893791876,0.2857142857142857,0.7619047619047619,11217398426.853022,23.14073184097984,0.42857142857142855,0.19047619047619047,0.031746031746031744,0.052554594132418725,0.021974211536468946,0.03153300301838824,-0.009091259097989596,-0.006049905538305755,0.8333333333333334,0.24265366717042244,-0.006049905538305755,0.45362808188767456,0.017395412560104462,-0.006049905538305755,0.007749287759917678,0.665463988331782,0.031243943732633898,-0.05808586806119098,0.05808586806119098,0.10480912395980257,14916587903.330194,-0.012008191044621808,0.056864695347788985,-0.016250699689418835,-0.023445318098410217,-0.01805019117867601,0.06728149890760204,0.20111367756204324,2.0,7.0,2.0,1.0,1.0,63.0,126.0,0.9706049149338374,-0.1803915633187605,0.2546432232299223,1.3556707179949274,1.3556707179949274,0.9849056603773585,0.35160530576878785,0.6144489781212408,1,1,1,1,1,1
recent_month_top_future_return,2026-02-28,SNDK,635.3599853515625,12.360465960535949,12.561579638097992,1.0967315278139518,1.234264125210366,15.85752211466825,13.803355369462157,11.109014114161447,-8.92153616545771,-6.446268992656196,3.255383906703573,-1.4098088940505593,1.1383646719636702,11.041732615253844,-9.263439101508434,9.700688892785697,-0.08648333391252272,0.08648333391252272,0.49779396432868395,2.220403855156368,0.3621245558256967,2.876027600178687,4.6627451215052504,4.605705502489989,0.7765597794356938,0.9421903169672643,0.12482011375446722,2.1874779487037377,5.986412394790146,2.1874779487037377,11.109014114161447,0.12015249449774945,0.5630263784540901,1.8455750126530135,0.06314943649499427,1.8636252038316896,1.8455750126530135,1.7001955865597023,1.1451778566389348,0.9113222436742024,0.9478942205008329,-0.5551608639673997,-0.5095306083236882,0.05564661872934277,-0.08648333391252272,0.08648333391252272,11.489876129195784,4599781519.703769,1.6383259325331085,0.6031746031746031,0.2698412698412698,0.14285714285714285,0.08671196700630114,1.1497047578656692,-0.08648333391252272,0.6886132064113653,0.3902953796808204,1.5785506069269208,1.427542287247309,0.5952468422561361,1.6765522465349219,0.5763200945441647,-0.1373342366714202,1.0855074717535778,0.9614176602877617,0.04991941448278232,0.3658531577220465,-0.08648333391252272,0.08648333391252272,2.2686488804988314,0.2698412698412698,0.9206349206349206,7535941347.7172365,22.742949591376657,0.5396825396825397,0.25396825396825395,0.12698412698412698,0.08747378551909599,0.112238573549861,0.31236444879034364,0.09828901906180977,0.10257698108731028,1.0,0.6047242751211211,0.06314943649499427,1.427542287247309,0.1260222991857205,0.10257698108731028,0.027788730053411426,1.0436260537182083,0.05001667566853306,-0.08648333391252272,0.08648333391252272,0.17811978441110243,14379660529.2495,0.006389691262905117,0.08091868265217489,-0.014838849888816785,-0.023445318098410217,-0.01805019117867601,0.06728149890760204,0.20111367756204324,1.0,3.0,1.0,1.0,0.0,63.0,126.0,0.9902646502835539,-3.141289434949179e-05,0.7258090453381247,1.6677474495515643,1.6677474495515643,0.9943396226415094,0.35160530576878785,0.6144489781212408,1,1,1,1,1,1
recent_month_non_top10_control,2026-03-31,A,113.76119232177734,-0.2523894730250219,-0.015560655930790701,0.9515017618352187,0.9505565915228518,-0.026221712106345052,-0.08742583567368967,-0.10834236996194735,-0.14609237344570158,-0.10972086478971865,0.06014800735910675,-0.2190790020423623,0.1403193578637687,-0.07216859273891663,-0.050588624721308206,-0.38992531169904776,-0.27198311259797847,0.27198311259797847,-0.043251133406125186,1.2791811814339724,1.5993684210526316,1.1862482123464932,-0.218063234751666,0.07605320110632457,0.04878380307341712,-0.14520468094087324,-0.0963952639048995,-0.25443474340764893,-0.1936134493737541,-0.25443474340764893,-0.10834236996194735,-0.11355043179652902,-0.08580983961315536,-0.15893099468325556,-0.014556997939703664,-0.0996739079665514,-0.15893099468325556,-0.5870742484837552,0.2778541600437783,0.8898690971878885,0.9743133812176487,-0.43017352778290563,-0.4636923363887533,0.012954495744368444,-0.27198311259797847,0.27198311259797847,0.03628522060829775,279779652.349684,1.0216499208327197,0.07936507936507936,0.007936507936507936,0.0,0.025274875946926907,1.177792969681553,-0.018508083101340667,-0.10009968616317044,-0.07020135195599464,0.8836724551510733,-0.0931640317784711,0.0958485819760977,-0.1465066943919685,-0.10161635052938756,-0.13968180234583671,0.2707170261576433,0.9133294423974493,0.013547657675754023,-0.08928664578166046,-0.23081005888613626,0.23081005888613626,0.03628522060829775,0.873015873015873,0.031746031746031744,285836859.6736605,19.470931788809366,0.09523809523809523,0.0,0.0,0.026263664458668762,-0.021277478925286863,-0.07658600916309932,-0.237904646253011,-0.0588228350912372,0.3333333333333333,-0.01516518927812586,-0.11355043179652902,0.1403193578637687,-0.010440244059502723,-0.0588228350912372,0.0053468828589251505,0.24725383054805605,0.012280193392049797,-0.05226410565995909,0.05226410565995909,0.03628522060829775,262587710.41074482,0.01662402343981051,0.027243904720894104,0.014655511315667225,-0.04838259103173448,-0.059257086716704155,-0.03617377722303072,0.2368288170942312,1.0,3.0,1.0,1.0,0.0,63.0,126.0,0.39896030245746694,0.0137743465236555,0.18906824380300935,0.1676213928502137,0.18906824380300935,0.6962264150943396,0.4766177326289938,0.8917236858277389,0,0,0,0,0,0
recent_month_non_top10_control,2026-03-31,AAPL,253.55638122558597,-0.0893201301929556,0.1475086869012756,1.0272452164359305,1.0358439035352882,0.24073844267196165,0.09534640931991656,-0.0013992489943873698,-0.08761827565252545,-0.05813497426015235,0.06870171940442371,-0.1342962320041392,0.06181508747860254,0.03477452822864335,-0.06419526360532812,-0.00656198222101741,-0.1123817542321266,0.1123817542321266,-0.0037135171182076654,1.1897599010938,0.8172062314974939,0.6980074744492502,-0.05953422325453972,0.04458307324823331,0.03236429041178379,-0.044449429734922274,-0.036554667981507305,-0.08901752464691282,-0.04998366563194664,-0.08901752464691282,-0.0013992489943873698,-0.025067288626873463,-0.01908273364451174,-0.0655945125997155,-0.045537972790174464,-0.006337425883011338,-0.0655945125997155,-0.26681457083334864,0.21323571860736032,0.9070571997422844,1.1529169188998818,-0.31462624280571816,-0.3415815042781002,0.009353680671472525,-0.1123817542321266,0.1123817542321266,0.036709413408525515,12284171245.76783,1.0015606888426478,0.05555555555555555,0.0,0.0,0.01977035160229789,0.8551290889221771,-0.010583144930827126,-0.020542136447247117,-0.023699847276803965,0.9947536542938549,0.019065677185734042,0.04354100269254906,-0.0210134497106943,-0.05547950192146922,-0.3060226297526212,0.24584306769620004,0.7867498384946959,0.011020737985816638,-0.0611142542753913,-0.08662633629178573,0.08662633629178573,0.02970191195810523,0.5714285714285714,0.7777777777777778,12303343014.772276,23.233136852296784,0.07936507936507936,0.0,0.0,0.02147288057028121,-0.017223192960405975,-0.06934331516093162,-0.20333935827056265,-0.039329287398935375,0.5,0.0005517510433561782,-0.045537972790174464,0.06181508747860254,0.009053303632799103,-0.039329287398935375,-0.0007225532245714872,0.19341699380502597,0.009376391885724885,-0.03776310555028273,0.03776310555028273,0.029031290418426448,10369917092.749023,0.013234800933169755,0.02173337061130627,0.01133307773297898,-0.04838259103173448,-0.059257086716704155,-0.03617377722303072,0.2368288170942312,2.0,8.0,2.0,1.0,1.0,63.0,126.0,0.47202268431001887,0.06919119500662885,0.23073217897426046,0.1412056914241986,0.23073217897426046,0.7452830188679245,0.4766177326289938,0.8917236858277389,0,0,0,0,0,0
recent_month_non_top10_control,2026-03-31,ABBV,214.1760406494141,-0.16396720201884296,0.07286161507538824,0.9262972361184887,0.9440909282747725,0.19991193160106513,0.04952662197157798,-0.04629694933053696,0.009142227635102529,0.05179997087397914,-0.006058451562351408,-0.03442531514549518,-0.05151647460438913,-0.01012317210750624,0.0058131826226903716,-0.17219681097715644,-0.09640560880686821,0.09640560880686821,-0.005954629567231917,1.0209737327906407,1.599924927273296,1.494670173059649,0.005503021543442177,0.0276480872361635,0.04430384008736166,-0.024989269613205356,-0.04620432728155155,-0.037154721695434434,-0.025982883160843073,-0.04629694933053696,0.005503021543442177,0.0034695035861873613,-0.008889156618441807,-0.04048376670784659,-0.016130820641631627,0.018773320008857564,-0.04048376670784659,-0.146499424945415,0.2688606662795788,0.9629725734724743,1.0278215591418838,0.036617153689776805,-0.02855109608421902,0.012132920678287933,-0.09640560880686821,0.09640560880686821,0.061289232567833585,1444411640.050991,1.0884088448012355,0.0873015873015873,0.007936507936507936,0.007936507936507936,0.023289987558555075,1.2584015059374511,-0.07582393418850053,-0.01028638821017458,-0.019115266134092535,1.0158702103977344,0.04067087224049604,0.045167098314411736,-0.02475221968239394,-0.03712751677447679,0.08640205646566734,0.27634078920740235,0.9369063772863929,0.012892401827052622,-0.08682286042253728,-0.07917357444103679,0.07917357444103679,0.061289232567833585,0.30158730158730157,0.09523809523809523,1572110404.565357,21.17568476103517,0.09523809523809523,0.0,0.015873015873015872,0.025638677824197556,-0.017769767217810872,-0.07683251911467515,-0.2428155398180351,-0.06286626604820633,0.5,-0.007011557563363672,-0.06286626604820633,0.04430384008736166,-0.014483675016471853,-0.06286626604820633,-0.0012238355788770638,0.2589054477127701,0.011899941279365656,-0.07917357444103679,0.07917357444103679,0.061289232567833585,1614588924.726795,0.04157888358997508,0.026070146842729996,0.027534494105270202,-0.04838259103173448,-0.059257086716704155,-0.03617377722303072,0.2368288170942312,1.0,3.0,1.0,1.0,0.0,63.0,126.0,0.5878071833648393,-0.020308286242734175,0.00936247817346536,0.16661747258400572,0.16661747258400572,0.6415094339622641,0.4766177326289938,0.8917236858277389,0,0,0,0,0,0
recent_month_non_top10_control,2026-03-31,ABNB,126.27999877929688,-0.17973857980064434,0.057090237293586865,0.995263592377518,1.013769460903049,-0.045791126842117724,-0.03255956515548586,0.04002636043190577,0.03938214529646622,-0.042081063564111676,0.1177730461819031,-0.18732802965154838,0.04216770568105255,0.0762001376549365,-0.10958134390155105,0.13041947681574265,-0.11170515246015766,0.11170515246015766,0.009681388419669146,1.004116255715489,0.6654631872400714,0.5496219227822854,-0.002054703132205904,0.0407390551287519,-0.07547023062006297,-0.01356967315351354,-0.0894694814007595,0.07940850572837199,0.03912672100935729,-0.002054703132205904,0.07940850572837199,0.16009918539142132,-0.01768784163692938,-0.06955498346964528,-0.04678754823461484,-0.010297896752941127,-0.06955498346964528,-0.190038149131987,0.306904776872056,1.178274898084224,1.1925698118580148,-0.4392244364084019,-0.47587345743538545,0.014017765509706855,-0.09845083046938286,0.09845083046938286,0.13214988114382908,594905680.7234325,0.99170749134941,0.1111111111111111,0.007936507936507936,0.023809523809523808,0.028184257267668107,1.0011355103386386,-0.06303991839320722,0.019999503167260846,-0.01905113799529612,1.1026854093085412,0.04436890863267462,0.09050284700016059,-0.023884953656306496,0.03938615416228508,-0.1989830309779902,0.3660053720126338,0.9880133526510122,0.01706665316342165,-2.3293645829092213e-05,-0.09845083046938286,0.09845083046938286,0.08899620365904348,0.8412698412698413,0.5079365079365079,589972420.2197484,20.195586350076177,0.15873015873015872,0.015873015873015872,0.047619047619047616,0.03234573445245473,-0.029583318490381427,-0.042080192114095416,-0.18072699352426727,-0.06535416913008418,0.5,0.009837308620064414,-0.07547023062006297,0.16009918539142132,-0.016971578098349704,-0.06535416913008418,-0.03118647378146233,0.36161819469048323,0.01676818778393639,-0.07044539487857326,0.07044539487857326,0.027752876670377402,490170643.24533373,-0.019679389996218766,0.034489660684064526,-0.00585716281852644,-0.04838259103173448,-0.059257086716704155,-0.03617377722303072,0.2368288170942312,1.0,3.0,1.0,1.0,0.0,63.0,126.0,0.5602079395085067,0.11149827341749274,0.0556699306877837,0.13319613150785314,0.13319613150785314,0.5811320754716981,0.4766177326289938,0.8917236858277389,0,0,0,0,0,0
recent_month_non_top10_control,2026-03-31,ABT,101.30734252929688,-0.44831421118241266,-0.21148539408818146,0.8575858812774386,0.8721598421970703,-0.23451076228882195,-0.2186873131382836,-0.22615403587072846,0.026697741327352587,0.06089012559952922,-0.06042162174258758,-0.11596857407643102,-0.07294536123304785,-0.18998025864769774,0.04976384005170986,-0.9684461769652326,-0.2459864285511485,0.2459864285511485,-0.03404323190029501,1.6751723857175256,2.9409901491875456,2.245838125051531,-0.16526391027119924,0.03052183898381853,0.04271145227814088,-0.12828316211323743,-0.12748024167164262,-0.19945629454337588,-0.19695808022843453,-0.22615403587072846,-0.16526391027119924,-0.028006100227637276,-0.05995927807452084,-0.1763901958190186,-0.12320489515603361,-0.11713310910231445,-0.1763901958190186,-0.636633745416691,0.23352256557965373,0.8834382064148173,1.1864677389763567,-0.059788563699152864,-0.17033512364139103,0.010078118951909186,-0.22989130775196365,0.22989130775196365,0.007754175956013354,1013332575.4848299,1.2128097975797076,0.023809523809523808,0.0,0.007936507936507936,0.019943740927062803,1.3335298278707852,-0.09964962627857366,-0.02151715440473767,-0.0684824878855671,0.9993020437024381,0.06450134868134816,0.07990881625480954,-0.060658756383510815,-0.04311808855991428,-0.1361012618384143,0.2770669903832497,0.7445952194005858,0.011346295828645112,-0.08176568657373173,-0.19243953630528043,0.19243953630528043,0.007754175956013354,0.9206349206349206,0.015873015873015872,1228979675.7546804,20.92945013098567,0.031746031746031744,0.0,0.015873015873015872,0.020692426865097837,-0.0651150802094812,-0.10090786585815903,-0.5699210163101717,-0.11757627664812365,0.3333333333333333,-0.03908663871755889,-0.12320489515603361,0.06450134868134816,-0.06919368561638917,-0.11757627664812365,-0.045804571985637366,0.20630275649307583,0.01142213210037651,-0.09629438362786469,0.09629438362786469,0.007754175956013354,1326520403.2921565,-0.02031511198938518,0.023974179706463917,-0.008862065142817399,-0.04838259103173448,-0.059257086716704155,-0.03617377722303072,0.2368288170942312,1.0,3.0,1.0,1.0,0.0,63.0,126.0,0.4009451795841209,-0.11016280685942059,-0.1610302355165727,-0.11065284508345641,-0.11016280685942059,0.01509433962264151,0.4766177326289938,0.8917236858277389,0,0,0,0,0,0
recent_month_non_top10_control,2026-03-31,ACGL,95.98999786376952,-0.2388043051458365,-0.001975488051605301,0.9478741199649706,0.9679330420908172,0.05425584455174115,0.04872718391733932,0.05797414650303723,-0.03593411525111323,0.05417972418389283,0.05720263000095116,-0.056472858356242606,-0.04871603256699386,0.09414792372606795,-0.05724437485832867,0.300336286110484,-0.05873705918795513,0.05873705918795513,0.014331193679139265,1.0640729008673446,0.8138311632318702,0.8151548457830857,0.11215387068693006,0.04536372855274179,0.08817055759021808,0.013007932735698668,-0.04638116396863634,0.022040031251923997,0.0640560161472971,0.022040031251923997,0.11215387068693006,0.021294719324870037,0.0006172678318503433,0.0007297716447085545,0.0012510711934194951,0.05998685836141271,0.0007297716447085545,0.0035327050686621998,0.1930307764467408,0.9088546987468865,1.0701706740455288,-0.053458128965486185,-0.09277532906384034,0.009084533701501625,-0.05873705918795513,0.05873705918795513,0.1330263984971749,196273581.19136265,0.9702190248677135,0.031746031746031744,0.0,0.0,0.018827862760180836,1.1615984979567795,-0.04079234678537147,-0.009218875810108496,-0.003117678378459665,0.9762538484176321,0.04279467483519239,0.05194647813143161,-0.0005206481807701335,-0.04397207436725625,-0.03538673188627328,0.20657587614154038,0.8492614503359309,0.00969275540660686,-0.055249156497185314,-0.05873705918795513,0.05873705918795513,0.058907846089402804,0.5873015873015873,0.7936507936507936,190428362.55077785,19.06478663745575,0.031746031746031744,0.0,0.0,0.020166809607120213,-0.0020619498586615936,-0.05392471009790378,-0.23676730905495338,-0.04153772939318867,0.6666666666666666,0.010542876830586245,-0.04871603256699386,0.08817055759021808,0.006844861638545807,-0.04153772939318867,0.01459689312063328,0.1754369281763802,0.009006165191505872,-0.04468556273046986,0.04468556273046986,0.04144515320291342,173756185.66945395,0.024363143772648144,0.018379894577804496,0.015831667785930703,-0.04838259103173448,-0.059257086716704155,-0.03617377722303072,0.2368288170942312,1.0,3.0,1.0,1.0,0.0,63.0,126.0,0.13922495274102079,-0.01593914796693985,-0.06927806723484542,0.011146991547419383,0.011146991547419383,0.21132075471698114,0.4766177326289938,0.8917236858277389,0,0,0,0,0,0
recent_month_non_top10_control,2026-03-31,ACN,194.2864227294922,-0.5950204664791711,-0.35819164938493986,0.8323869478531057,0.8569352205099917,-0.3332607741487247,-0.23725813794673345,-0.19590434430935855,-0.010935675552103397,-0.011252848254525771,0.08799664740033353,-0.34893586296505696,0.0141930382025095,-0.15973056708632782,-0.06503487125536489,-0.5319577591544935,-0.38342964212372743,0.38342964212372743,-0.03789092405051164,1.498869081139966,2.5009123162696403,1.5873870027013615,-0.20715719256388432,0.006407237992346593,-0.0003998849038839847,-0.18439960728440952,-0.289625663855929,-0.20684001986146194,-0.20330051891156828,-0.20715719256388432,-0.19590434430935855,0.07319992731666747,-0.12152270260081044,-0.26093921556472344,-0.017368407733047486,-0.20168212884801928,-0.26093921556472344,-0.5833949113016442,0.36827048941016227,0.902085396443649,1.214534335025002,-0.12888905704160514,-0.17241959691026054,0.016759163316597422,-0.3127816014283278,0.3127816014283278,0.03545692967654057,1229633200.7525005,1.1787486638764488,0.16666666666666666,0.007936507936507936,0.015873015873015872,0.031219588953347324,1.5010974682168858,-0.036147530543027884,-0.15707475657503056,-0.1113045636134864,0.947482987632743,-0.20831447030975847,0.09573021884374841,-0.2478760196074632,-0.10124073702164216,0.02105989307447831,0.4472771539651035,0.7427417821210291,0.02109382124935532,-0.05555234833108491,-0.3127816014283278,0.3127816014283278,0.03545692967654057,0.8253968253968254,0.38095238095238093,1449428492.4451313,21.094435173232707,0.25396825396825395,0.015873015873015872,0.031746031746031744,0.03801660837499802,-0.022685272684600855,-0.03277374655933918,-0.1504201483756136,-0.049971292658568256,0.3333333333333333,-0.03144351501434687,-0.20831447030975847,0.07319992731666747,-0.0015887016268337772,-0.049971292658568256,-0.011402153992190356,0.3322114304380629,0.01627391130684287,-0.07772101077869575,0.07772101077869575,0.0312028901772492,1567526904.4320242,0.00685483408309584,0.03962810516861508,0.014634380426731042,-0.04838259103173448,-0.059257086716704155,-0.03617377722303072,0.2368288170942312,1.0,3.0,1.0,1.0,0.0,63.0,126.0,0.7127599243856333,-0.09110125813305914,-0.04858320135744387,-0.36711230209016044,-0.04858320135744387,0.07924528301886792,0.4766177326289938,0.8917236858277389,0,0,0,0,0,0
recent_month_non_top10_control,2026-03-31,ADBE,243.0800018310547,-0.603032236371127,-0.3662034192768958,0.9394210712692433,0.9329688847554215,-0.37169148375945515,-0.31853099660122997,-0.3109000656809222,0.07021658747973669,0.025189988324766377,-0.007824265813253017,-0.2976415800291574,-0.0352657758792525,-0.2747262884578915,0.005434219838511778,-0.9380884517982526,-0.42217360924412495,0.42217360924412495,-0.05744214731067809,1.2885858266529604,1.1623192514885172,0.5018045723512496,-0.28571007735615583,0.0355722253557551,-0.059298853458769285,-0.19107614132893969,-0.282868440475066,-0.24068347820118552,-0.27909787374608785,-0.3109000656809222,-0.24068347820118552,0.09327456001037171,-0.11319371604195905,-0.30546584584241043,-0.16211889430431536,-0.24620875912570628,-0.30546584584241043,-0.8202388409798295,0.3314187111939686,1.2370540834606514,1.1236868640828865,-0.10244792279628101,-0.16856462205960276,0.015080572555248578,-0.3246089317948967,0.3246089317948967,0.03508774323649799,1470441870.998407,1.0814900194576589,0.12698412698412698,0.007936507936507936,0.031746031746031744,0.028174196078829386,1.190147774709674,-0.0443833320221817,-0.0650749942799147,-0.08912267762059511,0.995778874367294,-0.10516622792119568,0.08568282214342705,-0.17108268770313828,-0.030800436826034394,-0.10784358326130328,0.3724108522799424,1.1008886220898302,0.017553906849529028,-0.06177833562873036,-0.31043092367030245,0.31043092367030245,0.03508774323649799,0.9841269841269841,0.031746031746031744,1590268207.6774235,21.187168523655668,0.1746031746031746,0.0,0.047619047619047616,0.03138555288457615,-0.05449697608211834,-0.07575792969389095,-0.17967423173280628,-0.07366335719405293,0.16666666666666666,-0.057039758124535676,-0.16211889430431536,0.09327456001037171,-0.025280766162318447,-0.07366335719405293,-0.0502368642513642,0.4099828700177651,0.018585918762804837,-0.14293771237596387,0.14293771237596387,0.03508774323649799,1680970536.485799,0.0028756210106428703,0.03740684631574939,0.015219099132917302,-0.04838259103173448,-0.059257086716704155,-0.03617377722303072,0.2368288170942312,2.0,8.0,2.0,1.0,1.0,63.0,126.0,0.6755198487712666,0.01242391085120964,0.06635671179249902,-0.15657395619507286,0.06635671179249902,0.3905660377358491,0.4766177326289938,0.8917236858277389,0,0,0,0,0,0
recent_month_non_top10_control,2026-03-31,ADI,317.2709655761719,0.364767027148043,0.6015958442422742,0.9750807126144218,0.9963155279647115,0.35085248701002825,0.27941554892677645,0.30347290487994827,-0.09648063246978111,0.06441380522497608,0.10768356594421924,0.06907209330295316,-0.04709001465482121,0.339646682102979,-0.12671724563277587,0.9625766654871288,-0.1154763090822325,0.1154763090822325,0.06097471317948555,1.14020930671484,1.3931542799709642,1.8161578424074243,0.36788671010492435,0.0809780534326454,0.13330196172132647,0.08051238738667044,-0.0724613214069535,0.20699227241016716,0.29278396246501326,0.20699227241016716,0.36788671010492435,0.02569489504927369,0.04466597547655682,0.1767556592471724,0.14631267187821173,0.23601274596387656,0.1767556592471724,0.5468594586050618,0.3152714124088708,1.1716568264685396,1.0252104093384464,-0.2984859644815452,-0.3707566743056031,0.015274615434613352,-0.1154763090822325,0.1154763090822325,0.42212836209974935,1105703102.0561218,1.164180516688395,0.14285714285714285,0.015873015873015872,0.007936507936507936,0.026455514810764334,1.175308619405202,-0.10159051735396407,0.001708114339913136,-0.015162460835094427,1.1591880125817589,0.1444608718603304,0.10823200469125052,0.02655731557000096,-0.06423911936160775,-0.13129518275792185,0.32321953376840856,1.1428452303996728,0.015427238943265404,-0.10867344426703529,-0.1154763090822325,0.1154763090822325,0.1767556592471724,0.38095238095238093,0.9682539682539683,1287238008.655657,20.975764682149652,0.15873015873015872,0.015873015873015872,0.0,0.027816618032194058,-0.02805188162179284,-0.11824644626206715,-0.2788951333974577,-0.10302104614435292,0.6666666666666666,0.049943223284994696,-0.10302104614435292,0.14631267187821173,-0.054638455112618445,-0.10302104614435292,0.008477950297947068,0.3693899025392317,0.01795468072786806,-0.0684314346052054,0.0684314346052054,0.0496205344229812,1256828810.9126499,0.017523776731588114,0.031205928774346386,0.016987069224576157,-0.04838259103173448,-0.059257086716704155,-0.03617377722303072,0.2368288170942312,1.0,3.0,1.0,1.0,0.0,63.0,126.0,0.6963137996219281,0.2644119297810239,0.30084236416006216,0.25183220817720864,0.30084236416006216,0.8075471698113208,0.4766177326289938,0.8917236858277389,0,0,0,0,0,0
recent_month_non_top10_control,2026-03-31,ADM,72.21388244628906,0.33063161931048657,0.5674604364047178,0.9192101135772881,0.9186765407118319,0.4113043245528569,0.17903990618720722,0.2362748246822428,-0.03051449310515153,-0.016135028112825633,-0.029553602087499575,0.3034774657254691,0.013223917585666323,0.27244860190527354,0.03764903895572669,0.8573044791711626,0.0,-0.0,0.031199258584132084,1.2918106253228587,1.5438188109468385,2.2406314880363425,0.22013979656941718,0.01526566100289328,0.011925641120999586,0.14163962735685542,0.0852876510527667,0.20576033157709128,0.22072498427625042,0.20576033157709128,0.2362748246822428,-0.05350675500043023,0.06766262799288159,0.2739238636379695,0.17081229719387214,0.33318095035467366,0.2739238636379695,0.9601247990694955,0.2756019948836288,1.2426109923593323,1.0351894198669473,-0.1947182888211746,-0.1521447534048208,0.013131799941046067,0.0,-0.0,0.3188403111360367,230236325.15358394,1.1633494306555798,0.0873015873015873,0.007936507936507936,0.007936507936507936,0.028494854134671423,1.1438998514746446,0.0,0.030916301632826437,0.06049212275742799,1.3309532036804745,0.033432991129429324,0.07422686181001716,0.0880684006234207,0.034383653546583126,-0.16005733397037747,0.2853002691977571,1.2003706457114338,0.014739504298077369,0.03476236341744299,0.0,-0.0,0.2739238636379695,0.0,0.9682539682539683,267845297.78365484,19.405920128461478,0.09523809523809523,0.015873015873015872,0.0,0.030628557747196,0.04643626345162466,0.0559817793730788,0.15437406235538398,0.05286787819138716,0.8333333333333334,0.038125995036820716,-0.05350675500043023,0.17081229719387214,0.10125046922312164,0.05286787819138716,0.03661444896865684,0.3424660683585576,0.017706895171160815,0.0,-0.0,0.09853409137596891,320727460.2302915,0.029938888544495557,0.03360651860645875,0.007735761564627408,-0.04838259103173448,-0.059257086716704155,-0.03617377722303072,0.2368288170942312,1.0,3.0,1.0,1.0,0.0,63.0,126.0,0.39073724007561433,0.02545054958058013,0.1047737093852461,0.057968342620317914,0.1047737093852461,0.49433962264150944,0.4766177326289938,0.8917236858277389,0,0,0,0,0,0
recent_month_top_future_return,2026-03-31,ALAB,109.5999984741211,0.5999401092899728,0.836768926384204,0.9081745503748321,0.9645395557599284,0.2121212197918747,-0.3984632255221424,-0.4402451646277584,0.13580899898492926,0.027346100851118105,-0.15035751778626927,-0.1908302793283374,-0.04657819322692136,-0.4040713874047277,0.09905736751315175,-0.46945325355995315,-0.5648721758397908,0.5648721758397908,-0.07796945321873017,0.9196342888220312,1.093295058437564,0.37908832873835974,-0.4128990637766403,0.07182860816860454,-0.15593521798621246,-0.2606534165718791,-0.15396363259870371,-0.30443616564282916,-0.385860131349076,-0.4402451646277584,-0.30443616564282916,0.05578468539413328,-0.13009923372331644,-0.3411877971146067,-0.09461412259807755,-0.2819307103979025,-0.3411877971146067,-0.35573321455712426,0.9377827532119455,0.929166967843184,1.0227437439820029,-0.010084359546203792,-0.08697508195366377,0.04375468116582505,-0.513818027613786,0.513818027613786,0.09304878970193764,866499808.5000538,0.8470057170333629,0.5476190476190477,0.15873015873015872,0.14285714285714285,0.0743488038130191,1.063614769128188,-0.04918209328602696,-0.1934110890589965,-0.19574391500097488,0.6791849834589045,-0.21106091034858365,0.09197677574984141,-0.27234097711363914,-0.15008830836623954,0.05303874241861606,0.9591114440617357,0.9085041813362924,0.044490533295847526,-0.07431527901623047,-0.415996165911099,0.415996165911099,0.09304878970193764,0.5555555555555556,0.015873015873015872,733930291.6078597,20.413924612869828,0.5714285714285714,0.14285714285714285,0.15873015873015872,0.07380872022647035,-0.09488686459906026,-0.10364967816272763,-0.08914146180957559,-0.07767401510315752,0.16666666666666666,-0.08834629564480322,-0.21106091034858365,0.05578468539413328,-0.029291424071423044,-0.07767401510315752,-0.07983251999777785,0.8713567572975763,0.04230470967224794,-0.1408638493665545,0.1408638493665545,0.09304878970193764,551953136.365618,-0.0636040327543439,0.07574882553116848,-0.01487575233935523,-0.04838259103173448,-0.059257086716704155,-0.03617377722303072,0.2368288170942312,1.0,4.0,1.0,0.0,1.0,63.0,126.0,0.8879017013232514,0.7768248923757639,2.128193529897447,3.4071167494379413,3.4071167494379413,1.0,0.4766177326289938,0.8917236858277389,1,1,1,1,1,1
recent_month_top_future_return,2026-03-31,AMD,203.42999267578125,0.7432178726626049,0.9800466897568361,1.0823585118887127,1.1525575451396768,0.43361523203575913,0.2508761395067798,0.2573706725854561,-0.32218934671150756,-0.4630945654712809,0.32369128221272514,-0.3737940595887349,0.5830397783886911,0.2935444498084868,-0.30747344996146586,0.36519742210172496,-0.23039381451273533,0.23039381451273533,-0.03629148286183059,1.052205614004069,1.4056197275972622,1.2850914979341193,-0.20572389288582482,0.23738745838016315,-0.15067154878022626,-0.06087749813229304,-0.02681218727734158,-0.06481867412605147,-0.004390631475473398,-0.20572389288582482,0.2573706725854561,-0.015492093670292695,-0.026284132883675038,-0.050102777376009766,0.10538845573162892,0.009154309340694389,-0.050102777376009766,-0.07821773145180472,0.7047439467241531,0.8125139380944135,0.9089191021699093,0.3514997253484242,0.37323595229622164,0.029653456248467918,-0.23039381451273533,0.23039381451273533,0.2573706725854561,10119157040.119291,0.7950733863484255,0.35714285714285715,0.1111111111111111,0.05555555555555555,0.04507743847031026,1.377221130189146,0.012399823061972737,-0.09049997348921957,-0.043658079485596746,0.8505894261146626,-0.15426853239039462,0.2732966698206096,-0.14066659761226008,-0.035467926039733255,0.11691452561345961,0.6405552353161956,0.8939342744086434,0.028176222022488377,0.004471747358342659,-0.2166127602684813,0.2166127602684813,0.06535740207904706,0.7301587301587301,0.31746031746031744,8045472454.879155,22.80837534231392,0.3492063492063492,0.1111111111111111,0.047619047619047616,0.04343336319050039,0.009290956062544264,-0.001664695115217829,0.028087043322615576,0.016083042075494047,0.5,0.06401318355915009,-0.15426853239039462,0.5830397783886911,0.06446563310722853,0.016083042075494047,0.009999171249934102,0.5726142795010412,0.02814493330809865,-0.07645167871268377,0.07645167871268377,0.06535740207904706,6872926551.551528,-0.0026034751010977075,0.04624617338175136,-0.008142405286293286,-0.04838259103173448,-0.059257086716704155,-0.03617377722303072,0.2368288170942312,2.0,8.0,2.0,1.0,1.0,63.0,126.0,0.9574669187145557,0.7425650248110034,1.536990582349759,1.8555768277019151,1.8555768277019151,0.9905660377358491,0.4766177326289938,0.8917236858277389,1,1,1,1,1,1
recent_month_top_future_return,2026-03-31,DELL,163.35379028320312,0.5972572578246076,0.8340860749188388,1.1028976946472187,1.162151544717027,0.35490745688931,0.3543627167603547,0.16692814459960403,0.06927758726444688,-0.14941035084040544,-0.10891933875386373,0.41848444924308426,0.14683807178291408,0.20310192182263476,0.1426369658896165,0.2839700836979335,-0.10803751997438482,0.10803751997438482,0.003921493953337185,1.6175178038238864,3.687322692005332,5.138354259054593,0.017517793759198597,0.11176407540588032,-0.1769025433777086,0.23747814228778696,0.12849824937887078,0.23620573186405092,0.14021722340761786,0.017517793759198597,0.23620573186405092,-0.056018122380921076,0.11610017742236423,0.30956511048922053,-0.08690285529748554,0.3688221972059247,0.30956511048922053,0.46866358652385576,0.5878370792649057,0.9040478731530949,1.1236571487764724,-0.5903374398069041,-0.5459352130741897,0.026238454621172698,-0.10803751997438482,0.10803751997438482,0.4777167565788809,1100628998.9536831,1.0747077601006723,0.3333333333333333,0.05555555555555555,0.05555555555555555,0.04236837671250056,1.1664367783503329,-0.10803751997438482,0.22956523723571665,0.2080391773338368,1.3998831112677126,0.29395318167891604,0.17489142890652137,0.4342012983907366,0.284450241535652,-0.2897400041433603,0.6605273364318931,0.8045584670889109,0.02744922609989386,0.3222167653830934,-0.10803751997438482,0.10803751997438482,0.4777167565788809,0.06349206349206349,0.7777777777777778,1182854526.167358,20.891196444953877,0.3492063492063492,0.047619047619047616,0.06349206349206349,0.04421166872345249,0.10818780480434675,0.2912777051127202,0.20395298679795462,0.10838731933859247,0.5,0.038225841957384564,-0.1769025433777086,0.29395318167891604,0.15676991037032695,0.10838731933859247,0.04063175803041941,0.5314328612699653,0.026256465923534002,-0.10803751997438482,0.10803751997438482,0.14137692510097555,1536042653.2419841,-0.014571582749759115,0.0535725070350931,-0.04623268309219941,-0.04838259103173448,-0.059257086716704155,-0.03617377722303072,0.2368288170942312,2.0,7.0,2.0,1.0,1.0,63.0,126.0,0.8821361058601134,0.2770152763696303,1.5724264246390236,1.6369036109667934,1.6369036109667934,0.9886792452830189,0.4766177326289938,0.8917236858277389,1,1,1,1,1,1
recent_month_top_future_return,2026-03-31,FLEX,65.45999908447266,0.7420102234471881,0.9788390405414193,0.9589486551318704,0.9910665389551906,0.3112981066813141,0.2208131366736621,0.1292047215119705,-0.021777917104036648,-0.08217979180655344,0.04226318607299273,0.04115291899597118,0.07848885874157241,0.1653784987350012,-0.04578861644300658,0.250850620419735,-0.09184243310784568,0.09184243310784568,0.006472696142924672,1.0713427539080285,1.1123773659696758,1.2885836582747037,0.04702492970541705,0.04257578013052588,-0.054542543545177735,0.03536139235693403,0.09664053411003526,0.10742680440793384,0.09455215187510713,0.04702492970541705,0.1292047215119705,0.022162029184014997,0.006818304146653631,0.08341610506896391,0.043363171565415026,0.14267319178566806,0.08341610506896391,0.148479188262862,0.5150663821192832,1.3305675546464582,1.0907396938853087,0.06476185718924055,0.1059871420264733,0.02518964407988231,-0.09184243310784568,0.09184243310784568,0.20088059255385904,275688270.0681323,0.8348496307977951,0.3412698412698413,0.07142857142857142,0.06349206349206349,0.044993166135524565,1.2213373059072938,0.0605694710860305,-0.0024711423598454685,0.020026543742096337,1.1852933227472557,-0.00031726614012062004,0.04534505545786117,0.038388295269666584,-0.001637662396352102,0.06046233955756031,0.5618033479634005,1.219876348230128,0.027474893528597194,0.006170372013336145,-0.06512421846917205,0.06512421846917205,0.11269755306922624,0.06349206349206349,0.6031746031746031,230158250.48166305,19.254277680209917,0.36507936507936506,0.07936507936507936,0.07936507936507936,0.04878819069426933,0.01988563135332111,0.010238611679777021,0.05649513437288089,0.03871784527111011,0.6666666666666666,0.021312015846135696,-0.054542543545177735,0.07848885874157241,0.08710043630284459,0.03871784527111011,0.02264471182602268,0.6853306165370529,0.03340552746207019,-0.06512421846917205,0.06512421846917205,0.0926389459388437,219179974.60750398,0.006101762553361922,0.05615204982912784,0.005190242341585938,-0.04838259103173448,-0.059257086716704155,-0.03617377722303072,0.2368288170942312,1.0,3.0,1.0,1.0,0.0,63.0,126.0,0.6635160680529301,0.3985640747354331,1.303391397618617,1.475863269033597,1.475863269033597,0.9849056603773585,0.4766177326289938,0.8917236858277389,1,1,1,1,1,1
recent_month_top_future_return,2026-03-31,INTC,44.130001068115234,0.7063681378668072,0.9431969549610384,1.0875230482690923,1.1355314993983716,0.9700893669484232,0.8123203440151905,0.3153502852950183,-0.22733254431991368,-0.21182442343245977,0.099851039195191,0.09608389964663377,0.19195238711935314,0.351524062518049,-0.11941534645319352,0.4807991026468604,-0.18759202290054355,0.18759202290054355,0.03414745414816234,1.0965042517903647,0.8494993663233361,1.211880911551893,0.10352586186255852,0.12701061234067504,0.014253555161292786,0.034773863150985296,-0.03082792192299244,0.08801774097510462,0.1689646293775605,0.08801774097510462,0.3153502852950183,-0.09023667957324677,0.04216650090602103,0.19593493884182478,0.2593495745010346,0.25519202555852893,0.19593493884182478,0.25354355462900974,0.6558878408028941,1.0589841819345591,1.17822906298379,0.2012890912574754,0.16230844487811424,0.030119960124901785,-0.18759202290054355,0.18759202290054355,0.3153502852950183,4214000683.0652995,1.1576076021444466,0.40476190476190477,0.11904761904761904,0.0873015873015873,0.05019830978138705,1.1052148132226178,-0.02724594165226668,-0.047958356126639234,-0.04589145313040621,1.0463164122471742,-0.018506576022391363,0.13879043342016403,-0.05035506974648807,-0.04155695363847345,-0.012632010118041603,0.772786116091655,0.898793125381536,0.03599108282584838,-0.023568583567252666,-0.18759202290054355,0.18759202290054355,0.19593493884182478,0.746031746031746,0.9682539682539683,4878159226.158281,22.308033778101272,0.49206349206349204,0.1746031746031746,0.12698412698412698,0.05456298581139803,-0.01896996236695847,-0.04286274411146307,-0.046717807209076624,-0.03244901386606058,0.5,0.05406054121999696,-0.09023667957324677,0.2593495745010346,0.015933577165673896,-0.03244901386606058,-0.018253386491658863,0.6945748485334772,0.03606193021032687,-0.08024173636625354,0.08024173636625354,0.07137660935729828,3890894572.3117647,-0.0035675275064670497,0.05789712147873572,0.0041869831168093175,-0.04838259103173448,-0.059257086716704155,-0.03617377722303072,0.2368288170942312,1.0,3.0,1.0,1.0,0.0,63.0,126.0,0.9551039697542534,1.140947225700323,1.5986856453541822,2.1640607637260594,2.1640607637260594,0.9943396226415094,0.4766177326289938,0.8917236858277389,1,1,1,1,1,1
recent_month_top_future_return,2026-03-31,IONQ,28.82999992370605,0.06946933978644898,0.3062981568806802,1.115925138625231,1.1966453178297511,-0.3290668116198322,-0.3254562753508,-0.531219513435674,0.11600653919354709,-0.006613134367178586,-0.270406521432768,-0.08707062120163134,0.014308960457158237,-0.49504573621264325,0.17374237080127464,-0.559964147232663,-0.6488000827160609,0.6488000827160609,-0.13777696215213298,1.2680231383988314,1.0240360234327182,0.30048940918689815,-0.5378326478028526,0.0689647676063187,-0.20968261633679852,-0.3248986659262765,0.019253649709575105,-0.4152129742421269,-0.49475504516021784,-0.5378326478028526,-0.4152129742421269,-0.08985801975115637,-0.15620008330820112,-0.35747714263439934,-0.1089814911088306,-0.2982200559176952,-0.35747714263439934,-0.40358074604891514,0.9486670103094196,0.5993481758309702,0.9336928664141876,-0.19533585461826175,-0.3954008888260091,0.04629615664307942,-0.6488000827160609,0.6488000827160609,0.08424218722316001,1179361784.9965534,0.6854095297376473,0.626984126984127,0.14285714285714285,0.21428571428571427,0.07990688109476009,1.1899351887152114,-0.13484507768024812,-0.13402641347515376,-0.19746351325808842,0.568255178760532,-0.040270150795041926,0.09978780933349828,-0.2788894383740803,-0.05792960540576586,-0.08211162687419371,0.8857636201283796,0.6419114865177715,0.040072847115878135,-0.11408968414725384,-0.4341511385280151,0.4341511385280151,0.08424218722316001,0.8571428571428571,0.015873015873015872,808345806.44504,20.51050050443945,0.5238095238095238,0.1111111111111111,0.15873015873015872,0.07441099518285275,-0.13688664995253164,-0.20826040133390433,-0.43728396901264727,-0.24863172462199756,0.16666666666666666,-0.11385250702611112,-0.24863172462199756,0.014308960457158237,-0.20024913359026308,-0.24863172462199756,-0.11668735330210112,0.5685818420999709,0.02826179180736417,-0.2235389417086947,0.2235389417086947,0.08424218722316001,677540861.0126314,-0.05790472188451934,0.06901294618204253,-0.004007461656467481,-0.04838259103173448,-0.059257086716704155,-0.03617377722303072,0.2368288170942312,1.0,4.0,1.0,0.0,1.0,63.0,126.0,0.9007561436672967,0.565036387488296,1.4998265655756455,0.847381146808089,1.4998265655756455,0.9867924528301887,0.4766177326289938,0.8917236858277389,1,1,1,1,1,1
recent_month_top_future_return,2026-03-31,MRVL,98.9760284423828,0.377283263222022,0.6141120803162532,1.1380598238058777,1.1989466210432709,0.28253343384288354,0.5776507705177818,0.17981326681579013,-0.07107425219380326,-0.12240686996070771,0.01149366539721175,0.15491330992722552,0.1157614237295781,0.21598704403882085,-0.013406291491352862,0.3054524603703227,-0.010765759480012793,0.010765759480012793,0.0047101091048404875,0.9514248673530987,6.089492818733499,7.269233875283257,0.05740639685508242,0.061468187958337535,-0.046298197402574126,0.16049227500303753,0.15189615507500653,0.10873901462198687,0.11531955943095314,0.05740639685508242,0.17981326681579013,-0.04944068573184757,0.024738858244776507,0.16640697532443727,-0.07064272842962949,0.22566406204114142,0.16640697532443727,0.265717565600273,0.5886784038268644,1.5858577559057645,1.0638322656509518,1.5321717406116382,2.0702854670573854,0.02673539896865367,-0.010765759480012793,0.010765759480012793,0.34341522344903597,1534287144.460993,0.9724889297043809,0.373015873015873,0.09523809523809523,0.047619047619047616,0.045092144330836734,2.332745061472893,0.184143945060953,0.08427211173217142,0.18030766131223896,1.1826473083152542,0.03509880590843473,0.11216441934315047,0.25506843385807354,0.14040311469291966,0.8290052578835563,0.6262550800829191,1.490702817643333,0.02564567507389288,0.16243573168786418,0.0,-0.0,0.34341522344903597,0.0,0.6031746031746031,1492077262.976062,21.123435122893902,0.31746031746031744,0.07936507936507936,0.015873015873015872,0.04495469945944569,0.1438921536408444,0.1912500785587954,0.22763475928052057,0.2125107542333473,0.5,0.032831562051218156,-0.07064272842962949,0.2125107542333473,0.2608933452650818,0.2125107542333473,0.09867563964292736,0.9335602124430586,0.040422626689668346,0.0,-0.0,0.3088003373647614,2252261624.3597484,0.07029018103689588,0.05305399978662691,0.036369788515466794,-0.04838259103173448,-0.059257086716704155,-0.03617377722303072,0.2368288170942312,2.0,7.0,2.0,1.0,1.0,63.0,126.0,0.9136105860113423,0.6681743123749615,1.0706976790077478,2.0089763451529206,2.0089763451529206,0.9924528301886792,0.4766177326289938,0.8917236858277389,1,1,1,1,1,1
recent_month_top_future_return,2026-03-31,MU,337.7880554199219,2.6606122176187386,2.8974410347129695,1.041252569153974,1.075751371960575,1.747656540419038,1.8428720056520267,1.0220547991251667,-0.5922575317171661,-0.5110458752951139,0.7075310798990713,-0.5233331329752084,0.3382149947862205,1.0582285763481973,-0.8378568522013039,1.4642107081004025,-0.26800960764590864,0.26800960764590864,0.13730205330330314,1.8435450818747592,3.1853099500392634,3.9562354500765107,0.5110089238300528,0.3210742914214384,0.056799420640435416,0.009017831036446378,-0.23757170906864256,0.4297972674080006,0.65428699678774,0.4297972674080006,1.0220547991251667,0.20739718483900438,0.10638849860966504,0.18419794692386282,0.45362808188767456,0.24345503364056698,0.18419794692386282,0.25245130389743964,0.6980243987227304,1.131367548989552,1.0452894421795338,1.5669036326643146,1.1038558734793935,0.035249707113591044,-0.26800960764590864,0.26800960764590864,1.0220547991251667,10655983913.830227,1.4442185583396276,0.48412698412698413,0.18253968253968253,0.07936507936507936,0.054190382495533616,2.2061447601469926,-0.20992373958471766,-0.002358808267260204,-0.16323488416616627,1.2824209805070446,-0.006049905538305755,0.23364579797284277,-0.18535011693908043,-0.02250039505095003,0.4400405668393499,0.7296375343685874,1.0823485853167487,0.036274489882825056,-0.0697903849785857,-0.26800960764590864,0.26800960764590864,0.18419794692386282,0.14285714285714285,0.9682539682539683,15389569725.722153,23.4569558264286,0.5238095238095238,0.20634920634920634,0.07936507936507936,0.05681386294058621,-0.16564200677504104,-0.15947564960847072,-0.2284240889109802,-0.1803915633187605,0.6666666666666666,0.14493303554937811,-0.1803915633187605,0.45362808188767456,-0.13200897228702602,-0.1803915633187605,-0.15479974518698725,0.7897221531178412,0.04340109259783847,-0.26800960764590864,0.26800960764590864,0.049844732868448816,18755933429.276676,-0.129690229438719,0.0810630454925635,-0.03691679490212796,-0.04838259103173448,-0.059257086716704155,-0.03617377722303072,0.2368288170942312,2.0,7.0,2.0,1.0,1.0,63.0,126.0,0.9746691871455576,0.5307836853293346,1.8741416175918282,2.4166766121833048,2.4166766121833048,0.9962264150943396,0.4766177326289938,0.8917236858277389,1,1,1,1,1,1
recent_month_top_future_return,2026-03-31,SNDK,635.3400268554688,12.107847064244247,12.344675881338478,1.0814759993942298,1.0850412911009384,13.009703378888197,11.108633734980403,4.66256723829102,-2.8170816133852425,-2.475189417495326,1.1156863755737514,0.5607817927082293,0.7765597794356938,4.6987410155140505,-2.9860990700090393,4.037748302287378,-0.17711665122388487,0.17711665122388487,0.30800153707139266,2.4072369125361313,3.9480910917615537,12.24340830085943,2.1873778207956938,1.5372812441972832,0.12015249449774945,0.4625462233347184,-0.015618946402269351,1.8454856249057774,2.8984768946641637,1.8454856249057774,4.66256723829102,0.06314943649499427,0.3114328335734249,1.6764681682819806,1.427542287247309,1.7357252549986848,1.6764681682819806,1.4698788983997415,1.1547443994093647,0.9266335661316147,0.9877064548160179,0.13602662536659316,0.1359909394822323,0.05604310676047101,-0.17711665122388487,0.17711665122388487,4.66256723829102,6603710737.299141,1.66328809501404,0.6111111111111112,0.2777777777777778,0.18253968253968253,0.09008100430438713,1.1900024833667164,-0.09063331731136215,0.1117104388568364,0.041425271105640205,1.427461038356165,0.10257698108731028,0.5721119547992253,0.1025423459530912,0.048198269508413105,-0.22261488525567708,1.1405484969592754,0.9381669640948339,0.054719403015388045,0.06967891958701666,-0.17711665122388487,0.17711665122388487,1.6764681682819806,0.12698412698412698,0.9682539682539683,10983873452.26605,23.119693984339346,0.6190476190476191,0.2857142857142857,0.19047619047619047,0.08535702687556715,-0.011658228357169231,-0.022831148384118816,-2.9357161444564027e-05,-3.141289434949179e-05,0.8333333333333334,0.4149915943114512,-3.141289434949179e-05,1.427542287247309,0.04835117813738499,-3.141289434949179e-05,-0.022886778995487855,1.0700249207952093,0.057939901736059306,-0.17711665122388487,0.17711665122388487,0.2048243154480296,12157048332.930502,-0.058080129105883116,0.09294425976647477,0.0231906856659978,-0.04838259103173448,-0.059257086716704155,-0.03617377722303072,0.2368288170942312,1.0,3.0,1.0,1.0,0.0,63.0,126.0,0.993194706994329,0.7258632596983634,1.6678312538528837,2.57876079636014,2.57876079636014,0.9981132075471698,0.4766177326289938,0.8917236858277389,1,1,1,1,1,1
recent_month_top_future_return,2026-03-31,STX,391.4808654785156,3.4342628328216405,3.671091649915872,1.0990319794001282,1.1361553226119778,1.7347972306757558,1.3579047108759994,0.6668346099295204,-0.24476309089131099,-0.1291099621287235,0.16967083705196107,0.25537504519864807,0.08396169126466968,0.7030083871525511,-0.24178872767891124,0.8632816645364066,-0.12120528724559454,0.12120528724559454,0.10919543266711873,1.0682617371578627,1.7378493317132442,2.901560916380541,0.5377246478007969,0.12244318354249331,0.08132722385215008,0.1540236361545655,-0.01811134714363727,0.4220715190382094,0.5422102589228422,0.4220715190382094,0.6668346099295204,-0.0020872052257729923,0.10858039396677,0.42504588225060913,0.48040963149007077,0.4843029689673133,0.42504588225060913,0.511035120482388,0.7724415301784721,0.9892757832451461,1.0767613293817113,-8.320621273050222e-05,-0.03783167921214625,0.03680097009017037,-0.12120528724559454,0.12120528724559454,0.8592494545865637,1375975609.402696,1.152198347805958,0.5079365079365079,0.1746031746031746,0.1111111111111111,0.05998270395593419,0.7834240577159186,-0.03447750021459428,-0.013529516488139381,-0.012726530692147353,1.2833227806633705,0.0003679157367157959,0.19216387829933046,-0.03739758784447822,-0.05668101065339737,-0.3419206454478525,0.8317351689046149,0.9187512183532813,0.04062716444520245,-0.017452690997285747,-0.12120528724559454,0.12120528724559454,0.42504588225060913,0.6666666666666666,0.9682539682539683,1585396823.7750826,21.184100575574284,0.5396825396825397,0.2222222222222222,0.14285714285714285,0.06438475297566215,-0.006694597849933426,-0.04231965076354516,-0.04940291013125098,-0.03775161416825512,0.6666666666666666,0.10103794049159637,-0.03775161416825512,0.48040963149007077,0.010630976863479358,-0.03775161416825512,0.0026004329947844074,0.7641576997783871,0.0417239095745125,-0.09700095980267553,0.09700095980267553,0.11236793061789796,1435280588.1431942,-0.021633455619316067,0.07436928399591683,0.01688756730257235,-0.04838259103173448,-0.059257086716704155,-0.03617377722303072,0.2368288170942312,1.0,3.0,1.0,1.0,0.0,63.0,126.0,0.9406427221172022,0.7195221875196103,1.2457626240007733,1.4649991483503526,1.4649991483503526,0.9830188679245283,0.4766177326289938,0.8917236858277389,1,1,1,1,1,1
recent_month_non_top10_control,2026-04-30,A,115.32817840576172,-0.32847696454176,0.08269955652156535,0.9561323827604339,0.9628017780976276,0.012574203306677578,-0.09606036878534185,-0.20729256678754926,0.05994674803383282,-0.03687250241979856,-0.0838396035323562,-0.05091077831254709,0.04878380307341712,-0.2714720352003873,0.07254218494264597,-0.771200384613322,-0.26195515571582995,0.26195515571582995,-0.049409690412747787,1.304878136795687,0.2372787610619469,0.07055497556026058,-0.24416506920734782,0.04886573662075314,-0.11355043179652902,-0.08838796561379669,0.0024229477834769586,-0.14734581875371644,-0.19960115158287117,-0.24416506920734782,-0.14734581875371644,-0.014556997939703664,-0.05016527397204673,-0.1347503818449033,-0.0931640317784711,-0.20986571216992178,-0.1347503818449033,-0.478973657325375,0.2687920946661421,1.2284451867565036,1.0466509793421013,-0.0941119300234875,-0.0816339138359855,0.013139769695611453,-0.26195515571582995,0.26195515571582995,0.05055937233429919,274357125.11238825,0.9651176975445311,0.09523809523809523,0.0,0.007936507936507936,0.02525511173689668,1.0069319409434643,0.08621788964228028,-0.008329881374778081,-0.007610491604989722,1.0887562749917403,-0.0588228350912372,0.06313139580927164,-0.04585873468163226,0.032063763648923826,-0.25763274336283193,0.28133150912173244,1.1736913364650685,0.013875844004441577,0.045968546529684184,-0.14459216924385598,0.14459216924385598,0.05055937233429919,0.9682539682539683,0.36507936507936506,264786916.89340502,19.39443597708091,0.1111111111111111,0.0,0.015873015873015872,0.02641106788350952,0.0005381483169220047,0.019978923668277915,0.04171562259232497,0.0137743465236555,0.3333333333333333,-0.03625602450147806,-0.11355043179652902,0.04878380307341712,-0.14312642221395322,0.0137743465236555,-0.012469078851799043,0.3301963549308208,0.015735623944966384,-0.05356696424630347,0.05356696424630347,0.03818511256767376,212683888.1411961,-0.014666972116551658,0.031606612031985115,0.008483316725083734,0.15690076873760872,0.07511533032501849,0.06417946841283806,0.41117652106332536,1.0,3.0,1.0,1.0,0.0,63.0,126.0,0.3169187145557656,0.17291214546950817,0.15175669699486538,0.2015277553130579,0.2015277553130579,0.8113207547169812,0.3234771280969934,0.5222242696945671,0,0,0,0,0,0
recent_month_non_top10_control,2026-04-30,AAPL,271.1002502441406,-0.12866979680612656,0.2825067242571988,1.0080066170933242,1.0242917671697285,0.3112480307469898,0.0676951303022082,0.0055377277013159976,-0.006479608007054272,-0.0315232862484518,-0.039347602408288385,0.08607140200752839,0.03236429041178379,-0.05864174071152206,0.041186071897924004,0.025994116862299552,-0.0509663870977598,0.0509663870977598,-0.007220243128990611,1.1247292401443807,-0.006438534281517083,0.03998443253224049,-0.0259855585471358,0.016647766194926174,-0.025067288626873463,0.029096583648137386,0.06990055781914917,-0.0009418803057382741,-0.007129903717186026,-0.0259855585471358,0.0055377277013159976,-0.045537972790174464,0.0033722380672174257,0.04672379959924,0.019065677185734042,-0.02839153072577849,0.04672379959924,0.18127710182391818,0.2130377319857177,1.1050828411861369,1.2098699032812892,0.8518491635768306,0.9799808201767377,0.00955287964841187,-0.0509663870977598,0.0509663870977598,0.10094821774709728,12307313580.531809,0.9787643562642798,0.03968253968253968,0.0,0.0,0.020033612751719703,1.558133866990269,0.06319741527955414,0.008554135500076443,0.04034324189198757,1.0564930760227602,-0.039329287398935375,0.04566881567706287,0.02714066721380215,0.04399868594103862,0.2887189167346389,0.2577479401928255,0.9133898100853991,0.011999632156177177,0.08072662106509632,-0.023428921012231596,0.023428921012231596,0.10023119510169076,0.9047619047619048,0.3492063492063492,12045959853.991844,23.211995158920168,0.06349206349206349,0.0,0.0,0.02183891022628141,0.04186406238119389,0.07664597543738849,0.29389991866138715,0.06919119500662885,0.5,0.00178110229802723,-0.045537972790174464,0.06919119500662885,-0.08770957373097987,0.06919119500662885,0.02339079718088244,0.23542434214262767,0.01158534369530755,-0.007606987292754219,0.007606987292754219,0.07041427191234839,11443475904.234968,0.0024197669567591618,0.021779979650069642,0.004330528883250695,0.15690076873760872,0.07511533032501849,0.06417946841283806,0.41117652106332536,2.0,8.0,2.0,1.0,1.0,63.0,126.0,0.4386578449905482,0.15108708781185776,0.06735418020078554,0.22840162896850558,0.22840162896850558,0.8433962264150944,0.3234771280969934,0.5222242696945671,0,0,0,0,0,0
recent_month_non_top10_control,2026-04-30,ABBV,209.8264923095703,-0.29275312583162627,0.11842339523169909,0.9268654283056812,0.942939403058263,0.14451341078952273,-0.06566502387410134,-0.014917021635996064,-0.04505287539209768,-0.04179143757871262,0.031023132619674376,-0.07558096338234932,0.04430384008736166,-0.07909649004883412,-0.02964080912667888,-0.055844252719619444,-0.11475606235054758,0.11475606235054758,-0.017897855470155766,1.1606644127590768,0.5582736854821659,0.4888403903225218,-0.056708459214708684,0.025122774570105016,0.0034695035861873613,-0.027382295513014965,-0.04930573428266438,-0.059969897028093744,-0.043865125959599495,-0.059969897028093744,-0.014917021635996064,-0.016130820641631627,-0.029000825364411842,-0.044557830762674944,0.04067087224049604,-0.11967316108769344,-0.044557830762674944,-0.16660037930849886,0.26711829614572585,1.0367633729745371,1.0012543546962664,0.2415270041026505,0.2163137183252497,0.012484358515336656,-0.09787398107116196,0.09787398107116196,0.0706251770271642,1452513570.0851078,1.0588690915866539,0.07936507936507936,0.0,0.007936507936507936,0.024486727353777663,1.582549707721918,-0.018700406630125177,-0.06203996740678841,-0.010334229913144477,1.029907063129061,-0.06286626604820633,0.040581089274012404,-0.0818978461650216,-0.05033727293575607,0.16167961274344256,0.26745335723495495,1.0354645331745322,0.012747319292852645,-0.020884374039722875,-0.09787398107116196,0.09787398107116196,0.0706251770271642,0.6349206349206349,0.047619047619047616,1538021724.4733055,21.153762833725484,0.07936507936507936,0.0,0.015873015873015872,0.026158211141445654,0.025931581965303208,-0.03869302257639584,-0.07333140303117597,-0.020308286242734175,0.5,-0.00181019283642118,-0.06286626604820633,0.04430384008736166,-0.1772090549803429,-0.020308286242734175,0.030358151684565682,0.27693846569525404,0.01309459308577322,-0.008869883580030158,0.008869883580030158,0.0706251770271642,1394386418.0801392,0.042191723247036794,0.027184890808645057,0.0471858138101342,0.15690076873760872,0.07511533032501849,0.06417946841283806,0.41117652106332536,1.0,3.0,1.0,1.0,0.0,63.0,126.0,0.5031190926275992,0.030285817466402465,0.1908005918615474,0.23606882284870068,0.23606882284870068,0.8509433962264151,0.3234771280969934,0.5222242696945671,0,0,0,0,0,0
recent_month_non_top10_control,2026-04-30,ABNB,140.36000061035156,-0.25992977960706476,0.1512467414562606,0.982386912298038,1.007913701618592,0.060040757709888704,0.15598750392874217,0.10921447443366028,-0.07502644505026068,0.09054621599558077,0.022364423748892914,0.06258576491895829,-0.07547023062006297,0.04503500602082222,-0.02426428576580908,0.3426600118597902,-0.026494605766971713,0.026494605766971713,0.02801030917803149,1.0464271555896314,-0.18495592891576573,-0.11571778130454657,0.19976069042924105,0.08290746927931088,0.16009918539142132,0.06654144938797968,0.049895853628550646,0.0341880293833996,0.11438773141543364,0.0341880293833996,0.19976069042924105,-0.04678754823461484,0.02972442941522213,0.0849501886678512,0.04436890863267462,0.009834858342832709,0.0849501886678512,0.2268463677472398,0.31872547322022715,0.8854966929144964,1.1749401463075169,-0.21593216618187805,-0.1285099564689639,0.014776187677240328,-0.026494605766971713,0.026494605766971713,0.25838263814118556,579136931.7526015,0.9680524913073868,0.1111111111111111,0.015873015873015872,0.023809523809523808,0.02938976283003525,0.8080561460400356,0.07195622470241114,0.025989459710060503,0.05884927586720878,0.9841836722978574,-0.06535416913008418,0.09944083919059848,0.03885722726876928,0.04458935536711284,-0.3406230769230769,0.3744833541373062,0.7536525972811007,0.017978208050860423,0.10033768222149853,-0.026494605766971713,0.026494605766971713,0.21041740012523102,0.09523809523809523,0.8412698412698413,560634949.5912219,20.14458053972345,0.15873015873015872,0.031746031746031744,0.031746031746031744,0.033404408175387854,0.05129390539575862,0.10775916829508447,0.3950612414154381,0.11149827341749274,0.5,0.021392403242804447,-0.07547023062006297,0.16009918539142132,-0.045402495320115976,0.11149827341749274,0.030868786976076645,0.28223035248411904,0.014039229113082984,-0.026494605766971713,0.026494605766971713,0.12332936405346717,438839101.608349,-0.009736117357249552,0.029355122657899278,-0.0025015556781841086,0.15690076873760872,0.07511533032501849,0.06417946841283806,0.41117652106332536,1.0,3.0,1.0,1.0,0.0,63.0,126.0,0.5797731568998109,-0.050228006704909345,0.019521270171339644,0.0052721964230990626,0.019521270171339644,0.30943396226415093,0.3234771280969934,0.5222242696945671,0,0,0,0,0,0
recent_month_non_top10_control,2026-04-30,ABT,90.14704132080078,-0.7026130017173858,-0.29143648065406047,0.8573055706137646,0.8809821924871367,-0.2691126461001123,-0.3114030793560435,-0.25722078090258116,-0.009900582701952043,-0.03042565524753771,-0.11136012029553377,-0.05277910408358821,0.04271145227814088,-0.3214002493154192,0.09308155652345917,-1.0049780715482757,-0.3290506799920502,0.3290506799920502,-0.051662662001893955,1.5861778177453838,0.12115974765278303,-0.06286654373203693,-0.28764643615011887,0.015518916618553874,-0.028006100227637276,-0.18205681337405333,-0.055996891433067186,-0.2671213636045332,-0.27066286021907776,-0.28764643615011887,-0.25722078090258116,-0.12320489515603361,-0.05047120816488915,-0.16413922437912198,0.06450134868134816,-0.23925455470414048,-0.16413922437912198,-0.6659777040661901,0.2559466601159816,1.177481727621545,0.9629488531011425,0.5797574364456162,0.40572692308972425,0.011036333726181175,-0.2968652722615287,0.2968652722615287,0.0,1069621033.8163952,1.133334296229937,0.03968253968253968,0.0,0.015873015873015872,0.02013372729515504,1.7193454611192593,-0.022347014546626798,-0.09218388529498212,-0.12704181751115984,1.0342607271494362,-0.11757627664812365,0.08438204404620911,-0.21478655085190723,-0.09430047609110082,0.30080144007729825,0.24646354281375243,1.2227874033283357,0.011906214068051344,-0.10738451311718278,-0.21478655085190723,0.21478655085190723,0.0,0.6825396825396826,0.0,1212238201.593042,20.915734242075647,0.047619047619047616,0.0,0.015873015873015872,0.02060936727728154,-0.08363008822974705,-0.10646925470772295,-0.36553700547255985,-0.11016280685942059,0.3333333333333333,-0.045289546321954345,-0.12320489515603361,0.06450134868134816,-0.2670635755970293,-0.11016280685942059,-0.06251625516225867,0.3013725155323304,0.014213128904509547,-0.1178101254160363,0.1178101254160363,0.0,1190327927.9558454,-0.02336441197770389,0.02727437259032681,-0.012959092213467804,0.15690076873760872,0.07511533032501849,0.06417946841283806,0.41117652106332536,1.0,3.0,1.0,1.0,0.0,63.0,126.0,0.42599243856332697,-0.057164871337442524,-0.0005507054861421112,0.14324326177095958,0.14324326177095958,0.7018867924528301,0.3234771280969934,0.5222242696945671,0,0,0,0,0,0
recent_month_non_top10_control,2026-04-30,ACGL,94.45999908447266,-0.3694914883485525,0.04168503271477286,1.055638925279835,1.0736524319567726,0.09760634167064408,0.04111094003672844,0.0944270855800462,-0.10964809384050456,-0.08867750161438259,0.11273321321007024,-0.1291847106693882,0.08817055759021808,0.03024761716720814,-0.11087858303936415,0.4799307606413887,-0.0737399884773553,0.0737399884773553,0.011232892029374941,1.2503864231412258,0.6252594531179496,0.5985215013542473,0.005749583965663607,0.05820390810724427,0.021294719324870037,-0.01421180297685265,-0.06261970634687819,-0.015221008260458357,0.028318553761750482,-0.015221008260458357,0.0944270855800462,0.0012510711934194951,0.0012150750254276144,-0.016451497459317954,0.04279467483519239,-0.09156682778433645,-0.016451497459317954,-0.07156784325265174,0.1967514760959519,1.3227261559619115,1.1683406997333834,0.7123365818873306,0.6850433957394244,0.009264967861298625,-0.0737399884773553,0.0737399884773553,0.10029121448321265,198325780.22251433,0.9499589933963634,0.023809523809523808,0.0,0.0,0.018762215249581056,1.7712520079992133,-0.015002929289400169,-0.0030079958375996974,-0.020197666553638305,1.1674616810883491,-0.04153772939318867,0.04583188457468261,-0.056814801345119736,0.023834924672823554,0.3630308916835905,0.2298727572555205,1.1321407841597566,0.01051208389957301,0.030392585661848326,-0.0737399884773553,0.0737399884773553,0.024845404806559834,0.9206349206349206,0.4603174603174603,188401358.5447281,19.054085136347634,0.047619047619047616,0.0,0.0,0.020865676928343378,-0.015005372361709846,0.009122267122691596,-0.061245919831531125,-0.01593914796693985,0.6666666666666666,0.016005690930595246,-0.04153772939318867,0.08817055759021808,-0.17283991670454857,-0.01593914796693985,-0.024818299264949717,0.26024832365623035,0.01205643278032595,-0.04441071782917361,0.04441071782917361,0.018766154452778627,200588253.776296,-0.021697475234947916,0.023910349848046172,-0.009396374362187543,0.15690076873760872,0.07511533032501849,0.06417946841283806,0.41117652106332536,1.0,3.0,1.0,1.0,0.0,63.0,126.0,0.12136105860113422,-0.05420286678177255,0.027524862368419223,0.09421979263328084,0.09421979263328084,0.5660377358490566,0.3234771280969934,0.5222242696945671,0,0,0,0,0,0
recent_month_non_top10_control,2026-04-30,ACN,176.58668518066406,-0.8057046973460098,-0.39452817628268444,0.7918864729020076,0.826847219749093,-0.32525074866315773,-0.26915847020210315,-0.2793861698230612,-0.048882413040521544,0.0002882778701861488,0.05413845071437251,-0.37053391120764023,-0.0003998849038839847,-0.34356563823589925,-0.03700929067020653,-0.7188519088773155,-0.4395999774538064,0.4395999774538064,-0.05061294317546228,1.4554285764097736,0.10549845178548534,-0.24427623994177783,-0.27909789195287504,0.02830585997466173,0.07319992731666747,-0.21918234983649343,-0.23817032732157306,-0.32826858286358274,-0.29558421487983966,-0.32826858286358274,-0.27909789195287504,-0.017368407733047486,-0.11615467267169899,-0.3163954604932677,-0.20831447030975847,-0.3915107908182862,-0.3163954604932677,-0.6965639363577937,0.38865608670275265,1.0561226593121953,1.1687019927637197,-0.1264748888856717,-0.20605412551900726,0.017720859482591965,-0.3753880621503932,0.3753880621503932,0.009832194411448336,1213068721.2205434,1.1403620043625038,0.18253968253968253,0.015873015873015872,0.023809523809523808,0.03257097604490663,1.215046870437558,-0.011685112543475484,-0.051802333365579156,-0.08611366824077316,0.827882835459,-0.049971292658568256,0.09534139763718873,-0.1365201031598966,-0.052692840403719354,-0.13268616167472436,0.45422314302925604,0.9036714798566405,0.021035431583886568,-0.05391087441778264,-0.32446671397180327,0.32446671397180327,0.009832194411448336,0.9682539682539683,0.047619047619047616,1383337478.3605182,21.047764879644504,0.23809523809523808,0.031746031746031744,0.047619047619047616,0.03809163767379741,-0.06319098082375219,-0.0793481983809109,-0.22194457837118745,-0.09110125813305914,0.16666666666666666,-0.04899256440360831,-0.20831447030975847,0.07319992731666747,-0.24800202687066786,-0.09110125813305914,-0.05148469601792105,0.4104684998463823,0.018288692703054475,-0.10482533095121016,0.10482533095121016,0.009832194411448336,955879573.0263846,-0.032724225238707216,0.03792657138644095,0.0016815371489928843,0.15690076873760872,0.07511533032501849,0.06417946841283806,0.41117652106332536,1.0,3.0,1.0,1.0,0.0,63.0,126.0,0.749149338374291,0.046779750941540854,-0.30367634065611704,-0.167604254291426,0.046779750941540854,0.40943396226415096,0.3234771280969934,0.5222242696945671,0,0,0,0,0,0
recent_month_non_top10_control,2026-04-30,ADBE,246.1000061035156,-0.7548748545926599,-0.34369833352933454,0.9241503983101494,0.9453691899941182,-0.31197404337900214,-0.30233874952936757,-0.2768358030353113,-0.0200012123927249,0.04558600560880488,-0.13828567452089335,-0.02249861839124445,-0.059298853458769285,-0.34101527144814936,0.1160515101231735,-0.764537117460322,-0.4149947456778976,0.4149947456778976,-0.05824198455020935,1.194097753685879,-0.1022054962366532,-0.24655675070464667,-0.23124979742650642,0.033615015419018415,0.09327456001037171,-0.13037760959702793,0.018632932950163994,-0.2968370154280362,-0.2683075386299513,-0.2968370154280362,-0.23124979742650642,-0.16211889430431536,-0.060614490167668955,-0.1607842929121378,-0.10516622792119568,-0.2358996232371563,-0.1607842929121378,-0.38527165635930166,0.36209596200498206,1.260773146366419,1.152531697255271,0.1208942503114141,0.13482014055091662,0.016488003286760675,-0.31166613446768976,0.31166613446768976,0.09207898574659179,1466856375.4185388,1.0401171941053104,0.15079365079365079,0.015873015873015872,0.03968253968253968,0.029855670296180897,1.2594681312564968,0.14927475081461516,-0.058351652722374525,-0.018300823914522923,1.067096334596269,-0.07366335719405293,0.09019952773748119,-0.06215463332562288,-0.05377874853866993,0.03945768482490264,0.4173270736588821,1.0939162448797914,0.01933103348590687,0.011952158855537576,-0.16115617285568729,0.16115617285568729,0.09207898574659179,0.9682539682539683,0.2222222222222222,1525702537.3558166,21.145720821813985,0.2222222222222222,0.015873015873015872,0.047619047619047616,0.03439514532165399,0.016568310202068837,0.01707345788096659,0.027214333003043496,0.01242391085120964,0.3333333333333333,-0.04909147700279198,-0.16211889430431536,0.09327456001037171,-0.14447685788639908,0.01242391085120964,0.016213604156447348,0.4565208653035965,0.021666540498997803,-0.03844649622578389,0.03844649622578389,0.09207898574659179,1273139997.536069,0.0033431417046623224,0.04139431599271105,0.010578029296368419,0.15690076873760872,0.07511533032501849,0.06417946841283806,0.41117652106332536,2.0,8.0,2.0,1.0,1.0,63.0,126.0,0.7253308128544423,0.05327096719391444,-0.16692401792861167,-0.08529055250951556,0.05327096719391444,0.44528301886792454,0.3234771280969934,0.5222242696945671,0,0,0,0,0,0
recent_month_non_top10_control,2026-04-30,ADI,401.16119384765625,0.6840279507463902,1.0952044718097156,0.9627382786624596,0.9899931200300476,0.8098483755904355,0.6481266910765322,0.7295722748455833,-0.2416683808561253,-0.2034368464566605,0.33249911072466376,-0.03450779431397155,0.13330196172132647,0.6653928064327452,-0.4315809584348911,2.2451913234117704,-0.004011080611135309,0.004011080611135309,0.08558040921014509,1.1036299251773014,-0.14969584165607408,0.10368741383831814,0.5261354283889228,0.1299049697691801,0.02569489504927369,0.2585090347033072,0.020526087928606107,0.487903893989458,0.5812038657413213,0.487903893989458,0.7295722748455833,0.14631267187821173,0.05846236570774188,0.2979913164106922,0.1444608718603304,0.22287598608567372,0.2979913164106922,0.8427211180367551,0.3249488216162053,1.1678194635491375,1.0881900865626426,-0.12594787559205767,0.10516193335184987,0.01586305277554516,-0.004011080611135309,0.004011080611135309,0.7981560667188707,1169118134.5304823,1.1463503422796406,0.15079365079365079,0.031746031746031744,0.0,0.02623658701951498,0.9803251089293736,0.11146522847109719,0.06315595327164392,0.17646160483340556,1.274071502093678,-0.10302104614435292,0.12568211283542088,0.13415089001758274,0.15721528341767277,-0.2052964678428738,0.35360608632296714,1.073175980896892,0.01712539296316124,0.24097985086945028,-0.004011080611135309,0.004011080611135309,0.32715272546755125,0.07936507936507936,0.3492063492063492,1340218973.6843534,21.016098851502175,0.1746031746031746,0.031746031746031744,0.0,0.027896322085907914,0.155938404167145,0.2575616949666124,0.6967714868616537,0.2644119297810239,0.8333333333333334,0.10186021402430222,-0.10302104614435292,0.2644119297810239,0.10751116104341518,0.2644119297810239,0.10189656976523565,0.37948155854076127,0.019484562655749476,-0.004011080611135309,0.004011080611135309,0.2636176362869094,1169567012.0364234,0.036736576531739784,0.02937334290937899,0.022526837376939612,0.15690076873760872,0.07511533032501849,0.06417946841283806,0.41117652106332536,1.0,3.0,1.0,1.0,0.0,63.0,126.0,0.7264650283553875,0.02881215648237956,-0.009949069055362192,-0.07304098438599493,0.02881215648237956,0.33773584905660375,0.3234771280969934,0.5222242696945671,0,0,0,0,0,0
recent_month_non_top10_control,2026-04-30,ADM,74.05176544189453,0.20492869738390285,0.6161052184472282,0.9565424831534306,0.9748196392207726,0.4098267528143189,0.26773869840304143,0.25119302495724605,0.055152901134125853,-0.014745430279055283,0.12138151964557076,-0.005621180245021229,0.011925641120999586,0.187013556544408,-0.13543268555669652,0.8905375111813094,0.0,-0.0,0.04161704005761124,1.240610771181302,-0.06983188276426389,0.03784469418651515,0.23644759467819076,0.036844373048386565,-0.05350675500043023,0.12392072928386955,0.013483891987789098,0.3063459260913719,0.26466218190893626,0.23644759467819076,0.3063459260913719,0.17081229719387214,0.021337537779455795,0.11576033940054953,0.033432991129429324,0.040645009075531036,0.11576033940054953,0.4159936983636713,0.28206899968091775,0.9963047111759823,0.9865467750619651,0.23700351189592928,0.2684859311067884,0.013620781849170148,0.0,-0.0,0.35240552186347207,233563413.33567,1.1542092815320195,0.0873015873015873,0.007936507936507936,0.007936507936507936,0.027857882812952234,1.3534752195267152,0.0,0.016732791967575933,0.06476281335143486,0.9529327696808071,0.05286787819138716,0.0735714257556894,0.07966394432709722,0.00647434868736263,0.0667486599081486,0.27827426198016386,1.009891001988633,0.01443061689038252,0.00043921284535852756,0.0,-0.0,0.14781947585491806,0.0,0.9206349206349206,269581059.49832976,19.41237968415764,0.06349206349206349,0.015873015873015872,0.0,0.029854050490194597,0.05540870712050161,0.00199630358472902,0.09056275436582115,0.02545054958058013,0.8333333333333334,0.04016376703597302,-0.05350675500043023,0.17081229719387214,-0.1314502191570286,0.02545054958058013,0.05615891531108885,0.281026673258795,0.015027846467766321,0.0,-0.0,0.11336827031431818,229263958.82517496,0.05568772768167962,0.02449306023332308,0.031324354023496204,0.15690076873760872,0.07511533032501849,0.06417946841283806,0.41117652106332536,1.0,3.0,1.0,1.0,0.0,63.0,126.0,0.3826086956521739,0.07735444662554403,0.031710737346659856,0.1602694095978483,0.1602694095978483,0.7377358490566037,0.3234771280969934,0.5222242696945671,0,0,0,0,0,0
recent_month_top_future_return,2026-04-30,ALAB,194.7400054931641,1.5706028813696704,1.9817794024329958,1.036777208781377,1.1530123943920392,0.42426688786871014,-0.005413674882903452,0.04317555781878113,0.1274183636688977,0.19271957730337275,-0.19316476844533303,0.4860874334716445,-0.15593521798621246,-0.02100391059405693,0.24974710720753035,0.04540718326382917,-0.22685405066683584,0.22685405066683584,0.01638536390511347,0.9249168876993796,0.20340091563113138,0.5559043189329058,0.23589513512215388,0.0980140494845726,0.05578468539413328,0.2925111480163951,0.12867859031731654,0.17059392148767882,0.14988820480953793,0.04317555781878113,0.23589513512215388,-0.09461412259807755,0.022290216995868306,0.2929226650263115,-0.21106091034858365,0.217807334701293,0.2929226650263115,0.2781570190018468,0.9508530306299415,0.9617165557492566,1.1075148504121493,0.009305514741894338,0.7933591626055314,0.04499175503774996,-0.0850403643871156,0.0850403643871156,0.9421562981236045,843190652.0339057,0.9391677860756383,0.5476190476190477,0.19047619047619047,0.14285714285714285,0.07498368732134204,1.2588933369714395,0.3309558015239834,0.24057208982553657,0.39786354981495586,1.2141616547386676,-0.07767401510315752,0.3677163235497371,0.6388117688497024,0.4088742434491359,0.00278985272172827,1.0530838519820584,0.8683554494924963,0.047853357585585767,0.6385220929226605,-0.0850403643871156,0.0850403643871156,0.9421562981236045,0.06349206349206349,0.3492063492063492,791897497.9103572,20.489942520835406,0.5079365079365079,0.2222222222222222,0.15873015873015872,0.07250279686277707,0.29635960907586756,0.7695923817943082,0.84949855818599,0.7768248923757639,0.3333333333333333,0.048887551955644336,-0.21106091034858365,0.7768248923757639,0.6199241236381552,0.7768248923757639,0.16048433082285474,0.9144511016411698,0.0475527687127577,-0.0850403643871156,0.0850403643871156,0.8314680912221,975992223.0753944,0.015434378888716793,0.07468639634297705,-0.01084944570594304,0.15690076873760872,0.07511533032501849,0.06417946841283806,0.41117652106332536,1.0,4.0,1.0,0.0,1.0,63.0,126.0,0.900945179584121,0.760552513261332,1.480332624980989,0.4972783113252037,1.480332624980989,1.0,0.3234771280969934,0.5222242696945671,1,1,1,1,1,1
recent_month_top_future_return,2026-04-30,AMAT,394.0001831054688,1.2297834019248597,1.640959922988185,0.8892834326695958,0.919551609773171,1.2042124458479884,0.9329697791703038,0.6977959329347754,-0.16084120516673006,-0.13196051535393805,0.38546473893125466,-0.1600304963792194,0.08427483110441614,0.6336164645219373,-0.4723616903827401,1.4214871974388144,-0.05407155708802036,0.05407155708802036,0.10373828599417845,1.0084279925772566,-0.2816457953352829,-0.11970415932262268,0.5658354175808373,0.08574921295656866,0.01879085264582403,0.18300285198468158,0.0016499945125699744,0.5369547277680453,0.600195359427886,0.5369547277680453,0.6977959329347754,0.2542123227822093,0.07123516018455223,0.22543424255203526,0.15650376929340704,0.15031891222701677,0.22543424255203526,0.413975422201211,0.4908914650740714,0.9436762086510194,1.109327668837002,-0.15423004942655594,-0.023822303628479147,0.02430730992952769,-0.05407155708802036,0.05407155708802036,0.793497684293321,2250778471.2170434,1.1242802803092022,0.3412698412698413,0.06349206349206349,0.05555555555555555,0.03706852829417742,1.0526787314101416,0.08052775483842545,0.057497057703244536,0.06889723734489084,0.9412835323299715,-0.08195001156809056,0.1181743771628993,0.05960246312101769,0.11974797431387718,-0.1341548286731895,0.5445594846026002,0.850674002966456,0.026183121396818828,0.13132390095185387,-0.05407155708802036,0.05407155708802036,0.32722440885993853,0.06349206349206349,0.9365079365079365,2530505850.5338154,21.651685061017954,0.36507936507936506,0.06349206349206349,0.09523809523809523,0.04027898181821018,0.047490987464772205,0.15796764439244804,0.33284546917695346,0.15418819941481532,0.8333333333333334,0.0976699939454302,-0.08195001156809056,0.2542123227822093,-0.002712569322793401,0.15418819941481532,0.013550300405024363,0.46324259662024403,0.020634302318217286,-0.05407155708802036,0.05407155708802036,0.1320630204585267,2165733863.4841194,-0.006415021693357281,0.03378321458576876,-0.003858400069157164,0.15690076873760872,0.07511533032501849,0.06417946841283806,0.41117652106332536,2.0,7.0,2.0,1.0,1.0,63.0,126.0,0.9011342155009452,0.14228372690405178,0.8350245279111004,0.3610399766145609,0.8350245279111004,0.9849056603773585,0.3234771280969934,0.5222242696945671,1,1,1,1,1,0
recent_month_top_future_return,2026-04-30,DDOG,132.19000244140625,-0.11722587792689754,0.2939506431364278,0.8740246867651692,0.8887848310283284,-0.05565076099370281,-0.07169938126893549,-0.18807195857961767,0.16012870614737307,0.014207868707149296,-0.2056998386866401,0.22789280926073008,-0.017197979815398723,-0.25225142699245573,0.21026492915370765,-0.2920461732674708,-0.33812336454310343,0.33812336454310343,-0.07527039700835725,1.0484592272833944,0.34119387888890973,0.370958955177241,-0.17386408987246837,0.08863403866920763,-0.1501155542671161,0.04253462530003693,0.339133304841965,-0.027943252432244603,-0.12995976696144354,-0.18807195857961767,-0.027943252432244603,-0.04904770865150532,-0.00828495631394599,0.022192970574089976,-0.13424069947833162,-0.052922359750928516,0.022192970574089976,0.034462994723619744,0.6439802188655004,0.8056686219706444,0.9999767359320358,0.9116076672539912,1.1405795482319836,0.02649732800747138,-0.33812336454310343,0.33812336454310343,0.2882132747973174,702117334.5533401,0.9361534979770479,0.2857142857142857,0.07142857142857142,0.07142857142857142,0.04557923659506156,1.699828683793012,0.15203984710106278,0.017417047464438173,0.0897352075237301,1.0227023442177876,0.05439446246056412,0.10523768099945466,0.18068956343658304,-0.012775963748204777,0.3544280652198586,0.6439652372659211,0.805687365536274,0.02952286979506195,0.057933078127414994,-0.013360153330448932,0.013360153330448932,0.2882132747973174,0.015873015873015872,0.746031746031746,657289598.7324306,20.30363527039819,0.38095238095238093,0.07936507936507936,0.09523809523809523,0.05504902834412465,0.07870579744268569,0.1072776866822931,0.23086304047471679,0.1197797460746266,0.3333333333333333,-0.029404622279526837,-0.1501155542671161,0.1197797460746266,-0.03712102266298212,0.1197797460746266,0.0769350002986271,0.5188346555097216,0.02377807230200538,-0.013360153330448932,0.013360153330448932,0.25453164084399904,562423937.7805437,0.012562255391851629,0.0490068562228412,0.001651883120163955,0.15690076873760872,0.07511533032501849,0.06417946841283806,0.41117652106332536,2.0,7.0,2.0,1.0,1.0,63.0,126.0,0.8325141776937619,0.8711702968093558,0.9695890804372147,0.8674634696354837,0.9695890804372147,0.9905660377358491,0.3234771280969934,0.5222242696945671,1,1,1,1,1,0
recent_month_top_future_return,2026-04-30,DELL,208.60528564453125,0.9005837295934922,1.3117602506568176,1.1954832592217257,1.2630347045723205,0.5921586238204524,0.49018506707936327,0.2993857666084194,0.37294888488699773,0.2792678377176725,-0.29053348724414263,1.1220304546782716,-0.1769025433777086,0.23520629819558136,0.5321112008257096,0.5124306639610618,-0.03304178271364944,0.03304178271364944,0.09733530438161231,1.5202966047732764,-0.4749923146431666,-0.038450016389348196,0.5786536043260919,0.1940178404686455,-0.056018122380921076,0.4401053949189744,0.2574917045304932,0.6723346514954172,0.5167913408099761,0.2993857666084194,0.6723346514954172,-0.08690285529748554,0.2377325887832351,0.831496967434129,0.29395318167891604,0.7563816371091105,0.831496967434129,1.199071169857369,0.5842463920761168,0.9367834130811936,1.1869151394674817,-0.5890386985277496,-0.4751961400231913,0.025856218129751026,-0.03304178271364944,0.03304178271364944,0.887066872298613,1082964353.1652057,1.2127189438583554,0.31746031746031744,0.047619047619047616,0.047619047619047616,0.04192411073146791,0.46901097254990076,0.07499573726073538,0.2599375566848281,0.2463794666866299,1.4336301576522077,0.10838731933859247,0.19765347772220046,0.41542753892976636,0.24029208249058143,-0.6799362424302084,0.6934508879343972,0.7892589637886736,0.031548182614362166,0.2594934602235581,-0.03304178271364944,0.03304178271364944,0.8577957873456212,0.06349206349206349,0.8412698412698413,1313331386.6067553,20.995832790069347,0.42857142857142855,0.07936507936507936,0.047619047619047616,0.046785912748455456,0.12320864499452377,0.22712701021562465,0.5061374677042593,0.2770152763696303,0.5,0.059922042721837265,-0.1769025433777086,0.29395318167891604,0.12011450763202158,0.2770152763696303,0.0714433082663184,0.547312329249438,0.028998889484884768,-0.03304178271364944,0.03304178271364944,0.237433665541545,1202800622.7369761,-0.0008625035862129815,0.04616874472046533,-0.007457725521566649,0.15690076873760872,0.07511533032501849,0.06417946841283806,0.41117652106332536,2.0,7.0,2.0,1.0,1.0,63.0,126.0,0.8791115311909263,1.01440536557406,1.0648959019998014,1.097262294424846,1.097262294424846,0.9962264150943396,0.3234771280969934,0.5222242696945671,1,1,1,1,1,1
recent_month_top_future_return,2026-04-30,ENPH,32.959999084472656,-0.6719973559661541,-0.2608208349028287,1.2502539703082125,1.3562756367551623,0.01854136164413922,-0.06866347406286066,0.08030150236680633,-0.05190837072642096,0.06215945599223649,0.21206159504481947,-0.32076901817964865,-0.05440838528217051,0.016122033953968273,-0.1890089255016355,0.09445488110034457,-0.3621056657152687,0.3621056657152687,0.024893134584866417,1.0794338281991787,1.132183168104373,0.9003990302482907,0.14246095835904282,0.0571106324208257,0.11091850305992268,-0.13650144059455782,-0.2756432141446321,0.028393131640385372,0.08371853078874485,0.028393131640385372,0.14246095835904282,0.15382216606966548,-0.09029040072376715,-0.10870742313482917,0.14305032398622464,-0.18382275345984767,-0.10870742313482917,-0.10600176805796294,0.8501572542502877,0.7352081817873637,1.2062763883064596,1.1283468277427922,0.8553373960836959,0.03380501138203243,-0.3621056657152687,0.3621056657152687,0.2618682245586026,257069768.01972315,1.1200707798478453,0.4444444444444444,0.09523809523809523,0.1111111111111111,0.05693501070652104,1.8370803135630824,-0.09386495956435525,-0.1763634157292978,-0.15556469098708314,0.8684608514987253,-0.10551216078005732,0.1300697460997464,-0.2202507989701491,-0.20645276567854254,0.38917523371019014,1.0255246221495735,0.6094856775067548,0.04026685032340159,-0.16382185011938744,-0.3621056657152687,0.3621056657152687,0.056748910551710496,0.9365079365079365,0.2222222222222222,287936335.541156,19.478249959987714,0.5396825396825397,0.12698412698412698,0.15873015873015872,0.06314959543686198,-0.07315063890297158,-0.1264948402483438,-0.20522282141495002,-0.12827299954144944,0.5,0.019932907918689253,-0.12827299954144944,0.15382216606966548,-0.28517376827905816,-0.12827299954144944,-0.00734854253726358,0.6250425691306914,0.0296312680469132,-0.13897596302175075,0.13897596302175075,0.056748910551710496,240784662.39643097,-0.03331772088822582,0.06432039079749229,-0.027499147540326785,0.15690076873760872,0.07511533032501849,0.06417946841283806,0.41117652106332536,1.0,3.0,1.0,0.0,1.0,63.0,126.0,0.7366729678638941,1.0740292023416873,0.4939321312561442,0.11347092786263757,1.0740292023416873,0.9943396226415094,0.3234771280969934,0.5222242696945671,1,1,1,1,1,1
recent_month_top_future_return,2026-04-30,FTNT,84.30999755859375,-0.5986283731951331,-0.1874518521318077,0.8698032996654319,0.8952276256060242,-0.1560560933850096,0.002735439135707951,-0.024528551881250804,0.08623354710243114,0.06372490850434698,-0.05981717170763112,0.09735095637637914,-0.0613213355668637,-0.08870802029408886,0.06206233654999882,-0.07278398617842345,-0.22430770388431553,0.22430770388431553,0.002744926223091859,1.099751188796128,-0.22517368750916777,-0.19609152354045678,0.039196356623096174,0.04472830465021332,-0.0212004640643092,0.0367988924359155,0.03155830713936858,0.061704995221180337,0.025457599987675234,-0.024528551881250804,0.061704995221180337,0.02329679371370963,0.005100592263261872,0.037533784668748016,-0.027442816863271102,-0.037581545656270476,0.037533784668748016,0.09974211151927877,0.3370047886786696,1.1240701653772165,1.1166259800845324,-0.03882419109376034,-0.00836112467244532,0.016442410479791583,-0.03996814106613278,0.03996814106613278,0.12069644817878755,505934720.07535905,1.0542645454728854,0.1349206349206349,0.007936507936507936,0.015873015873015872,0.03064453826901606,1.090501318435894,0.029492101422123662,0.01044411939095724,0.030465377458807286,1.0478380150049098,0.034037738617692215,0.03897590664971064,0.06681005771039006,0.004748685050960821,-0.10164966836563782,0.3763083024515002,1.0066666774958257,0.018711922033241436,0.0454809477773408,-0.03996814106613278,0.03996814106613278,0.12069644817878755,0.8571428571428571,0.7301587301587301,533389037.69919986,20.09476161963077,0.20634920634920634,0.0,0.015873015873015872,0.036304101452848424,0.027644352991206045,0.06833962884140288,0.08366451396489748,0.03169354257467227,0.5,-0.0034894235980616473,-0.0613213355668637,0.034037738617692215,-0.12520722616293645,0.03169354257467227,0.019104408148904906,0.378817028542946,0.018288974514751838,-0.031920988588759025,0.031920988588759025,0.09921774332646782,453154503.07290214,-0.0030743925336977895,0.03347340228319499,-0.010794335725446524,0.15690076873760872,0.07511533032501849,0.06417946841283806,0.41117652106332536,1.0,3.0,1.0,1.0,0.0,63.0,126.0,0.5608695652173913,0.6364607426873279,0.8220851567505347,0.8072589198130793,0.8220851567505347,0.9830188679245283,0.3234771280969934,0.5222242696945671,1,1,1,1,1,0
recent_month_top_future_return,2026-04-30,MU,517.0804443359375,5.32563754292783,5.736814063991155,0.9899596337523148,1.0256760545172419,3.7453762093223943,2.0953284973426896,1.3130278089860798,-0.5002769116345374,-0.12431747870944854,0.8547954836164378,-0.6077427333713319,0.056799420640435416,1.2488483405732418,-1.065975058740974,1.86038543296495,-0.01410706698619546,0.01410706698619546,0.13539558736915347,1.5892798137213298,-0.2835687505022255,-0.10657243995226273,1.1887103302766313,0.26047306931575454,0.20739718483900438,0.3603963685784417,0.033874837998860374,0.8127508973515425,1.104829678871418,0.8127508973515425,1.3130278089860798,0.45362808188767456,0.04787494908958467,0.24705275024510587,-0.006049905538305755,0.17193741992008738,0.24705275024510587,0.3473760993028535,0.7057826758476976,0.8676709575241396,1.0076710109689986,-0.5030114830636367,-0.23921808647779352,0.03503578615491952,-0.01410706698619546,0.01410706698619546,1.5703244699216206,12925924954.660398,1.3358708630411253,0.5,0.18253968253968253,0.07142857142857142,0.055311178630536875,0.9957093859169254,0.2539025406597132,0.05764210751335419,0.22238477872194684,1.167429958614036,-0.1803915633187605,0.2750615031678429,0.2546432232299223,0.13322353923973407,-0.20969212331210485,0.7111967424958544,0.8610657129947284,0.03509166599934766,0.2579768076307829,-0.01410706698619546,0.01410706698619546,0.6070851892039548,0.047619047619047616,0.3492063492063492,17267366524.787006,23.57208422910381,0.5396825396825397,0.1746031746031746,0.07936507936507936,0.05846980290533858,0.2076122865000094,0.4602409511079204,0.8667453301859842,0.5307836853293346,0.6666666666666666,0.17702781730656378,-0.1803915633187605,0.5307836853293346,0.3738829165917259,0.5307836853293346,0.1417153951566903,0.6123871301567212,0.030651107345668088,-0.01410706698619546,0.01410706698619546,0.41207953325856117,18424515610.943024,0.05904654988595248,0.05357004822754764,0.009608761389647169,0.15690076873760872,0.07511533032501849,0.06417946841283806,0.41117652106332536,2.0,7.0,2.0,1.0,1.0,63.0,126.0,0.9741020793950851,0.8775622219761783,1.2319787210485176,0.7810575168623226,1.2319787210485176,0.9981132075471698,0.3234771280969934,0.5222242696945671,1,1,1,1,1,1
recent_month_top_future_return,2026-04-30,PANW,179.32000732421875,-0.4518868706580079,-0.04071034959468256,0.6057124084023446,0.6287822348281241,0.03294931462901185,-0.11933988987173683,-0.18579729907523745,0.15930441251240735,0.128941477895111,-0.19646750450977446,0.20974662575804126,-0.13671449264146585,-0.2499767674880755,0.19907642032350426,-0.48149851256857795,-0.18999004711766176,0.18999004711766176,-0.03357508131672393,0.9389129999059193,-0.24338957276385997,-0.23334245116288832,-0.05685582118012644,0.08458300495792369,-0.031189227277542586,0.04075440596502067,0.1768940398201484,-0.02649288656283011,-0.08971533560606466,-0.18579729907523745,-0.02649288656283011,-0.0392507917878554,-0.0024508957349278493,0.0132791212482668,-0.1585014570733717,-0.06183620907675169,0.0132791212482668,0.028617205574306387,0.38587304887837026,1.2085144161314332,1.202534836782823,-0.25544403736002885,-0.1672044999107164,0.018005080122423245,-0.18579729907523745,0.18579729907523745,0.26575852080109996,1437229392.4926274,1.2044907523562536,0.1984126984126984,0.0,0.047619047619047616,0.0330015890101188,0.8961214392182842,0.15360852411534875,0.056409618235735426,0.09868838107266953,1.0508788858311637,0.0765512308316072,0.11079901894671086,0.2041365130879571,0.051870355691951975,-0.24567716751547675,0.46402578385184123,1.004972479104728,0.02234284251322211,0.11036739037392151,-0.019573464689626063,0.019573464689626063,0.26575852080109996,0.047619047619047616,0.7301587301587301,1731129512.271966,21.272039930256092,0.31746031746031744,0.0,0.07936507936507936,0.04007995065601071,0.07534580311686145,0.1711721840751954,0.25413799250106006,0.11851296863763161,0.3333333333333333,-0.02843196155183279,-0.1585014570733717,0.11851296863763161,-0.03838780009997711,0.11851296863763161,0.04964327459352891,0.46633314236609963,0.023539210842286145,-0.019573464689626063,0.019573464689626063,0.15148020448130062,1251690054.6310425,0.013067317011338897,0.03648305397301047,-0.007406211421319142,0.15690076873760872,0.07511533032501849,0.06417946841283806,0.41117652106332536,2.0,7.0,2.0,1.0,1.0,63.0,126.0,0.6695652173913044,0.5708788252060344,0.9017397673706993,0.8056546694173103,0.9017397673706993,0.9867924528301887,0.3234771280969934,0.5222242696945671,1,1,1,1,1,0
recent_month_top_future_return,2026-04-30,SNDK,1096.510009765625,32.73737498697166,33.148551508034984,1.0400795761911494,1.1230948518925572,24.547764597972485,8.7728167521381,4.5009782756887216,-0.8817601982986751,-0.590059179664002,1.8909346044576365,-0.9880972773155541,0.12015249449774945,4.436798807275883,-3.5981409485466394,4.0239056225756515,0.0,-0.0,0.3233901922059357,1.484962354306904,-0.6313822159136717,-0.2985803209921337,3.9109190960247195,0.4492141966964794,0.06314943649499427,0.9073398059997095,0.0,3.6192180773900464,4.0103718163678295,3.6192180773900464,4.5009782756887216,1.427542287247309,0.23195945873587975,0.9028373271420824,0.10257698108731028,0.8277219968170639,0.9028373271420824,0.9073740786176228,1.1185596029977716,0.7663322439484704,0.8895369798714136,-0.27056804447667393,0.25889981248763916,0.05475185567017635,0.0,-0.0,4.641063803999219,8706670062.794083,1.5412801481562601,0.626984126984127,0.2857142857142857,0.16666666666666666,0.08607092090539196,0.8049848170262712,0.17711665122388487,0.2904195560854972,0.45894217571648843,1.3621745510620489,-3.141289434949179e-05,0.566046239768761,0.7258090453381247,0.39964457349368376,-0.16147383825940365,0.9950001310568051,0.8614956559301751,0.05204617548091863,0.4635931352035896,0.0,-0.0,1.0793620204229857,0.0,0.6031746031746031,13419417724.330938,23.31996857897419,0.6825396825396826,0.30158730158730157,0.19047619047619047,0.077888239595516,0.3218512875594832,0.6823428676969072,0.8467955846994357,0.7258632596983634,0.8333333333333334,0.4065421743552295,-3.141289434949179e-05,1.427542287247309,0.5689624909607547,0.7258632596983634,0.20485146060177595,0.8571882905553925,0.048015021418802165,0.0,-0.0,0.5828822783498542,13795984049.75092,0.1107082013812899,0.06111539805404952,0.049659523016247986,0.15690076873760872,0.07511533032501849,0.06417946841283806,0.41117652106332536,1.0,3.0,1.0,1.0,0.0,63.0,126.0,0.994234404536862,0.5457952644053343,1.0736062235808967,0.31012033250914817,1.0736062235808967,0.9924528301886792,0.3234771280969934,0.5222242696945671,1,1,1,1,1,1
recent_month_top_future_return,2026-04-30,SNOW,136.47000122070312,-0.5555116109097397,-0.1443350898464143,0.8936716636121159,0.9344497961145889,-0.38939596769260343,-0.39494569109189137,-0.5035288169509333,0.12565682953748647,0.0467146083730573,-0.2989668454408151,0.007166136473279239,-0.08600116039624883,-0.5677082853637714,0.21172810798339747,-0.9039428340667869,-0.5075774193278425,0.5075774193278425,-0.11346995708376628,1.4312961052377284,0.43244981315720876,0.014459942117520885,-0.456814208577876,0.06351347327829308,-0.1268906391728284,-0.254113112128482,0.012882892234227228,-0.37787198741344685,-0.446071670980752,-0.5035288169509333,-0.37787198741344685,-0.12153539199457553,-0.10682012325254231,-0.29180070896753585,-0.12605082340845564,-0.36691603929255434,-0.29180070896753585,-0.4381600059132519,0.5570361288064933,1.3970653008575198,1.1955568853767824,-0.008946608946608925,-0.1032419379473144,0.025594060680495783,-0.5075774193278425,0.5075774193278425,0.12682685602297572,1124712208.8234553,1.015074613630612,0.31746031746031744,0.047619047619047616,0.07936507936507936,0.04504173467156988,1.345333057644383,0.06512587565182848,-0.12140067594820891,-0.14007669309602888,0.9091745823468731,-0.10444745534940103,0.017340049133670064,-0.18965620656056337,-0.15804451892247462,-0.07775974934258378,0.6659683791982314,1.168547743687856,0.03203818868200621,-0.11050329514093327,-0.29180070896753585,0.29180070896753585,0.12682685602297572,0.9841269841269841,0.2222222222222222,1141666810.817101,20.85575514713155,0.42857142857142855,0.09523809523809523,0.12698412698412698,0.05558478582293276,-0.08530332259651163,-0.0966509908620149,-0.1222624398101963,-0.09514656813845213,0.0,-0.11001200640999359,-0.1268906391728284,-0.08600116039624883,-0.25204733687606085,-0.09514656813845213,-0.04686409082651799,0.7782158468795517,0.03351970279664396,-0.1227743472667574,0.1227743472667574,0.12682685602297572,1122254674.1997855,-0.060156324273368034,0.05803001494140663,-0.031880481523230864,0.15690076873760872,0.07511533032501849,0.06417946841283806,0.41117652106332536,1.0,4.0,1.0,0.0,1.0,63.0,126.0,0.8638941398865785,0.8725727322188204,0.8648787112444987,0.9642411897181675,0.9642411897181675,0.9886792452830189,0.3234771280969934,0.5222242696945671,1,1,1,1,1,0
recent_month_non_top10_control,2026-05-31,A,135.2698211669922,-0.20825141239222766,0.22089405782795524,1.1814579071365938,1.227123124399398,0.08511295891548465,-0.07022382378115744,-0.11347202970319303,0.12833381570016034,0.11356047477231845,-0.2078374992612303,0.32696137784678825,-0.11355043179652902,-0.3087781708062325,0.23259590828875099,-0.3126802732773488,-0.134338238237945,0.134338238237945,-0.038231320702021954,1.3874881014578846,0.1507291858962525,0.2878085097218157,8.844506912542016e-05,0.07021847013054726,-0.014556997939703664,0.1089299640990451,0.2123019757847956,0.014861785996967303,-0.0328405995457001,-0.11347202970319303,0.014861785996967303,-0.0931640317784711,-0.007197505844410701,0.11912387858555795,-0.0588228350912372,-0.09815436757838403,0.11912387858555795,0.26756848925949817,0.36290114663723233,1.8056115442713532,1.2268049462803772,1.2292355833705857,1.6146974908481644,0.014409766135113794,-0.11846833198609963,0.11846833198609963,0.23221384734772288,279590181.50003827,0.9444168679093345,0.10317460317460317,0.007936507936507936,0.007936507936507936,0.0255104892473772,1.7826128401887422,0.14459216924385598,0.011171822714734159,0.17019291668569103,1.2617867635153601,0.0137743465236555,0.10380697713369548,0.18906824380300935,-0.005506212119531173,0.5433912433458508,0.44520892170537707,1.471800019836808,0.0163461570767084,0.0036923637654238117,0.0,-0.0,0.23221384734772288,0.0,0.6825396825396826,264049683.5104685,19.39164784230669,0.12698412698412698,0.015873015873015872,0.015873015873015872,0.026784069865766737,0.1620210677701468,0.0787568264487355,0.2638838649524504,0.17291214546950817,0.3333333333333333,-0.015567967435462885,-0.11355043179652902,0.17291214546950817,0.0672272603800308,0.17291214546950817,0.1652029896492655,0.6552584997974978,0.021581663470019875,0.0,-0.0,0.2257393789299258,309673488.86976695,0.1488124816024048,0.03488423693105924,0.09867216724681205,0.10568488508947738,0.21727824616394198,0.19530614110303945,0.4291454702201829,1.0,3.0,1.0,1.0,0.0,63.0,126.0,0.449054820415879,-0.018036686342074115,0.024397061582216883,,0.024397061582216883,0.3427495291902072,0.18458189789291835,0.21486847481139537,0,0,0,0,0,0
recent_month_non_top10_control,2026-05-31,AAPL,312.0599975585937,0.13071514033171527,0.5598606105518982,1.0248457080938471,1.0582765034819148,0.34807807307393324,0.15746149466466064,0.12117544689867055,0.08369480332538104,0.028827454654987594,-0.05172244411765614,0.23405080351392005,-0.025067288626873463,-0.07413069420436891,0.06115291249759336,0.5519403314082858,-0.001439992937726342,0.001439992937726342,0.017739241526647076,1.1135830709629584,-0.03233125824794625,0.1441021958747526,0.15000290155365814,0.04251718906449897,-0.045537972790174464,0.163531502949388,0.07460319842323226,0.2048702502240516,0.1586828662254601,0.12117544689867055,0.2048702502240516,0.019065677185734042,0.05629483824117498,0.1823283593962639,-0.039329287398935375,-0.03494988676767807,0.1823283593962639,0.8831248832938621,0.21954446885497422,0.7715881609971111,0.9403934646561015,-0.23758113931465175,-0.12238949396086807,0.010030689174217846,-0.001439992937726342,0.001439992937726342,0.2672872777981612,12408525070.406027,0.9730260660343827,0.047619047619047616,0.0,0.0,0.01959775766545979,1.041093066347256,0.021988928074505254,0.11161433169462054,0.13431283656994175,0.8293957071385853,0.06919119500662885,0.07672804672525683,0.23073217897426046,0.1262469178094776,-0.006585707591178158,0.2064581837126128,0.8204950268122908,0.010120654664331484,0.13362962845932524,-0.001439992937726342,0.001439992937726342,0.26646192228936494,0.015873015873015872,0.6666666666666666,12073818334.546188,23.214305171286153,0.015873015873015872,0.0,0.0,0.019539918605436874,0.08182440671929614,0.14857607432073916,0.8919064299741152,0.15108708781185776,0.5,0.02156823519803956,-0.045537972790174464,0.15108708781185776,0.04540220272238038,0.15108708781185776,0.04907225817474048,0.1693979129808971,0.009510878367677257,-0.001439992937726342,0.001439992937726342,0.15108708781185776,15066994435.595993,0.0208547914863777,0.015912702363263333,0.004978828930279455,0.10568488508947738,0.21727824616394198,0.19530614110303945,0.4291454702201829,2.0,8.0,2.0,1.0,1.0,63.0,126.0,0.4533081285444235,-0.07274246101591075,0.06716654367448238,,0.06716654367448238,0.5216572504708098,0.18458189789291835,0.21486847481139537,0,0,0,0,0,0
recent_month_non_top10_control,2026-05-31,ABNB,133.30999755859375,-0.3957346364326344,0.0334108337875485,0.9992546591190975,1.0285372223302325,0.021297776796867618,0.053500842374623936,0.13949910242607455,-0.10904379910912487,-0.15725627631668126,0.1548850592140545,-0.1682075597219843,0.16009918539142132,-0.055807038676964904,-0.15282160293400437,0.44606365478882914,-0.07539184123577358,0.07539184123577358,0.006553660056941801,0.9660526476047844,-0.3527275525121182,-0.3613508400225445,-0.017757173890606714,0.08056522153264888,-0.04678754823461484,0.007872211377167648,-0.039980929159597944,0.030455303316949678,0.0507324106174725,-0.017757173890606714,0.13949910242607455,0.04436890863267462,0.016302529023612733,-0.013322500507929824,-0.06535416913008418,-0.2306007466718718,-0.013322500507929824,-0.04436064381454812,0.3127336220479895,0.7624246641709937,0.9603141543806845,0.4721240331781753,0.3981821773692438,0.014622271369325758,-0.07539184123577358,0.07539184123577358,0.14962054683600212,558482884.8799328,0.8928778228816604,0.10317460317460317,0.015873015873015872,0.023809523809523808,0.03027585525030745,1.102082523657102,-0.04889723546880187,0.0339279183387875,-0.008058474943160476,1.0244621474818443,0.11149827341749274,0.09495611702133629,0.0556699306877837,0.002337561952398426,0.17847737163563004,0.3003225238034236,0.7939325487321266,0.01439118677955842,-0.05781528691161386,-0.07539184123577358,0.07539184123577358,0.08496780807878768,0.4126984126984127,0.6825396825396826,498656982.36826336,20.027429009262896,0.09523809523809523,0.015873015873015872,0.015873015873015872,0.03195746565543414,-0.03204494156353199,-0.05691632047261974,-0.21065629014900972,-0.050228006704909345,0.5,0.025599440561996718,-0.06535416913008418,0.16009918539142132,-0.15591289179438672,-0.050228006704909345,-0.017720989501005424,0.23843582676491687,0.011741272447702875,-0.058943991865426204,0.058943991865426204,0.016392145749119624,555473778.8330078,3.7475919661300594e-05,0.03474126134790393,0.002421249053525587,0.10568488508947738,0.21727824616394198,0.19530614110303945,0.4291454702201829,1.0,3.0,1.0,1.0,0.0,63.0,126.0,0.5435727788279773,0.07343791706708913,0.05843529133287939,,0.07343791706708913,0.551789077212806,0.18458189789291835,0.21486847481139537,0,0,0,0,0,0
recent_month_non_top10_control,2026-05-31,ACGL,89.33999633789062,-0.48912026528255825,-0.05997479506237535,1.0464352167398574,1.06508456058783,-0.023926608441096175,0.03510600005798725,-0.048764926749850446,-0.020997719166091944,-0.01983392600935463,0.06633308643944935,-0.17427122945779927,0.021294719324870037,-0.2440710678528899,-0.05917321626849947,-0.24099572430806712,-0.12394593648720031,0.12394593648720031,-0.0014049950122291266,1.5723593430273617,1.3166989155379563,1.066638736662164,-0.06859885275920508,0.011801435263237318,0.0012510711934194951,-0.06613081119166786,-0.09802601294705804,-0.06976264591594239,-0.06237547514166597,-0.06976264591594239,-0.048764926749850446,0.04279467483519239,-0.01350550208694934,-0.10793814301834992,-0.04153772939318867,-0.3252163891822919,-0.10793814301834992,-0.5151212266892125,0.2023476843411287,1.0005516279522464,1.0355409013169592,0.42935672839334793,0.3518814960606129,0.009298746204373855,-0.12394593648720031,0.12394593648720031,0.0,205273903.15318033,0.9987861308903806,0.031746031746031744,0.0,0.0,0.019200737563421593,1.8776075857038659,-0.0422307368722864,-0.00973436486274537,-0.06131998531756655,0.9772137629843572,-0.01593914796693985,0.0370024769075902,-0.06927806723484542,-0.029133615918228828,0.4230223516187879,0.209539303422012,0.9662115969343027,0.009792498355496858,-0.02675093381460958,-0.1159707253496417,0.1159707253496417,0.0,0.9841269841269841,0.0,205024727.5031317,19.138641156672396,0.031746031746031744,0.0,0.0,0.01970058305848389,-0.05871696357925271,-0.036033217969954956,-0.2677222802239599,-0.05420286678177255,0.5,-0.007723213131403191,-0.05420286678177255,0.04279467483519239,-0.15988775187124993,-0.05420286678177255,-0.05050379934799376,0.2024593049798836,0.008775841083245181,-0.077447338740403,0.077447338740403,0.0,250491022.8717259,-0.05188427924430872,0.022170523916343655,-0.035371901349299684,0.10568488508947738,0.21727824616394198,0.19530614110303945,0.4291454702201829,1.0,3.0,1.0,1.0,0.0,63.0,126.0,0.1506616257088847,0.08641147903684154,0.15692864167395104,,0.15692864167395104,0.8436911487758946,0.18458189789291835,0.21486847481139537,0,0,0,0,0,0
recent_month_non_top10_control,2026-05-31,ACN,184.8473663330078,-0.8306985763831082,-0.4015531061629253,0.8370109430378097,0.8456606469382733,-0.2743145794146189,-0.2456760343223542,-0.2453742708851987,-0.039042339507437296,-0.051470883585134186,-0.16511998636533465,0.06899325772264553,0.07319992731666747,-0.44068041198823815,0.14924754224250958,-0.5998045973430859,-0.409198716269922,0.409198716269922,-0.08357771228180122,1.4796029598671336,0.3593507623623775,0.22868082049853666,-0.2968451544703329,0.026857726508212644,-0.017368407733047486,-0.11154429565643698,0.15410579426552573,-0.284416610392636,-0.2755453452493892,-0.2968451544703329,-0.2453742708851987,-0.20831447030975847,-0.058992526288660585,-0.09612672864268912,-0.049971292658568256,-0.3134049748066311,-0.09612672864268912,-0.24649058376004818,0.4090903470432148,1.0544546459366992,0.9532890345833426,0.7864162951422842,0.8699844045069505,0.018613279263109943,-0.3461688712626755,0.3461688712626755,0.17182421278210147,1230653336.4808702,0.9679774802428319,0.20634920634920634,0.023809523809523808,0.031746031746031744,0.03488344657247972,1.6548711741841713,0.2019384373520291,-0.06482643788726883,0.01215674227619612,0.9094265596703894,-0.09110125813305914,0.10187248113491622,-0.04858320135744387,-0.07045838405584204,0.36325923177780495,0.3899813419901908,1.106122705374004,0.018233400585093176,-0.04537131758659796,-0.12252827661977417,0.12252827661977417,0.17182421278210147,0.9206349206349206,0.1746031746031746,1191244715.6991868,20.898264577832975,0.19047619047619047,0.031746031746031744,0.031746031746031744,0.03706323213904062,0.04590577573042065,0.007234060506339013,0.10844530852788849,0.046779750941540854,0.3333333333333333,-0.04112929176270417,-0.20831447030975847,0.07319992731666747,-0.05890513414793652,0.046779750941540854,0.06343553478563901,0.43136721704757447,0.01991052170408942,0.0,-0.0,0.17182421278210147,1031277158.8106428,0.05194203445540513,0.04151617240025938,0.04151127810382538,0.10568488508947738,0.21727824616394198,0.19530614110303945,0.4291454702201829,1.0,3.0,1.0,1.0,0.0,63.0,126.0,0.7640831758034026,-0.3347944887952171,-0.20480335528093285,,-0.20480335528093285,0.03954802259887006,0.18458189789291835,0.21486847481139537,0,0,0,0,0,0
recent_month_non_top10_control,2026-05-31,ADBE,259.2099914550781,-0.8046785022326514,-0.37553303201246846,1.0124046508580224,1.032116841605272,-0.2733109543471762,-0.23831214682299184,-0.19029773060489874,0.07421927009365625,-0.06908111254002935,-0.18030175347616118,0.16810704991161363,0.09327456001037171,-0.3856038717079382,0.1781030270403512,-0.4998432031746931,-0.37827404992155034,0.37827404992155034,-0.07416707616903906,1.4609609101672736,1.1201404417245304,1.0942859575224908,-0.2593788431449281,0.07166554242447343,-0.16211889430431536,-0.013557013790894912,0.17998171448024503,-0.11607846051124249,-0.18858501142035644,-0.2593788431449281,-0.11607846051124249,-0.10516622792119568,-0.02620252500277842,-0.012194703564547549,-0.07366335719405293,-0.22947294972848953,-0.012194703564547549,-0.028830994839337116,0.380714850969756,1.0940865270794862,1.1109942243006448,1.1073677643251254,1.219629283364002,0.017581880895669103,-0.27499792369845766,0.27499792369845766,0.15025508956946187,1453806888.5675945,0.942846749223811,0.16666666666666666,0.023809523809523808,0.031746031746031744,0.03117575499668332,1.939320540768451,0.07509029568781156,0.020673124595979475,0.06037346766822349,1.0184999140900994,0.01242391085120964,0.0989359988893528,0.06635671179249902,0.025041645818989267,0.5807184396921112,0.42297200053287964,0.9847814715402307,0.020020904152597073,0.010175737508500315,-0.08606587716787573,0.08606587716787573,0.15025508956946187,0.9206349206349206,0.5396825396825397,1370717098.8851397,21.038599870417542,0.2222222222222222,0.031746031746031744,0.031746031746031744,0.03341652005047573,0.0490495001965463,0.011268070540808361,0.1278907380826899,0.05327096719391444,0.5,-0.030329840227344695,-0.16211889430431536,0.09327456001037171,-0.052413917895562934,0.05327096719391444,0.04522054015598087,0.41653498910508446,0.0200272335114093,0.0,-0.0,0.09802170293949675,1174831669.8849633,0.045269010270473586,0.03739935234386535,0.05874324662342234,0.10568488508947738,0.21727824616394198,0.19530614110303945,0.4291454702201829,2.0,8.0,2.0,1.0,1.0,63.0,126.0,0.741304347826087,-0.20905824994793265,-0.13155353562301308,,-0.13155353562301308,0.08097928436911488,0.18458189789291835,0.21486847481139537,0,0,0,0,0,0
recent_month_non_top10_control,2026-05-31,ADI,412.7195129394531,0.5344216582494281,0.963567128469611,0.9208221203112595,0.9364471319758362,0.6643179474090517,0.7794049818760194,0.5701066811649678,-0.2347174358330808,-0.039333067351143614,0.3456193896433508,-0.1787911667079516,0.02569489504927369,0.3748005400619283,-0.40327845822956854,1.7322134956439437,-0.0428780115405305,0.0428780115405305,0.08940735767977004,1.1815179214206244,-0.09846959652999432,0.05193111860314037,0.5307736138138242,0.12570760804236114,0.14631267187821173,0.19324312408293198,-0.028992219812262077,0.33538924533188696,0.47875651343689296,0.33538924533188696,0.5701066811649678,0.1444608718603304,0.0963495335176987,0.16682822293539923,-0.10302104614435292,-0.05045002322854275,0.16682822293539923,0.4340366249541648,0.3291203322215388,1.1897202080453517,1.1678536789434308,0.47030244787912756,0.5126650320838468,0.01596820391559855,-0.0428780115405305,0.0428780115405305,0.6152764093022245,1316289890.5457392,1.0782450065149223,0.15079365079365079,0.031746031746031744,0.0,0.02651945289573633,1.2786322008519726,-0.038866930929395194,0.17156123255544053,0.10768038522162415,1.5199864080928513,0.2644119297810239,0.12767749690513455,0.30084236416006216,0.14149773168048352,0.22037090377329216,0.3843643908000083,1.018723689017021,0.018757340545140735,0.06988985615733467,-0.0428780115405305,0.0428780115405305,0.3653908574697389,0.1746031746031746,0.6666666666666666,1419283001.6070168,21.073417653299103,0.23809523809523808,0.047619047619047616,0.0,0.0282545356601663,0.024283142302358174,0.04985243319637589,0.07358278372783479,0.02881215648237956,0.8333333333333334,0.08444524648447772,-0.10302104614435292,0.2644119297810239,-0.07687272860709782,0.02881215648237956,0.004356207931607958,0.3915611101225644,0.019964397157701135,-0.0428780115405305,0.0428780115405305,0.0771453594237761,1847525787.17942,0.009540438277681584,0.0415471552775028,0.0012096104919476769,0.10568488508947738,0.21727824616394198,0.19530614110303945,0.4291454702201829,1.0,3.0,1.0,1.0,0.0,63.0,126.0,0.7156899810964084,-0.037675707167254546,-0.0990007167261917,,-0.037675707167254546,0.19397363465160075,0.18458189789291835,0.21486847481139537,0,0,0,0,0,0
recent_month_non_top10_control,2026-05-31,ADM,79.77999877929688,0.275703938001858,0.7048494082220409,0.9378007627861891,0.9630654849342373,0.30257229067167346,0.3479783690245546,0.33209231414600726,-0.13002295112439888,0.07530527815969679,0.1452152321793141,0.01796551910275812,-0.05350675500043023,0.1367861730429678,-0.16891156286393505,1.2493462084366742,-0.031173877063345068,0.031173877063345068,0.06601508038515314,1.28925019458618,0.16757284260421024,0.3580982562369097,0.40739759230570405,0.10387214454859821,0.17081229719387214,0.13855827431384582,-0.031173877063345068,0.20206936302160838,0.3138530898244399,0.20206936302160838,0.40739759230570405,0.033432991129429324,0.05950933836180261,0.1631807512820722,0.05286787819138716,-0.05409749488186977,0.1631807512820722,0.5618003636252628,0.26581288029165223,0.952002086836089,1.0927250294285789,0.17210148549493165,0.2627687472943705,0.01344626396343671,-0.031173877063345068,0.031173877063345068,0.4078874177343539,251066717.03953212,1.1659992929505403,0.07142857142857142,0.007936507936507936,0.0,0.027846909797467935,1.307844464109104,-0.031173877063345068,0.08194455804935763,0.08487215653039737,1.0111579551990013,0.02545054958058013,0.07339760245876824,0.1047737093852461,0.12276026818670194,0.17976736698060058,0.290460387439191,0.8712183405681863,0.015303485490484157,0.13377708981519976,-0.031173877063345068,0.031173877063345068,0.21363158301558016,0.1746031746031746,0.7619047619047619,292743614.55150783,19.494807751669732,0.07936507936507936,0.015873015873015872,0.0,0.02987893874802947,0.052754660765273576,0.1138611641246221,0.30568305276141716,0.07735444662554403,0.8333333333333334,0.05106856795339709,-0.05350675500043023,0.17081229719387214,-0.02833043846393335,0.07735444662554403,0.015006943534657369,0.25305441674556445,0.012955681662175174,-0.031173877063345068,0.031173877063345068,0.07735444662554403,335889957.75836766,0.011546387264889546,0.027282971005179273,0.010129127260444903,0.10568488508947738,0.21727824616394198,0.19530614110303945,0.4291454702201829,1.0,3.0,1.0,1.0,0.0,63.0,126.0,0.35623818525519846,-0.0423664741180102,0.07696163804958323,,0.07696163804958323,0.5781544256120528,0.18458189789291835,0.21486847481139537,0,0,0,0,0,0
recent_month_non_top10_control,2026-05-31,ADP,220.16958618164065,-0.7305348446240484,-0.3013893744038655,0.9187267344979191,0.9336737659988672,-0.2557537491013514,-0.135156411410442,-0.11821862125504279,0.02443746985925943,-0.012236907727645518,-0.15493282154403976,0.1983781253316963,0.014072779639814126,-0.31352476235808224,0.16166392504269933,-0.4249231425626893,-0.3041255817668117,0.3041255817668117,-0.038547906368325724,1.3168275632490014,-0.3242843139216196,-0.29492764066585964,-0.1304555289826883,0.01867235842649057,-0.04046966981915212,0.012250565051996176,0.17903707214579379,-0.09378115139578336,-0.11415176721117148,-0.1304555289826883,-0.09378115139578336,-0.1315128399019233,0.005487668841250848,0.04344530378765654,-0.04432379458270275,-0.17383294237628544,0.04344530378765654,0.14244129436772898,0.27821177388003027,1.0558309256099412,1.0963050674458505,-0.20591969155538836,-0.16882714205695737,0.012873701109134833,-0.15944022311103423,0.15944022311103423,0.17506228735690055,696062475.9959266,1.0048306143815555,0.0873015873015873,0.007936507936507936,0.007936507936507936,0.023007816290061756,0.9468638306818978,0.1214096845193674,0.046396531105827865,0.06885189287786986,1.029236386623371,0.043114516917461154,0.06786893113554344,0.0918397861878697,0.0784894177568991,-0.08513827069094726,0.3050049775277763,0.9630813146470215,0.014142363229204561,0.09298875330889023,-0.015401032239961698,0.015401032239961698,0.17506228735690055,0.06349206349206349,0.5396825396825397,699424885.4029337,20.36576896446399,0.09523809523809523,0.015873015873015872,0.0,0.025881701247462894,0.049646534599295356,0.09586496956524582,0.15902022901257462,0.04671133272538297,0.5,-0.018734612503519987,-0.1315128399019233,0.04671133272538297,-0.058973552364094406,0.04671133272538297,0.028336717527640998,0.293744594731336,0.014253921403956675,-0.015401032239961698,0.015401032239961698,0.07065640380354088,606446952.6193528,0.00761248073685028,0.026785723313635285,0.005611899146389598,0.10568488508947738,0.21727824616394198,0.19530614110303945,0.4291454702201829,1.0,3.0,1.0,1.0,0.0,63.0,126.0,0.5106805293005672,0.017170449525588438,0.13589710856596504,,0.13589710856596504,0.7871939736346516,0.18458189789291835,0.21486847481139537,0,0,0,0,0,0
recent_month_non_top10_control,2026-05-31,ADSK,231.30999755859372,-0.6480094396490141,-0.21886396942883124,0.9416418753338625,0.9596835259606856,-0.2649825593066004,-0.2323952997622417,-0.23745631848383963,0.152195125084432,0.01888258762163164,-0.18945738087465147,0.1302391035421362,-0.02416426010667172,-0.4327624595868791,0.17823804115132436,-0.6664432269323797,-0.29217542914321715,0.29217542914321715,-0.04714340481163515,1.4978241949521323,0.422905766473644,0.33864373817657256,-0.218573730862208,0.08295796210483662,-0.14573836432962162,-0.057138685089173524,0.08328625755793329,-0.08526119339940763,-0.18043041424848508,-0.23745631848383963,-0.08526119339940763,-0.027682208783829765,-0.006835668450860033,-0.05921827733251528,-0.026314724647956034,-0.27649652349645726,-0.05921827733251528,-0.16768627220638,0.35630389639766424,0.9171227845861959,0.9911461258749222,3.3184900542495477,3.2148098055074863,0.016525711690518738,-0.2544399756370871,0.2544399756370871,0.05886931009387242,519752044.8466346,0.9633040540644834,0.18253968253968253,0.007936507936507936,0.031746031746031744,0.030714330267161995,2.385925474952778,-0.021543247563978074,0.0094077410002531,-0.03125158001785444,1.082521120776109,-0.010025037417177862,0.05073660642724771,-0.033792800936280565,0.018135578018486642,1.0183825471448946,0.3531492265486846,0.9253154107590512,0.01663945182452104,-0.000892145938299671,-0.12422383070254217,0.12422383070254217,0.05886931009387242,0.9365079365079365,0.5396825396825397,500679251.9090683,20.031476240270447,0.15873015873015872,0.0,0.031746031746031744,0.032871233562474754,-0.03686247432706624,0.011326018856278042,-0.0734710171028813,-0.024008449119857667,0.0,-0.042988840734185775,-0.14573836432962162,-0.010025037417177862,-0.12969333420933504,-0.024008449119857667,-0.03867973694869131,0.3267744216231373,0.016448087082535652,-0.07859303798280082,0.07859303798280082,0.0012119585368839392,544177031.0174124,-0.03482895616785098,0.04164788967751298,-0.026866256099686514,0.10568488508947738,0.21727824616394198,0.19530614110303945,0.4291454702201829,1.0,3.0,1.0,1.0,0.0,63.0,126.0,0.588468809073724,-0.15948294401025065,-0.09320823909970555,,-0.09320823909970555,0.12429378531073447,0.18458189789291835,0.21486847481139537,0,0,0,0,0,0
recent_month_top_future_return,2026-05-31,ALAB,342.8500061035156,2.350065304583843,2.779210774804026,1.2204104311224466,1.4397059584024183,0.8817234459170133,0.8365653500906471,1.1758582862667613,0.10039996109785054,-0.11496621578318988,-0.24585900674264727,2.1310731851532396,0.05578468539413328,0.9805521451637218,0.7093558921438312,1.1900755687144229,-0.018100086150515837,0.018100086150515837,0.11939114377205784,1.0560371532130992,0.15954620382042073,2.3455391477848573,1.0608920704835714,0.10776515601398601,-0.09461412259807755,1.0385453968025367,0.3487139864745562,1.2762582473646118,1.1710028680383149,1.0608920704835714,1.2762582473646118,-0.21106091034858365,0.37974370171228333,1.8852141784105925,-0.07767401510315752,1.6679359322466505,1.8852141784105925,2.0227295712181736,0.9880534624679171,0.9748558060271504,0.943283915941615,0.16055900621118013,1.0432250751731669,0.04704549884538021,-0.018100086150515837,0.018100086150515837,2.4192681518078363,937400487.6017555,1.1034845607151773,0.5714285714285714,0.2222222222222222,0.12698412698412698,0.07654257274264566,1.2761570722718847,0.06694027823659976,0.5619009386050302,0.8005163685129262,1.77991360727778,0.7768248923757639,0.4473476268333239,2.128193529897447,0.5344569293067731,0.10482455329921092,0.9320149392364084,1.0334701880864992,0.04638991930675834,0.5422336359282101,-0.018100086150515837,0.018100086150515837,2.4192681518078363,0.015873015873015872,0.6666666666666666,1034406965.2754163,20.757094120004247,0.5396825396825397,0.2698412698412698,0.12698412698412698,0.07626713385524858,0.4837581017371353,0.6642861731362337,0.7896022529124379,0.760552513261332,0.5,0.20163550716356837,-0.21106091034858365,0.7768248923757639,0.6548676281718546,0.760552513261332,0.367499916155567,0.9632096545520782,0.04913343928977503,-0.018100086150515837,0.018100086150515837,0.760552513261332,1596346481.1044602,0.1738262767966552,0.07325923824784612,0.043397557917643104,0.10568488508947738,0.21727824616394198,0.19530614110303945,0.4291454702201829,1.0,4.0,1.0,0.0,1.0,63.0,126.0,0.9271266540642723,0.40883762699375636,-0.14954066973465419,,0.40883762699375636,0.9905838041431262,0.18458189789291835,0.21486847481139537,1,1,1,1,0,0
recent_month_top_future_return,2026-05-31,AMAT,450.05999755859375,1.4631131564578248,1.8922586266780077,0.8977617051378808,0.9405689413635184,1.8120546269317832,0.9393646657952768,0.7886283165126011,-0.38883472285441845,-0.032989941994915783,0.4777574345842215,-0.26739078397363225,0.01879085264582403,0.5933221754095617,-0.5782616659020119,1.6016956601280437,-0.010617988819949464,0.010617988819949464,0.10350012231064953,1.0617204534817435,-0.05470391753489501,0.14415485316860033,0.7556383745176853,0.21560236781130512,0.2542123227822093,0.22920256393362326,0.04673106735539423,0.3997935936581827,0.6480200948961564,0.3997935936581827,0.7886283165126011,0.15650376929340704,0.07805135696902732,0.21036665061058923,-0.08195001156809056,-0.006911595553352745,0.21036665061058923,0.41052135720500926,0.4923708892671634,1.0074035806889747,1.0407556285788993,0.21231205673758868,0.3848043343409291,0.024034415653809052,-0.010617988819949464,0.010617988819949464,0.81730170690046,2462953374.5097933,1.0606390624711992,0.3253968253968254,0.07142857142857142,0.05555555555555555,0.036657076699396184,1.119333299864451,0.0434535682680709,0.11417987178088285,0.13416067862629433,1.1542646118335855,0.15418819941481532,0.1192275414531779,0.3184103979762323,0.10641002746766026,0.07136768564790819,0.5124377743531983,0.9679540067100428,0.02440672122024638,0.09679808263432954,-0.010617988819949464,0.010617988819949464,0.39458867028846756,0.047619047619047616,0.6666666666666666,2612304558.0503435,21.683498641506056,0.3492063492063492,0.06349206349206349,0.07936507936507936,0.03756397311263166,0.07820906163855446,0.12480891570955444,0.28685298544793014,0.14228372690405178,0.8333333333333334,0.10733814324536949,-0.08195001156809056,0.2542123227822093,0.0365988418145744,0.14228372690405178,0.051911689814296835,0.49601619687475507,0.025056532961435958,-0.010617988819949464,0.010617988819949464,0.1581667411811465,3278722497.5824265,0.03598790567245014,0.0421173605986394,0.00682760898673207,0.10568488508947738,0.21727824616394198,0.19530614110303945,0.4291454702201829,2.0,7.0,2.0,1.0,1.0,63.0,126.0,0.8944234404536862,0.6064524817180001,0.19150780542362034,,0.6064524817180001,1.0,0.18458189789291835,0.21486847481139537,1,1,1,1,1,0
recent_month_top_future_return,2026-05-31,GLW,181.16000366210935,2.263944424580819,2.693089894801002,0.9676200519931323,1.0357762101286063,1.7211158670307958,1.0475569489345675,1.1588634079305598,-0.39831813649337633,-0.08284340644949983,0.7893193330754276,-0.5827915948320972,0.03990491728904266,0.9635572668275203,-0.9523356696872294,1.7347693886920852,-0.12887625238921563,0.12887625238921563,0.16423204523239732,1.5246934438662492,0.16422083900133289,0.40466473569603045,1.07602000148106,0.2101763835242397,0.17919148979699062,0.26827421734612256,-0.0679817021885818,0.7605452714371834,0.998476226949601,0.7605452714371834,1.1588634079305598,0.4591834200185789,0.13091295936708813,0.20652773824333037,-0.09582394626625834,-0.010750507920611607,0.20652773824333037,0.27169565373630605,0.6680215915063357,1.2533069418454068,1.1379028837108724,0.31607887603973306,0.45388606666015474,0.031183786481452723,-0.12887625238921563,0.12887625238921563,1.1927177404363767,1532527898.4879692,1.3832722896789655,0.38095238095238093,0.11904761904761904,0.0873015873015873,0.05116590733564046,1.4145444275484609,-0.06264176252880738,0.165856666618579,0.08646113246876586,1.4366991220233225,0.2079135521429325,0.18676078804486107,0.33439470472707744,0.14121644269350675,0.25184931641779285,0.7601436953561859,1.101418196391404,0.037189351693655115,0.13096803069755536,-0.12887625238921563,0.12887625238921563,0.47163315244034454,0.15873015873015872,0.9206349206349206,2119903375.1383464,21.47463634729842,0.47619047619047616,0.14285714285714285,0.14285714285714285,0.059692861354775764,0.015036279101823258,0.15539521487418528,0.12506679359653297,0.10471043425231685,0.8333333333333334,0.1491799778722672,-0.09582394626625834,0.4591834200185789,-0.0009744508371605232,0.10471043425231685,-0.023462332408973885,0.8372360979375071,0.0403414086784362,-0.12887625238921563,0.12887625238921563,0.14645309344327417,2808973162.9513693,-0.026772215118282428,0.0725808750874849,-0.04053798070877601,0.10568488508947738,0.21727824616394198,0.19530614110303945,0.4291454702201829,1.0,3.0,1.0,1.0,0.0,63.0,126.0,0.9270321361058601,0.4099690191671479,-0.19049464047258102,,0.4099690191671479,0.992467043314501,0.18458189789291835,0.21486847481139537,1,1,1,1,0,0
recent_month_top_future_return,2026-05-31,KLAC,192.17100524902344,1.126207353936418,1.5553528241566008,0.8415578111960761,0.8461516744456365,1.2131830056073274,0.5966176214894534,0.639057643163057,-0.2897972813345726,-0.05343115979982849,0.2986558917279516,-0.036537378576498414,0.033697191842114727,0.44375150206001757,-0.37693913001160384,1.2172284104100048,-0.044586092114867526,0.044586092114867526,0.08432205941052406,1.1175935226820732,0.03505285030264704,0.30635936445715073,0.5856264833632285,0.15422186210988464,0.17518199468516715,0.2039839431205348,0.04930476730700384,0.3492603618284844,0.5246481627849233,0.3492603618284844,0.639057643163057,0.06904410938354899,0.09661005048467941,0.2621185131514532,-0.03420024241986941,0.0448402669875112,0.2621185131514532,0.5053467098660774,0.5250104562937372,0.9832395402168512,0.9879621355631832,-0.3940019041574103,-0.33382527074521895,0.02449189110137997,-0.044586092114867526,0.044586092114867526,0.6649639968488401,1546891976.950267,1.0680088291231198,0.29365079365079366,0.0873015873015873,0.03968253968253968,0.03698218680629714,0.7949441450609431,0.05084021134020744,0.10672447477092106,0.11053213220027702,1.1448582274714987,0.18876538477741556,0.08499496095336703,0.3068117932787302,0.055817229505446875,-0.1706640285686709,0.5186904515929619,0.99521986200044,0.02572791574579279,0.027256133608838162,-0.044586092114867526,0.044586092114867526,0.4310830482803587,0.047619047619047616,0.9206349206349206,1652094289.0826027,21.225309586737595,0.3333333333333333,0.1111111111111111,0.047619047619047616,0.03952800921525642,0.05066299595666246,0.047768111001552205,0.19236645414853387,0.09930168729081701,0.8333333333333334,0.088631687593199,-0.03420024241986941,0.18876538477741556,-0.006383197798660367,0.09930168729081701,0.04798360714163552,0.5162110396552935,0.026503850569622848,-0.044586092114867526,0.044586092114867526,0.12306095691486996,1926383914.3277123,0.02891793341016191,0.04332204738114748,-0.010070756713188023,0.10568488508947738,0.21727824616394198,0.19530614110303945,0.4291454702201829,2.0,7.0,2.0,1.0,1.0,63.0,126.0,0.8840264650283554,0.5700078743102237,0.09548266139140016,,0.5700078743102237,0.9981167608286252,0.18458189789291835,0.21486847481139537,1,1,1,1,1,0
recent_month_top_future_return,2026-05-31,LRCX,317.9560241699219,2.5380697762513864,2.9672152464715693,0.9102311699437621,0.9600390679149302,2.1923689792341556,1.0264553331272928,1.0454209121797446,-0.6808993811622959,-0.18444856915533459,0.5017631546037848,-0.13975017279015467,0.09911408401458188,0.8501147710767052,-0.6834079303661145,1.8433701678513517,-0.013945685910694894,0.013945685910694894,0.1168832369575854,0.9275624424726242,-0.16296222158920304,0.14005632046394623,0.8609723430244101,0.3521620485593289,0.3638277599304609,0.30245114635139414,0.04854427968739228,0.3645215310174488,0.7569715954072013,0.3645215310174488,1.0454209121797446,0.0018417953700253786,0.11583729916894492,0.3620129818136302,-0.08539916903581557,0.1447347356496882,0.3620129818136302,0.6070479060982258,0.5671247861184042,0.9764949722910176,1.0515321383687086,0.047307125449133514,0.29229894073816554,0.028533502606247842,-0.013945685910694894,0.013945685910694894,1.0614102939900594,2409382059.4176035,1.0274973820687863,0.3492063492063492,0.1111111111111111,0.05555555555555555,0.04262472896625001,0.9419154180365861,0.0394664766036954,0.16057836760455713,0.20656639639008767,1.1582056521464041,0.20687064880527628,0.1642505459685864,0.48918843685914637,0.15838976419458328,-0.01096781823198889,0.5963499390689821,0.9286401591166773,0.03053535770289986,0.15841287926005387,-0.013945685910694894,0.013945685910694894,0.5962474610457482,0.047619047619047616,0.9206349206349206,2475633758.4550886,21.629762264614463,0.3968253968253968,0.1111111111111111,0.06349206349206349,0.043727017939729225,0.1282218821940837,0.23125861909361456,0.4224048317402246,0.2339254735653289,0.8333333333333334,0.13669676544164297,-0.08539916903581557,0.3638277599304609,0.1282405884758515,0.2339254735653289,0.08552364525827882,0.5537945023062404,0.02819427129148843,-0.013945685910694894,0.013945685910694894,0.23940485439514925,2692126660.3354316,0.05583818064763246,0.04582313772786855,0.004901657247458502,0.10568488508947738,0.21727824616394198,0.19530614110303945,0.4291454702201829,2.0,7.0,2.0,1.0,1.0,63.0,126.0,0.9255198487712666,0.36286138217870545,-0.04008740752158868,,0.36286138217870545,0.9868173258003766,0.18458189789291835,0.21486847481139537,1,1,1,0,0,0
recent_month_top_future_return,2026-05-31,MRNA,47.18999862670898,0.34758644151122486,0.7767319117314078,0.9890913529944715,1.0382415686805309,0.9589040401745099,0.73748154977274,0.8163972077825108,-0.7456007713520565,-0.21619378313122306,1.0619707713133,-1.1810673011706943,0.13510393728743297,0.6210910666794713,-0.9354937376399052,1.167912300324607,-0.18356402682352613,0.18356402682352613,0.08548610644467303,0.7337960959865257,-0.3037366175286944,-0.3866591702477987,0.6002034246512877,0.38360831179786015,0.4944048842613209,-0.022825612603699308,-0.18356402682352613,0.0707964364304543,0.4957990229547509,0.0707964364304543,0.8163972077825108,0.2155661462624363,-0.03262829843922155,-0.11909652985739438,-0.05170805438759973,-0.33637477602133636,-0.11909652985739438,-0.18985655168079596,0.6990226984985115,0.859871161826542,0.8973920971724275,0.04101482006561041,0.06934021327373019,0.03143267398691987,-0.18356402682352613,0.18356402682352613,0.9613466198745253,415122772.09462214,0.9178112419307797,0.40476190476190477,0.1111111111111111,0.07936507936507936,0.06067497181359098,0.7647718969630668,0.021626297863314048,-0.03970414995670779,-0.059356821437504204,0.8606020002254428,-0.0956693047901862,0.21639917794089708,-0.07106300520803821,-0.054464642023907994,-0.07873096767605059,0.6272974453767087,0.9581889171254022,0.027802733795506532,-0.08384817434153424,-0.18356402682352613,0.18356402682352613,0.040114607398528346,0.9523809523809523,0.30158730158730157,381004347.00991315,19.758321345125367,0.3333333333333333,0.07936507936507936,0.06349206349206349,0.05922015020219117,-0.04435641298622872,-0.03614261496455595,0.045268319551168425,0.02720940438324848,0.6666666666666666,0.12081783550277546,-0.0956693047901862,0.4944048842613209,-0.0784754807062289,0.02720940438324848,-0.029202133769461125,0.6010694599010397,0.025163615677003922,-0.13173873134184844,0.13173873134184844,0.040114607398528346,389432671.8800136,-0.005542352472915568,0.05967971231271443,-0.0013966719462371602,0.10568488508947738,0.21727824616394198,0.19530614110303945,0.4291454702201829,1.0,3.0,1.0,1.0,0.0,63.0,126.0,0.7737240075614367,0.4840008649557521,0.1457936272161966,,0.4840008649557521,0.9962335216572504,0.18458189789291835,0.21486847481139537,1,1,1,1,0,0
recent_month_top_future_return,2026-05-31,MRVL,204.94943237304688,1.985943432829488,2.415088903049671,1.2659443894560543,1.354440318239749,2.2668377887959554,1.1895689717357647,1.2958633042030852,0.3030039887827165,0.11941291237967411,-0.08558418079926555,1.5963273853621915,-0.04944068573184757,1.1005571631000457,0.21487990035984073,2.127085505779936,-0.01565353461201391,0.01565353461201391,0.20305161696239993,1.2235373695425624,0.679916855108671,3.2178398281948173,1.4152762165827593,0.15263056934750438,-0.07064272842962949,0.7924956221997714,0.1684904104489391,1.5988672929858017,1.436668937923882,1.2958633042030852,1.5988672929858017,0.03509880590843473,0.37872674576099596,1.5107432045629259,0.2125107542333473,1.293464958398984,1.5107432045629259,2.114233565284333,0.6092201280493106,1.085630979144305,1.1729066335657103,0.6738672701333202,1.0777643232603733,0.02865800674934914,-0.01565353461201391,0.01565353461201391,1.7818067851395933,2544619314.2874517,1.4779688163230003,0.4126984126984127,0.12698412698412698,0.031746031746031744,0.04831832593822984,1.4010861516013975,-0.013177103254417344,0.41674836479121535,0.39775892438983695,2.1231304979415824,0.6681743123749615,0.27542012183628295,1.0706976790077478,0.3253887222256171,-0.03373508346444165,0.7145583294907879,0.9255902798025093,0.036050012297258974,0.2522505574083096,-0.01565353461201391,0.01565353461201391,1.7101298208657685,0.047619047619047616,0.9365079365079365,3760867995.9300694,22.047915617953755,0.5396825396825397,0.19047619047619047,0.031746031746031744,0.05586744393365959,0.19015131433460342,0.26976486604511685,0.3648322283067793,0.24129574688134237,0.6666666666666666,0.17283270087276814,-0.07064272842962949,0.6681743123749615,0.135610861791865,0.24129574688134237,0.13629431149574467,0.661388244128592,0.03647689926073963,-0.01565353461201391,0.01565353461201391,0.28116988554468025,5040329733.557637,0.07178330675639266,0.06994772643235692,0.011726128035758565,0.10568488508947738,0.21727824616394198,0.19530614110303945,0.4291454702201829,2.0,7.0,2.0,1.0,1.0,63.0,126.0,0.9466918714555765,0.453121996348006,-0.05230283646746792,,0.453121996348006,0.9943502824858758,0.18458189789291835,0.21486847481139537,1,1,1,1,0,0
recent_month_top_future_return,2026-05-31,SNDK,1694.97998046875,43.542466156945125,43.97161162716531,1.021024967388915,1.1400822945241245,31.303791519638096,7.503386168156247,6.591275482512736,-4.649878553282801,-0.4509100532276893,1.8455750126530135,-0.1778275631014492,0.06314943649499427,6.395969341409696,-4.923528032961172,6.419849064669368,0.0,-0.0,0.445914257239135,1.1980204480159073,-0.5193868696521348,0.28215445270651096,6.140365429285047,2.5643721421573558,1.427542287247309,1.070910501287917,0.08648333391252272,1.941396929229935,4.891012613675906,1.941396929229935,6.591275482512736,0.10257698108731028,0.4543194201018994,1.6677474495515643,-3.141289434949179e-05,1.4504692033876223,1.6677474495515643,1.7141743351513032,1.026702562025451,0.9451611474170196,0.9476122163963535,-0.4200075555231537,-0.10345042593681719,0.05077438720203373,0.0,-0.0,7.719929714430334,11501542084.459263,1.3447886124853028,0.6190476190476191,0.29365079365079366,0.15079365079365079,0.0803948436602357,0.4868705207747038,0.0,0.5856551068715568,0.5714548351156483,1.6932775963344187,0.7258632596983634,0.5494030956493846,1.6678312538528837,0.6319151803849199,-0.4103615096441502,0.9729158903807523,0.9974134261495119,0.05162935992128513,0.5526878125121817,0.0,-0.0,2.214267964154159,0.0,0.9206349206349206,15467142821.201288,23.461983792954822,0.6984126984126984,0.3333333333333333,0.1746031746031746,0.07331590180137541,0.306622577821849,0.5802842165734008,0.5624439590440895,0.5457952644053343,0.8333333333333334,0.4774826360064936,-3.141289434949179e-05,1.427542287247309,0.44011037931585695,0.5457952644053343,0.16716072756806533,0.9703993715799691,0.04915829852130864,0.0,-0.0,0.5457952644053343,20719741413.72884,0.12596994280348572,0.07029341728605179,0.06005153099317595,0.10568488508947738,0.21727824616394198,0.19530614110303945,0.4291454702201829,1.0,3.0,1.0,1.0,0.0,63.0,126.0,0.9930056710775047,0.34144946056527803,-0.15246193161734778,,0.34144946056527803,0.9849340866290018,0.18458189789291835,0.21486847481139537,1,1,1,0,0,0
recent_month_top_future_return,2026-05-31,TECH,51.68000030517578,-0.35491276275864525,0.07423270746153765,0.860023862474591,0.8904916279732894,-0.049693217536719514,-0.17028511906005017,-0.1963212166160665,0.005266812709988855,0.0778943776900971,-0.0841826053601753,-0.038263869135969575,-0.08835838150426167,-0.39162735771910595,0.07387474211992162,-0.4009418346690874,-0.2736716131504685,0.2736716131504685,-0.03718605148811305,1.321872826445071,0.6084926389804439,0.41153838608428805,-0.11842683892596939,0.04353166775806138,0.08978053076844472,-0.08874835370656164,0.026991707962584544,-0.19105440390607764,-0.16860081981603783,-0.1963212166160665,-0.11842683892596939,-0.07818090568383373,-0.04781207399203813,-0.12244647449614487,-0.11423733804571223,-0.33972472066008685,-0.12244647449614487,-0.20928774936385036,0.48965011789826796,1.6311847231066734,1.1948588764300165,-0.1688381730960289,-0.22209053432367254,0.021706000343959902,-0.2736716131504685,0.2736716131504685,0.19574268499604242,134272829.72580138,0.9944469345056623,0.23015873015873015,0.047619047619047616,0.03968253968253968,0.041550781225767004,1.2384638159286046,0.04799008701964691,-0.0634147489938165,-0.009467809379964942,0.8278089796371825,0.05855341839683015,0.08500284672985078,-0.009267873667558546,-0.12989448022390593,-0.0269291268803864,0.5850627897157495,1.3651693562174518,0.02532592622672295,-0.15562905135898575,-0.14533412090067066,0.14533412090067066,0.19574268499604242,0.4444444444444444,0.14285714285714285,133527203.90822396,18.709815797127906,0.30158730158730157,0.047619047619047616,0.06349206349206349,0.047752163006815104,0.013362875077016056,-0.0738432517378792,-0.08021660390493814,-0.06406978701849875,0.3333333333333333,-0.03275207718117192,-0.11423733804571223,0.08978053076844472,-0.16975467210797612,-0.06406978701849875,0.06485271678844873,0.7987097919830362,0.0332534964530064,-0.08652681872337886,0.08652681872337886,0.19574268499604242,169970014.48475066,0.09034136333084564,0.0413658309364845,0.04704404784343552,0.10568488508947738,0.21727824616394198,0.19530614110303945,0.4291454702201829,1.0,3.0,1.0,1.0,0.0,63.0,126.0,0.5521739130434782,0.3670665849203423,0.3854488787019281,,0.3854488787019281,0.9887005649717514,0.18458189789291835,0.21486847481139537,1,1,1,0,0,0
recent_month_top_future_return,2026-05-31,TRV,290.6748046875,-0.35363858702409723,0.07550688319608567,0.9706862633521387,0.9850562992691125,0.08761824417294672,0.09489901404472723,0.004274436088639977,0.02540061975802832,0.005698868335089369,0.058051671121049475,-0.10887833346678366,-0.005642593036992105,-0.19103170501439948,-0.05510109843437416,0.025168229308155324,-0.06113883059304248,0.06113883059304248,0.010401417418322234,1.2682052482261408,0.4514074708337792,0.37763727338763475,0.009973304423729346,0.01332808809447114,-0.019133950376936104,-0.013258264662295738,-0.06113883059304248,0.029675055846668297,0.014640932119679206,0.004274436088639977,0.029675055846668297,0.08481245205575405,-0.004104668302303938,-0.050826662345734186,-0.05150958094030311,-0.26810490850967617,-0.050826662345734186,-0.2985475653667896,0.1698345972735921,0.8602033950461613,1.0024250064835731,0.7383027816946546,0.662820903261294,0.007986419844555106,-0.06113883059304248,0.06113883059304248,0.08734633042395035,440359094.9685233,0.9697588106729116,0.007936507936507936,0.0,0.0,0.01824382230983098,1.5462812508908463,-0.04261854329350023,0.01285753240136045,-0.02458828850539896,0.9708584076301341,0.04614656115547211,0.05336343592101708,0.000720005791145395,0.0017879196308838718,0.46489143350977646,0.1702464472731156,0.8581224425592553,0.007983935205625438,-0.0022115071383063123,-0.06113883059304248,0.06113883059304248,0.023206188546119222,0.9523809523809523,0.6825396825396826,427042112.2056749,19.87239319210411,0.0,0.0,0.0,0.019197184531802972,-0.03280105831810176,-0.0187606047020894,-0.297228162245367,-0.04342274500635268,0.3333333333333333,0.0018750239751070263,-0.05150958094030311,0.08481245205575405,-0.14910763009583006,-0.04342274500635268,-0.0299064196089589,0.14609229717104144,0.007004794938761806,-0.04993007262253146,0.04993007262253146,0.0,406334392.380778,-0.034404045562578034,0.01968208525119018,-0.025369949999624386,0.10568488508947738,0.21727824616394198,0.19530614110303945,0.4291454702201829,1.0,3.0,1.0,1.0,0.0,63.0,126.0,0.2265595463137996,0.1357021310192137,0.33227924650009566,,0.33227924650009566,0.9830508474576272,0.18458189789291835,0.21486847481139537,1,1,1,0,0,0
recent_month_non_top10_control,2026-06-30,A,132.8300018310547,-0.20435358033443607,0.13700436083768563,1.2565253060591395,1.2969972469207984,0.041118523930551376,-0.12946205663691224,-0.017949836528919128,0.11688842873850402,0.01450687881130186,-0.15893099468325556,0.32655238753346927,-0.014556997939703664,-0.21952376061825352,0.18557122937913284,-0.04793456117553904,-0.14995190791317448,0.14995190791317448,-0.012773901816018562,1.303992526132097,-0.1806511703247753,-0.043310778264421645,-0.0034429577176172677,0.0637120293080492,-0.0931640317784711,0.10301839078643171,0.19261898929422028,0.0989385922095849,0.02584859932101617,-0.017949836528919128,0.0989385922095849,-0.0588228350912372,0.062193820310482595,0.1676213928502137,0.0137743465236555,-0.10963927754453828,0.1676213928502137,0.3689504440074771,0.3744654397311748,0.8233431980402799,1.2132482286680932,-0.594268869816315,-0.6015869149506534,0.015282791204504993,-0.10187736959025662,0.10187736959025662,0.2099887926767514,281964283.43014795,0.9894157949337193,0.11904761904761904,0.007936507936507936,0.007936507936507936,0.027094431928996146,0.6797923631293362,-0.03819106959191598,0.0980326967329701,0.0818049325045338,1.0200686234899305,0.17291214546950817,0.09248188416891215,0.15175669699486538,0.13398820731573524,-0.34358880081322785,0.4543195314512664,0.6786271585528281,0.017281189629408947,0.10359524726983405,-0.03819106959191598,0.03819106959191598,0.20363110221503788,0.2698412698412698,0.4444444444444444,278979915.6329564,19.44665035380029,0.14285714285714285,0.015873015873015872,0.015873015873015872,0.028217893667247113,0.03918768689033758,0.0847540599271761,-0.05850111035948675,-0.018036686342074115,0.3333333333333333,0.00035099014027959824,-0.0931640317784711,0.17291214546950817,-0.016545855111386065,-0.018036686342074115,0.008993375256097336,0.30831357270382515,0.01539654067786987,-0.03819106959191598,0.03819106959191598,0.07042141121459311,313490334.0200152,0.02219696396541182,0.02879286996564942,-0.005437451835080265,-0.00149083123068805,0.277260670394752,0.2015739240893344,0.3413579411721217,1.0,3.0,1.0,1.0,0.0,63.0,126.0,0.4399810964083176,0.04321317032325811,,,0.04321317032325811,0.6672932330827067,0.11190225245470102,0.13944417306320223,0,0,0,0,0,0
recent_month_non_top10_control,2026-06-30,ABBV,249.86151123046875,0.05848028379570547,0.39983822496782717,1.2929854373085037,1.3810630838147857,0.11260664256766484,0.12327212506511587,0.11938840298661724,-0.02611181481056346,0.018352697630670045,-0.04048376670784659,0.2071012392918523,-0.016130820641631627,-0.08218552110271715,0.047229069597388484,0.4259548535235492,-0.010499031674390258,0.010499031674390258,0.010317974413341702,1.128809251406915,-0.15784977802374967,-0.01753283650200743,0.13774110061728728,0.022344802712862828,0.04067087224049604,0.1597540837953193,0.06867454276664653,0.09327658817605378,0.11680203059331944,0.09327658817605378,0.13774110061728728,-0.06286626604820633,0.04309680058226628,0.16661747258400572,-0.020308286242734175,-0.11064319781074627,0.16661747258400572,0.5823129904909339,0.2802841709608945,1.2859096613775713,1.02085836564024,-0.08122333792741354,0.061918716570405374,0.013139591483488403,-0.010499031674390258,0.010499031674390258,0.2749010944658212,1548441074.168057,0.9941712123654054,0.09523809523809523,0.007936507936507936,0.007936507936507936,0.02516450719023964,0.8769832154923636,0.06005332545580078,0.08177372259386262,0.16201744934659046,1.1552807060052728,0.030285817466402465,0.07584391924793503,0.1908005918615474,0.09367292248934156,-0.15792745033564048,0.2861304406819683,1.2596357189776295,0.013652899796778443,0.1033943007150473,-0.010499031674390258,0.010499031674390258,0.2749010944658212,0.015873015873015872,0.6984126984126984,1539415539.9820478,21.15466866249362,0.09523809523809523,0.015873015873015872,0.0,0.024848844164077465,0.12039343993904161,0.14507157906913504,0.4322631960333362,0.15579635444256645,0.5,0.021241278536148805,-0.06286626604820633,0.15579635444256645,0.1572871856732545,0.15579635444256645,0.0953918730436063,0.3604201233698171,0.017412867211430327,-0.010499031674390258,0.010499031674390258,0.1817968519672588,2035292437.2423444,0.0652375239273788,0.026304590477473425,0.01686694184321258,-0.00149083123068805,0.277260670394752,0.2015739240893344,0.3413579411721217,1.0,3.0,1.0,1.0,0.0,63.0,126.0,0.5406427221172023,0.0380149550617761,,,0.0380149550617761,0.6390977443609023,0.11190225245470102,0.13944417306320223,0,0,0,0,0,0
recent_month_non_top10_control,2026-06-30,ABNB,143.10000610351562,-0.260052137459142,0.08130580371297969,1.1434660857254222,1.174026898152046,0.17855384830762766,0.22318154300806325,0.05437669331295836,0.004760346558773332,0.05175310111032383,-0.06955498346964528,0.20275111497749843,-0.04678754823461484,-0.14719723077637603,0.07881943819489479,0.16404027817492867,-0.02765503917963974,0.02765503917963974,0.007573595656703347,0.9380443893727904,-0.11311124526645078,0.00501890594187504,0.10612979442328219,0.02860467139657815,0.04436890863267462,0.07375605307061339,0.07079579128974312,0.05913703987173169,0.07321450920265742,0.05437669331295836,0.10612979442328219,-0.06535416913008418,0.024534015965970823,0.13319613150785314,0.11149827341749274,-0.14406453888689885,0.13319613150785314,0.4476930932720175,0.3314837911636089,1.0567164989074047,0.8975298886499131,-0.2316287473551577,-0.1752011630266903,0.015778673579335357,-0.02765503917963974,0.02765503917963974,0.23404628521316617,553522893.6408088,0.9364821296053503,0.12698412698412698,0.023809523809523808,0.023809523809523808,0.03196564601771749,0.8098897427330438,0.04773680205613384,-0.008989035815746282,0.03928969455000675,1.0145784547579089,-0.050228006704909345,0.07487317726582667,0.019521270171339644,0.015543591866057582,-0.05823847080306144,0.29751661017232495,1.1773607901759617,0.014877532018113874,0.06845203367301811,-0.02765503917963974,0.02765503917963974,0.1452581800605539,0.015873015873015872,0.9523809523809523,518364298.22206044,20.066188833389486,0.09523809523809523,0.031746031746031744,0.0,0.03195833510612718,0.04846434529397525,0.08597767912749843,0.20965226799429834,0.07343791706708913,0.5,0.011155895841274688,-0.06535416913008418,0.11149827341749274,0.07492874829777718,0.07343791706708913,0.03827698136647939,0.35028439124296207,0.017649125059128697,-0.02765503917963974,0.02765503917963974,0.10844306226271172,557963874.1387503,0.004704105854835827,0.03276031177709452,-0.009153688616950872,-0.00149083123068805,0.277260670394752,0.2015739240893344,0.3413579411721217,1.0,3.0,1.0,1.0,0.0,63.0,126.0,0.5639886578449905,-0.013976239795218781,,,-0.013976239795218781,0.3533834586466165,0.11190225245470102,0.13944417306320223,0,0,0,0,0,0
recent_month_non_top10_control,2026-06-30,ACGL,97.05999755859376,-0.2753503156323449,0.06600762553977679,0.9981619993161661,1.0181279835061252,0.06976737537149491,0.03343270284141342,0.011884897950483087,-0.042738656514697215,-0.0012643582447040558,0.0007297716447085545,0.010417219902710828,0.0012510711934194951,-0.1896890261388513,-0.0007379064030637039,0.055321256731613214,-0.04824480914282414,0.04824480914282414,-0.0042480901828994,1.5153282959683982,-0.2451628238649869,-0.23674866024293195,0.01062053970577903,0.02431840448247849,0.04279467483519239,0.018894562629109712,0.04062880483126996,-0.03085375856421413,-0.002782773635984004,-0.03085375856421413,0.011884897950483087,-0.04153772939318867,-0.01593255138145888,0.011146991547419383,-0.01593914796693985,-0.2661136788473326,0.011146991547419383,0.04969757503544474,0.21483420031728034,1.0026039899355503,1.0440446063354383,-0.6915935047781835,-0.6649436433814977,0.010028079265538264,-0.04824480914282414,0.04824480914282414,0.10773789678270673,204800446.79754955,1.0776472555561125,0.047619047619047616,0.0,0.0,0.019886703719724154,0.5643805427692964,0.09786247099295653,-0.0231404846185731,0.03630370512212111,0.9234642254581329,-0.05420286678177255,0.053213753146141934,0.027524862368419223,-0.019868847422212066,-0.5392383513411556,0.22429648809764363,0.9603076189001702,0.01033872781786891,0.0015918666212553223,-0.01810825435668517,0.01810825435668517,0.10773789678270673,0.7619047619047619,0.30158730158730157,220702639.4280449,19.21232683503417,0.06349206349206349,0.0,0.0,0.01989479936310893,0.04684520106338774,0.04066250783278247,0.401179368563429,0.08641147903684154,0.5,0.003129580153925393,-0.05420286678177255,0.08641147903684154,0.0879023102675296,0.08641147903684154,0.052454632196112794,0.21539362641271853,0.010893277316559705,-0.01019783831222787,0.01019783831222787,0.10773789678270673,217615332.59782338,0.02840671615974233,0.0194283319305722,0.0070344914779976175,-0.00149083123068805,0.277260670394752,0.2015739240893344,0.3413579411721217,1.0,3.0,1.0,1.0,0.0,63.0,126.0,0.16077504725897923,0.06490833721641676,,,0.06490833721641676,0.7669172932330827,0.11190225245470102,0.13944417306320223,0,0,0,0,0,0
recent_month_non_top10_control,2026-06-30,ADBE,205.0200042724609,-0.811426175030415,-0.4700682338582933,0.8610926588806999,0.9144625502845136,-0.41879516861102506,-0.3595726700235081,-0.4142118060714628,0.19550825594482069,0.11334225542341814,-0.30546584584241043,0.14889188964733757,-0.16211889430431536,-0.6157857301607972,0.25763784987638993,-0.9859430073292554,-0.47712318010437627,0.47712318010437627,-0.06710864570385433,1.537130447572656,0.37011298323827013,0.15558897301842056,-0.30086955064804466,0.09816754101087928,-0.10516622792119568,-0.16365508347166335,0.05859720176302885,-0.2187035501266421,-0.31126163561538317,-0.4142118060714628,-0.2187035501266421,-0.07366335719405293,-0.03365901412039529,-0.15657395619507286,0.01242391085120964,-0.43383462658982486,-0.15657395619507286,-0.33676313768044397,0.42011739318836394,1.2125287064450505,1.1066857447973457,-0.4199687294729343,-0.5412290518043986,0.01998555583277514,-0.41946992256626947,0.41946992256626947,0.060027921981917975,1516283308.668712,0.9525210403133997,0.20634920634920634,0.023809523809523808,0.05555555555555555,0.03319470581405343,1.000595830252217,-0.16576784473939787,-0.07251733865999876,-0.13209347582119868,0.9586345211395157,0.05327096719391444,0.10037257401111205,-0.16692401792861167,-0.11915942063824903,-0.1530563998649105,0.4649379301829839,1.0956395816475313,0.022516855997565175,-0.1954118045239014,-0.2518337219072736,0.2518337219072736,0.060027921981917975,0.31746031746031744,0.047619047619047616,1444291754.5829651,21.090884903810945,0.23809523809523808,0.047619047619047616,0.06349206349206349,0.03505091335990552,-0.10538807660520388,-0.17970166470928184,-0.41039741750939884,-0.20905824994793265,0.3333333333333333,-0.08071864188706208,-0.20905824994793265,0.05327096719391444,-0.2075674187172446,-0.20905824994793265,-0.061454952699427245,0.5094043993177536,0.02596632927399559,-0.2518337219072736,0.2518337219072736,0.060027921981917975,1892044632.5624738,0.027540429883277318,0.04472038030931323,0.020853268028828253,-0.00149083123068805,0.277260670394752,0.2015739240893344,0.3413579411721217,2.0,8.0,2.0,1.0,1.0,63.0,126.0,0.7480151228733459,0.09799042005282632,,,0.09799042005282632,0.8721804511278195,0.11190225245470102,0.13944417306320223,0,0,0,0,0,0
recent_month_non_top10_control,2026-06-30,ADI,397.1700134277344,0.349682710563316,0.6910406517354377,1.0166191255552959,1.0286087538425221,0.6317293648150262,0.5109518016240466,0.4731006354004146,-0.35023349090681744,-0.18802312422995282,0.1767556592471724,0.07507654893003624,0.14631267187821173,0.2715267113110802,-0.22126842722320594,1.17103433663767,-0.10844481540626616,0.10844481540626616,0.06703280444448523,1.2828682660361592,0.5120978090949393,0.892892739339237,0.28507751117046176,0.17527521048121764,0.1444608718603304,0.07614952490468219,0.007031493675966338,0.12286714449359715,0.29368176368815785,0.12286714449359715,0.4731006354004146,-0.10302104614435292,0.0946652142253337,0.25183220817720864,0.2644119297810239,-0.025428462217543357,0.25183220817720864,0.5224397894717205,0.4040023597931413,1.5381423589378227,1.193139231565961,0.17661903810889812,0.13228908378169058,0.0191409232677117,-0.10844481540626616,0.10844481540626616,0.4731006354004146,1528422171.2645757,1.166947100476408,0.20634920634920634,0.03968253968253968,0.023809523809523808,0.02980155690041242,1.2734012974976832,-0.06556680386573566,0.021482618149450294,-0.02623402156115262,1.441883803318986,0.02881215648237956,0.1358678284726036,-0.009949069055362192,0.006778746956110027,0.23561936357223212,0.4820310651144235,1.289155798622978,0.023572859010196547,0.008905660659049408,-0.10844481540626616,0.10844481540626616,0.25183220817720864,0.09523809523809523,0.9841269841269841,1783587821.0610526,21.301892802964446,0.2698412698412698,0.06349206349206349,0.047619047619047616,0.03221189875087905,-0.03503737306628807,-0.026274466313691458,-0.06062908004010088,-0.037675707167254546,0.6666666666666666,0.07388347944838969,-0.10302104614435292,0.2644119297810239,-0.036184875936566496,-0.037675707167254546,-0.0399912786477431,0.6214131427086693,0.03049073573488245,-0.10844481540626616,0.10844481540626616,0.02651781982505974,2340480107.6296854,-0.0370702373530033,0.04909735121252812,-0.010513438272015452,-0.00149083123068805,0.277260670394752,0.2015739240893344,0.3413579411721217,1.0,3.0,1.0,1.0,0.0,63.0,126.0,0.773156899810964,-0.06372592899885954,,,-0.06372592899885954,0.18984962406015038,0.11190225245470102,0.13944417306320223,0,0,0,0,0,0
recent_month_non_top10_control,2026-06-30,ADSK,194.4199981689453,-0.7133255298625679,-0.3719675886904462,1.0063294577238855,1.0178951008077313,-0.3879812700257488,-0.3590690297484518,-0.34319789279124946,0.13394097665668858,0.11205146151475609,-0.19124358637048566,0.003357216803624885,-0.14573836432962162,-0.5447718168805838,0.15531152322438868,-0.8523951685968615,-0.4050613755462491,0.4050613755462491,-0.04897204651891551,1.5067158842742014,0.17241910631741142,-0.04786246317939047,-0.23114643127649337,0.07185038404964554,-0.027682208783829765,-0.16670060673328657,-0.024767168809098017,-0.20925691613456088,-0.2612004134007679,-0.34319789279124946,-0.20925691613456088,-0.026314724647956034,-0.04956024681385929,-0.18788636956686078,-0.010025037417177862,-0.4651470399616128,-0.18788636956686078,-0.4459747968494524,0.40262768424203044,1.225138428210488,1.0463604725260163,-0.7012954723894269,-0.7489337498419523,0.019190059090856297,-0.3545795867671053,0.3545795867671053,0.035691438869984715,555663332.7275836,1.018225893156256,0.23809523809523808,0.015873015873015872,0.03968253968253968,0.03373820587218244,0.660019661513551,-0.1013179022143027,-0.09172797276145339,-0.1432917581272024,0.9525741557562091,-0.024008449119857667,0.06787587158751933,-0.1796624549833531,-0.14056570544588098,-0.41440701880403275,0.4212936939355466,1.1708569468921972,0.019695341393984444,-0.1934180899658664,-0.22554173291684487,0.22554173291684487,0.035691438869984715,0.5714285714285714,0.09523809523809523,565790793.2607257,20.153734946393133,0.23809523809523808,0.015873015873015872,0.047619047619047616,0.03577645748273549,-0.10871028357757417,-0.1852955051934999,-0.3233146981782071,-0.15948294401025065,0.0,-0.0655419547181156,-0.15948294401025065,-0.010025037417177862,-0.1579921127795626,-0.15948294401025065,-0.05983961486854905,0.49327464822630984,0.023925219963480633,-0.21655385517456538,0.21655385517456538,0.035691438869984715,711016512.9908243,0.005778476055854576,0.04343321052923504,0.003965873174225587,-0.00149083123068805,0.277260670394752,0.2015739240893344,0.3413579411721217,1.0,3.0,1.0,1.0,0.0,63.0,126.0,0.6519848771266541,0.07884992272108438,,,0.07884992272108438,0.8120300751879699,0.11190225245470102,0.13944417306320223,0,0,0,0,0,0
recent_month_non_top10_control,2026-06-30,AEE,113.04000091552734,-0.13081209831355478,0.21054584285856692,0.9161398514026814,0.9275283734365822,0.10591392797128574,0.08542817712949402,0.1477075639089287,-0.1359660356788457,-0.03800492455291127,0.10821809170302066,-0.07258478766155396,0.034247845508384334,-0.05386636018040569,-0.112074259867462,0.7843320049173593,-0.04462473624843866,0.04462473624843866,0.016800953450001987,1.5092805373873077,0.1881342701014832,0.23047141979009567,0.10970263935601743,0.07015164103749497,0.0968242465022715,0.03342242137650131,-0.01857472128170412,0.01174152823008301,0.08971724383167638,0.01174152823008301,0.1477075639089287,-0.02306972527645479,-5.540666316417031e-06,0.035633304041466696,0.033933807278157424,-0.2416273663532853,0.035633304041466696,0.16945194550252396,0.18832275488298073,1.3846395482337372,1.1166234276439797,-0.5320762451321992,-0.5066504818421833,0.009479089990724929,-0.04462473624843866,0.04462473624843866,0.15685962496875838,189638500.5979447,1.042363773675532,0.031746031746031744,0.0,0.0,0.01743636905866049,0.8537438550293321,0.010921137678566728,-0.0014623120037590143,0.031579126749778696,1.0578648285028662,-0.049978011859736826,0.053131638373943704,0.0016437191156206676,0.009212439264974615,-0.2869524478800656,0.21028560006079094,1.2400237304309998,0.010694099863640718,0.03625634857198956,-0.04462473624843866,0.04462473624843866,0.08323160019248532,0.031746031746031744,0.31746031746031744,197672303.11744326,19.102121187874268,0.031746031746031744,0.0,0.0,0.018085332559766673,0.033202076155863125,0.049977552468852826,0.20838160350805107,0.05433740652299068,0.6666666666666666,0.024382594779268723,-0.049978011859736826,0.0968242465022715,0.05582823775367873,0.05433740652299068,0.02786283382609489,0.26075913424330327,0.01383959544859361,-0.04462473624843866,0.04462473624843866,0.08323160019248532,212203196.49036953,0.006347556875317517,0.019215708121782894,-0.014987784791452019,-0.00149083123068805,0.277260670394752,0.2015739240893344,0.3413579411721217,1.0,3.0,1.0,1.0,0.0,63.0,126.0,0.12202268431001889,0.006546336321445301,,,0.006546336321445301,0.4605263157894737,0.11190225245470102,0.13944417306320223,0,0,0,0,0,0
recent_month_non_top10_control,2026-06-30,AEP,136.80999755859375,0.018920681408432394,0.3602786225805541,0.9450495316675656,0.9578011032989516,0.24434096656197446,0.12218761739675044,0.2045196590984124,-0.17475152972359664,-0.04495080860669387,0.14574995790015732,-0.09445630452227394,0.03876510531274824,0.002945735009078021,-0.15322600572052902,1.0504363009929625,-0.013555446317096709,0.013555446317096709,0.023392778623037014,1.3951660974177127,1.1372147361008866,1.24684028796855,0.15956885049171854,0.09074405355871414,0.12604849326197942,0.050148682604015615,0.009329397018337793,0.029768129374815766,0.1312855463216489,0.029768129374815766,0.2045196590984124,-0.020475272473970074,-0.001753104656787019,0.051293653377883386,0.04600246631274052,-0.2259670170168686,0.051293653377883386,0.24553875890592838,0.19469972515713985,1.0840185253609174,1.0729469211625797,0.17883939763077517,0.27320610596945194,0.009627280423727043,-0.013555446317096709,0.013555446317096709,0.22157566854542599,512885587.84120345,1.1227353584186686,0.023809523809523808,0.0,0.0,0.017910814168004593,1.5332198006161384,0.05614972172541943,-0.009136236347766835,0.045365768077956226,0.9663980321850761,-0.06943382326400582,0.06989264531801123,0.005058484311031286,0.0044013946196954645,0.24942462062384219,0.20890247065855366,1.0103188741026827,0.01032372769191955,0.03766167452391578,-0.013555446317096709,0.013555446317096709,0.10517809634682118,0.031746031746031744,0.31746031746031744,575834784.2926631,20.171331346427134,0.031746031746031744,0.0,0.0,0.01744979808902657,0.05212291442217776,0.06023296601567285,0.37928190355728447,0.08005052132490165,0.6666666666666666,0.033492915079065655,-0.06943382326400582,0.12604849326197942,0.0815413525555897,0.08005052132490165,0.04610394613579394,0.21105810895301863,0.011119499936593072,-0.013555446317096709,0.013555446317096709,0.10517809634682118,763200580.8797563,0.024655815560993055,0.017761858077501223,-0.002013364057053768,-0.00149083123068805,0.277260670394752,0.2015739240893344,0.3413579411721217,1.0,3.0,1.0,1.0,0.0,63.0,126.0,0.281758034026465,-0.00928297854779958,,,-0.00928297854779958,0.37406015037593987,0.11190225245470102,0.13944417306320223,0,0,0,0,0,0
recent_month_non_top10_control,2026-06-30,AES,14.65999984741211,0.12382126732867049,0.4651792085007922,0.9178155956880699,0.9164637158146252,0.15557671773755355,0.06802868174419374,0.047174589476743245,-0.1883344344755593,-0.03415349855039862,-0.00579946931865194,0.05908254165727855,0.03371449899346857,-0.15439933461259114,0.006108482861883369,0.138684259718783,-0.14115984499881606,0.14115984499881606,0.00564988568621505,0.7570302825252191,-0.28581569513623506,-0.24776176115706738,0.013021090926344625,0.10033949178930773,0.17952227201690185,0.0024742223287108622,0.17985432923102185,-0.14115984499881606,-0.026988054865242733,-0.14115984499881606,0.047174589476743245,-0.184606515042264,0.01731287623877753,0.053283072338626614,0.025549993713378738,-0.22397759805612538,0.053283072338626614,1.1236573332607376,0.3401582095358299,0.1061681872911108,0.13940373546108156,-0.2832377492014866,-0.28372635087323617,0.008886401710219956,-0.14115984499881606,0.14115984499881606,0.09052164709153998,164337518.5269439,0.8417292513555305,0.05555555555555555,0.015873015873015872,0.007936507936507936,0.013224388817092482,0.5182286450135928,-0.0006789021855132527,0.01636166633853242,0.008788966882956606,0.3366038599029952,0.02774274231404905,0.1164193973909664,0.02704215181634395,0.011761462452018367,-0.21421907881890967,0.04741932505704799,0.7615878221624168,0.0023004135187171437,0.0009564171616709416,-0.004752185811242149,0.004752185811242149,0.053283072338626614,0.42857142857142855,0.9841269841269841,138327696.4393101,18.74513604729433,0.0,0.0,0.0,0.004918865288992038,-0.00034095563954483765,-0.0012263271858137248,-0.018875760783698563,-0.0006816788568388965,0.6666666666666666,0.013540218856449219,-0.184606515042264,0.17952227201690185,0.0008091523738491535,-0.0006816788568388965,-0.0004772728038210383,0.0361139804986089,0.0019797873774883845,-0.004752185811242149,0.004752185811242149,0.0034223266194268742,117774594.0224148,0.0005459935183080855,0.0038978812742932263,-1.3010563626458804e-08,-0.00149083123068805,0.277260670394752,0.2015739240893344,0.3413579411721217,1.0,3.0,1.0,1.0,0.0,63.0,126.0,0.3002835538752363,0.012278329266664834,,,0.012278329266664834,0.4943609022556391,0.11190225245470102,0.13944417306320223,0,0,0,0,0,0
recent_month_top_future_return,2026-06-30,ACN,122.96148681640624,-0.9193868874169195,-0.5780289462447978,0.8569501857927803,0.912996161939937,-0.49109775157064695,-0.49801880609590665,-0.5322575215233176,0.13351900306089703,0.008267536016735466,-0.26093921556472344,-0.106173086525437,-0.017368407733047486,-0.733831445612652,0.1651452194331572,-1.063792880321824,-0.5861837278837898,0.5861837278837898,-0.11550098302968625,1.5448653019711804,0.5902595804438782,0.006455724946193397,-0.5239899855065822,0.07481488970216038,-0.20831447030975847,-0.3318187814215501,-0.0638870972676695,-0.3987385184624206,-0.4849953418307735,-0.5322575215233176,-0.3987385184624206,-0.049971292658568256,-0.08653007765335663,-0.36711230209016044,-0.09110125813305914,-0.6443729724849124,-0.36711230209016044,-0.6654545009013562,0.5003394282562752,1.4561275413928838,1.102594554800239,0.019083934055127205,-0.32209975068627783,0.022030366377240963,-0.5650679297666878,0.5650679297666878,0.0,1309891900.0073144,0.9008649547456379,0.24603174603174602,0.031746031746031744,0.05555555555555555,0.0381445792278589,1.37044330263478,-0.2541404220762231,-0.08999250855450447,-0.26292894085055163,0.9957280420521205,0.046779750941540854,0.1395097481033867,-0.30367634065611704,-0.12546686609262747,0.18550336729407713,0.5516715291472338,1.3206373413087422,0.02301173239524876,-0.24958810542510834,-0.3766686986959973,0.3766686986959973,0.0,0.9523809523809523,0.0,1180035707.221767,20.88881053617101,0.23809523809523808,0.047619047619047616,0.07936507936507936,0.03852421234348372,-0.23545433113782155,-0.2950104363855065,-0.4595303035614361,-0.3347944887952171,0.16666666666666666,-0.10912836111468494,-0.3347944887952171,0.046779750941540854,-0.33330365756452907,-0.3347944887952171,-0.19110763089127458,0.7285580215287312,0.031067066856347032,-0.3670074558667329,0.3670074558667329,0.0,1539782602.9070897,-0.06750193614119115,0.0644889040109885,-0.01726340653256353,-0.00149083123068805,0.277260670394752,0.2015739240893344,0.3413579411721217,1.0,3.0,1.0,1.0,0.0,63.0,126.0,0.7906427221172023,0.19541499780849914,,,0.19541499780849914,0.9924812030075187,0.11190225245470102,0.13944417306320223,1,1,0,0,0,0
recent_month_top_future_return,2026-06-30,CBOE,242.6699981689453,-0.2960378581649985,0.0453200830071232,0.6996625189683668,0.7458150701708758,-0.005997532810082085,-0.05574194303774771,-0.028768473014705087,-0.1598788386063319,-0.05151858558022415,0.12256593954477069,-0.2573770960464955,0.05601594069288374,-0.23034239710403948,-0.10604268348701973,-0.07475196001001268,-0.33684584626015757,0.33684584626015757,0.0032974865160304567,1.6797280695804222,2.1080324244657334,1.6890349788786478,-0.08028705859492924,0.08160611918455063,0.13355505512973087,-0.18537775176895854,-0.2601123203678074,-0.18864731162103698,-0.09923428107689043,-0.18864731162103698,-0.028768473014705087,-0.06222474494889796,-0.025261274245778287,-0.13481115650172482,0.06766999918832184,-0.4120718268964768,-0.13481115650172482,-0.2763578564265456,0.38485242408161185,1.7086320126993197,1.2675345107566822,-0.18060304631644386,-0.4038761880758833,0.016975703018612495,-0.33684584626015757,0.33684584626015757,0.048205278073987445,320236161.6566249,1.2316439905667211,0.14285714285714285,0.007936507936507936,0.023809523809523808,0.03049560927050951,1.5233508710675543,-0.248378790470401,-0.11562982662824806,-0.21154960332974904,1.4215711887287785,0.11386291879305999,0.15258952019713734,-0.18964769623945565,-0.23210144070117733,0.13545237539709598,0.4878137290718091,1.3479964436465834,0.02171594528543479,-0.2948055703723652,-0.33684584626015757,0.33684584626015757,0.048205278073987445,0.5079365079365079,0.015873015873015872,394416944.0665351,19.792919143934466,0.23809523809523808,0.015873015873015872,0.047619047619047616,0.03645913571683274,-0.17759590934951408,-0.3017964261297973,-0.41438056013486285,-0.27248471056150103,0.6666666666666666,0.006065743048932907,-0.27248471056150103,0.13355505512973087,-0.270993879330813,-0.27248471056150103,-0.09750193233192073,0.6575711719507766,0.032472583329805,-0.19400156439591398,0.19400156439591398,0.048205278073987445,585876268.8096546,-0.026746725428641316,0.05810064530946396,0.0019736402577401613,-0.00149083123068805,0.277260670394752,0.2015739240893344,0.3413579411721217,1.0,3.0,1.0,1.0,0.0,63.0,126.0,0.516351606805293,0.17472291373140747,,,0.17472291373140747,0.9830827067669173,0.11190225245470102,0.13944417306320223,1,1,0,0,0,0
recent_month_top_future_return,2026-06-30,CTAS,170.0800018310547,-0.5709802451539794,-0.22962230398185768,1.1888338112519015,1.2016909821824617,-0.16522926913731573,-0.08109504907234488,-0.09111129104553628,-0.060967216655152257,-0.01576632063739969,-0.09858552787419372,0.10687720396746847,0.0176530348400612,-0.29268521513487067,0.09940296713881103,-0.39934209440486246,-0.24119834746469726,0.24119834746469726,-0.01957731618989622,1.3931209395789843,-0.49529185096740924,-0.4911069744739949,-0.10687761168293597,0.03164569316122193,0.05330787865180908,-0.05375600729700991,0.10815290412278067,-0.15207850770068854,-0.11668913680972026,-0.15207850770068854,-0.09111129104553628,-0.1590513812583808,-0.0003106990793035891,0.008291676093274747,0.03293132939552135,-0.26896899430147725,0.008291676093274747,0.03420745977293956,0.22815348625172857,1.3338802231643851,1.0624154903455347,-0.5631473869641809,-0.5661573303269759,0.011076648672826499,-0.1661739004173558,0.1661739004173558,0.04275424469294098,383224223.5843719,0.9666036698991243,0.05555555555555555,0.0,0.0,0.02268131702936831,0.6759340020351795,0.09551096810536686,0.01248471130532125,-0.01276672303827775,0.9921980136179265,-0.017081734099196666,0.07593525528948562,-0.023854105883946763,0.028684928708340163,-0.37488656606056536,0.24239379797017344,1.2555165425257124,0.011771141865312074,-0.00606309673882599,-0.06487795653711736,0.06487795653711736,0.04275424469294098,0.19047619047619047,0.5079365079365079,370425940.9108964,19.7301640958402,0.07936507936507936,0.0,0.0,0.022515222494948674,-0.019282205526415463,-0.008296428884991491,-0.022640157463754428,-0.006890066061132294,0.5,-0.01318848975521969,-0.1590513812583808,0.05330787865180908,-0.005399234830444244,-0.006890066061132294,-0.02286286176982444,0.3043294231571882,0.014496219102990229,-0.06487795653711736,0.06487795653711736,0.007582931019879169,391107698.31601095,-0.003357679309973327,0.026092745614485553,-0.000798958297363761,-0.00149083123068805,0.277260670394752,0.2015739240893344,0.3413579411721217,1.0,3.0,1.0,1.0,0.0,63.0,126.0,0.254820415879017,0.21066557764178317,,,0.21066557764178317,0.9962406015037594,0.11190225245470102,0.13944417306320223,1,1,0,0,0,0
recent_month_top_future_return,2026-06-30,CVX,165.75999450683594,-0.13525075650957485,0.20610718466254685,0.7663446624509896,0.7826171670168521,0.09988496171600425,0.11767745259701567,0.10829080203823738,-0.21260532222665096,-0.15343151115127118,0.37080222595804324,-0.5623042668424155,0.16068494344203232,-0.09328312205109701,-0.29979284292260966,0.4136997436224234,-0.2077753805844258,0.2077753805844258,0.01867101135283833,1.2665932615818538,0.11634748533374695,-0.09743533644380242,-0.045140709113033806,0.10972981330708433,0.0660653905965154,-0.11338992188484998,-0.1713741735019314,-0.10431452018841358,-0.013721475754403337,-0.10431452018841358,0.10829080203823738,0.10783888779549722,-0.03505448609600181,-0.19150204088437228,-0.06568384883612599,-0.4687627112791243,-0.19150204088437228,-0.7022055857043807,0.26176183018636945,0.9197948116278745,1.0418442722916945,0.399114247650596,0.27105755492319994,0.012625645603025646,-0.2077753805844258,0.2077753805844258,0.11871381422069915,2109780251.5297663,0.9209708871721396,0.07142857142857142,0.007936507936507936,0.0,0.020732515991934528,1.196233141337241,-0.06354182230156669,-0.01882472214822406,-0.09908918685711887,0.9566189291517464,-0.04748234436443122,0.10387249523011696,-0.13466340263037846,-0.03611847784555089,0.2934166816453969,0.27271506348426017,0.8828524915769287,0.01384004173246097,-0.08264899727190489,-0.19150204088437228,0.19150204088437228,0.0,0.9841269841269841,0.0,1943046189.9896288,21.3875227800852,0.09523809523809523,0.0,0.0,0.021725541453536817,-0.09376033935488537,-0.08122031010995723,-0.380147228098128,-0.09152697354231776,0.5,0.021649342515194996,-0.09152697354231776,0.16068494344203232,-0.09003614231162971,-0.09152697354231776,-0.08000558454316131,0.24076717328763936,0.013160343018805584,-0.1266596847122613,0.1266596847122613,0.0,1696989236.149161,-0.04259131737585076,0.025975599849921222,-0.02376972754942941,-0.00149083123068805,0.277260670394752,0.2015739240893344,0.3413579411721217,1.0,3.0,1.0,1.0,0.0,63.0,126.0,0.5083175803402646,0.17513272044721062,,,0.17513272044721062,0.9849624060150376,0.11190225245470102,0.13944417306320223,1,1,0,0,0,0
recent_month_top_future_return,2026-06-30,ICE,123.11000061035156,-0.6617717472180787,-0.32041380604595704,0.8549973677622024,0.8807056936122776,-0.2620122210457223,-0.2095602592300495,-0.2345863022494129,-0.010119661382879341,-0.05206110092332539,-0.02575894014202229,-0.18858981881690817,0.07298088092042376,-0.4361602263387473,0.02023754329048244,-0.851666355309723,-0.3383726753538905,0.3383726753538905,-0.043895448563549544,1.6441759976246102,0.8952568643638978,0.48901090757910226,-0.2866474031727383,0.027603895034872955,-0.05552994929252597,-0.19500427618031346,-0.16469144218618104,-0.24470596363229224,-0.2553132230181478,-0.2866474031727383,-0.2345863022494129,-0.03863954269726011,-0.06565884868907734,-0.21434875895893046,0.005149979132101912,-0.49160942935368246,-0.21434875895893046,-0.8766975161965065,0.27544389981696715,1.0683311645195375,0.8876423992269635,-0.11904879799955437,-0.2637355398589103,0.012726186891837573,-0.29202511600920944,0.29202511600920944,0.0016271820216684496,599854100.4040612,0.9723981138468324,0.07936507936507936,0.0,0.015873015873015872,0.024871730553005695,1.315855973571323,-0.14472120001504252,-0.09436300167332468,-0.15921360165789844,0.963336324340086,-0.06477319041615837,0.07885565778137005,-0.21837411595089407,-0.11854215904975562,0.014613629883091006,0.24449568408596412,1.2035603137591597,0.012424455896226354,-0.14093075589095427,-0.2635601933477649,0.2635601933477649,0.0016271820216684496,0.9047619047619048,0.015873015873015872,583296995.8161975,20.184207043101317,0.06349206349206349,0.0,0.0,0.02515968934306446,-0.12082723231579362,-0.16379710484327126,-0.5581331635522958,-0.16423922406917013,0.3333333333333333,-0.040841841070431484,-0.16423922406917013,0.07298088092042376,-0.16274839283848208,-0.16423922406917013,-0.08765159064319694,0.29426530225126335,0.015828145209680917,-0.14757707017028943,0.14757707017028943,0.0016271820216684496,735995074.2185683,-0.051891440052385884,0.03160916464481733,-0.014157824225100923,-0.00149083123068805,0.277260670394752,0.2015739240893344,0.3413579411721217,1.0,3.0,1.0,1.0,0.0,63.0,126.0,0.3895085066162571,0.18422542899308736,,,0.18422542899308736,0.9906015037593985,0.11190225245470102,0.13944417306320223,1,1,0,0,0,0
recent_month_top_future_return,2026-06-30,MPC,255.6699981689453,0.22792577038540807,0.5692837115575298,0.868303641643735,0.8854738427474295,0.34497581496608865,0.3313991444382607,0.5860046704799486,-0.2911872279122216,-0.12206268370572548,0.5089693906652686,-0.45791780519823866,0.08337945410985093,0.38443074639061425,-0.5349530850129187,1.59884195849506,-0.0431869827295468,0.0431869827295468,0.07839993421704006,1.11656110086137,-0.3712176148724372,-0.3391172771979346,0.46394198677422316,0.14622608745005292,0.13061651677406227,0.09196818312732158,-0.012501372754942008,0.294817442567727,0.44825469994063294,0.294817442567727,0.5860046704799486,0.23192568325976204,0.03923873589519333,0.051051585467029925,0.01683185359086936,-0.22620908492772207,0.051051585467029925,0.13956885017790402,0.36651819610209413,0.916055862772685,0.9979877100639184,-0.33344980607288865,-0.31496207768598716,0.017851469859324634,-0.0431869827295468,0.0431869827295468,0.5860046704799486,553512372.9120284,1.060666875538726,0.15873015873015872,0.031746031746031744,0.031746031746031744,0.032407833595473515,0.6725229010100535,0.007381620036555847,0.05332526330053411,0.027297154153015146,0.994124296458428,0.005757163125852394,0.08699949927983912,0.033653284714985965,0.021673512490450797,-0.19693525301001935,0.3657806552246871,0.9179029496405463,0.018218071575150655,-0.011240840735542657,-0.0431869827295468,0.0431869827295468,0.2010190849595621,0.2857142857142857,0.7936507936507936,587092239.1486274,20.19069250369043,0.1746031746031746,0.0,0.047619047619047616,0.03172508888100858,0.0012043946963882224,0.015337826792448439,0.08261010876831032,0.027736438388799023,1.0,0.08270785154153266,0.005757163125852394,0.23192568325976204,0.029227269619487073,0.027736438388799023,-0.0022634158385539394,0.335751142352192,0.016844062114984168,-0.0431869827295468,0.0431869827295468,0.052529720120482404,656208560.8636765,0.02152771265805642,0.03276264159635675,0.007352131496609626,-0.00149083123068805,0.277260670394752,0.2015739240893344,0.3413579411721217,1.0,3.0,1.0,1.0,0.0,63.0,126.0,0.6407372400756144,0.20952787753387847,,,0.20952787753387847,0.9943609022556391,0.11190225245470102,0.13944417306320223,1,1,0,0,0,0
recent_month_top_future_return,2026-06-30,OXY,48.56999969482422,-0.16129543249473755,0.18006250867738416,0.8396736825460323,0.8468389129230548,0.04361579946315697,0.17406765410432468,0.19226702335103996,-0.26864196408447705,-0.11216082417745388,0.5882447353221656,-0.8375625533918121,0.10384240388886834,-0.009306900738294432,-0.44158484142068644,0.49319052357473936,-0.263370441934899,0.263370441934899,0.04361243917007074,1.0254735449156804,-0.7104523127712346,-0.7826417103782228,0.08010619917358608,0.13492893345136206,0.16942063052217593,-0.12633961938474358,-0.23059801333268493,-0.07637494073343709,0.06533276059706299,-0.07637494073343709,0.19226702335103996,0.23038095414958804,-0.0424797084280959,-0.24931781806964648,-0.06799998679324559,-0.5265784884643985,-0.24931781806964648,-0.6527597531549693,0.3898433042821905,0.7819088883500156,0.979737809692676,-0.2968857458440719,-0.3941727582502138,0.01922520097012976,-0.263370441934899,0.263370441934899,0.21321504511084388,758881236.6624045,0.9551224750467476,0.20634920634920634,0.023809523809523808,0.023809523809523808,0.029785297588122747,0.6256248171392544,-0.10423933135819474,-0.0297763035118912,-0.13382644536566402,0.8796091534634198,-0.06520303531153127,0.14940284489172334,-0.19454702650972766,-0.053605956410346156,-0.19043695959943374,0.38194422506078873,0.7980797317552587,0.019013834903426906,-0.11926852313471481,-0.24931781806964648,0.24931781806964648,0.0,0.9841269841269841,0.0,724824525.0275325,20.401440150458747,0.20634920634920634,0.0,0.047619047619047616,0.029591920607611597,-0.12459286763766475,-0.12540659222904416,-0.4539235709046195,-0.13836586562013675,0.5,0.03867918347261978,-0.13836586562013675,0.23038095414958804,-0.1368750343894487,-0.13836586562013675,-0.10307884133111667,0.3048219446819844,0.017006900301757718,-0.18185206304483126,0.18185206304483126,0.0,538806600.0760214,-0.05268085698437952,0.0358245954186966,-0.02840569020662742,-0.00149083123068805,0.277260670394752,0.2015739240893344,0.3413579411721217,1.0,3.0,1.0,1.0,0.0,63.0,126.0,0.6820415879017013,0.1797405723098373,,,0.1797405723098373,0.9868421052631579,0.11190225245470102,0.13944417306320223,1,1,0,0,0,0
recent_month_top_future_return,2026-06-30,PSX,169.0500030517578,0.12423333655204649,0.4655912777241682,0.8395565950744218,0.8523692734809996,0.27287910851617236,0.253484036914148,0.3304184007615387,-0.22708586447205903,-0.1345617361111986,0.423417002597825,-0.4887517580957276,0.11252329822532992,0.12884447667220433,-0.3957531562594413,0.9996042179083537,-0.0956165464004165,0.0956165464004165,0.047032513243711715,1.2767197506991226,-0.19407215362306107,-0.24672725241504956,0.19585666465034013,0.11418958285618643,0.08385878719032447,0.0010942199213772597,-0.0522342839622566,0.10333253628947969,0.20986920056711952,0.10333253628947969,0.3304184007615387,0.18045743412362847,0.01018256909194748,-0.06533475549790257,-0.016631918235717302,-0.34259542589265457,-0.06533475549790257,-0.19827150671730068,0.3305492262256864,0.8327005716895515,0.9968913287386052,0.1118823886026068,0.06870432094714363,0.016220226239595684,-0.0956165464004165,0.0956165464004165,0.3350741292370143,466020576.05278987,1.0041299675926707,0.14285714285714285,0.015873015873015872,0.0,0.02988345910357814,1.035562372957916,-0.02555541285006646,0.031480125216472477,-0.02346416667818274,0.9778391569281288,-0.011125285793336603,0.08732088467042692,-0.04952655894098823,0.0032155210756026342,0.04006464783940111,0.3295216573456423,0.8352972362024566,0.01688648110968342,-0.039609134771682375,-0.08463282566543628,0.08463282566543628,0.09327329974823506,0.2857142857142857,0.7777777777777778,467945225.92940557,19.96386181055699,0.12698412698412698,0.015873015873015872,0.0,0.029971025573323363,-0.0400740314176502,-0.026900658026253188,-0.14108451300665853,-0.038833304761422216,0.5,0.05170816845813445,-0.038833304761422216,0.18045743412362847,-0.037342473530734166,-0.038833304761422216,-0.03637325203523256,0.27524852964966795,0.014265177738223625,-0.08463282566543628,0.08463282566543628,0.017515370607920522,466143931.25305176,-0.005125888490122077,0.031972774870217116,-0.011576891432327763,-0.00149083123068805,0.277260670394752,0.2015739240893344,0.3413579411721217,1.0,3.0,1.0,1.0,0.0,63.0,126.0,0.5386578449905481,0.223129254893621,,,0.223129254893621,0.9981203007518797,0.11190225245470102,0.13944417306320223,1,1,0,0,0,0
recent_month_top_future_return,2026-06-30,PYPL,43.18000030517578,-0.7553251538387464,-0.41396721266662473,1.0719813682419062,1.0893655343926454,-0.35052251957404335,-0.306851057682775,-0.25567819858965624,0.19602682957200823,0.08037941557893946,-0.22290263315017977,0.18072572348911464,-0.09746489264606473,-0.4572521226789906,0.2135012889285911,-0.5848419044978789,-0.44318639631585577,0.44318639631585577,-0.05290955176130696,0.9933122247476013,0.12088223710122104,0.07360688824631012,-0.17529878301071677,0.09854076375131027,-0.12298355118809035,-0.03636158467307382,0.08334666428690518,-0.059651369017648004,-0.16354278353934035,-0.25567819858965624,-0.059651369017648004,-0.01824393202966046,-0.029195278104614086,-0.04217690966106513,0.10855625874051023,-0.3194375800558171,-0.04217690966106513,-0.13070338906422407,0.43717489568257084,0.8108445329571065,0.7381297192158116,-0.24444468043306267,-0.2685491831755549,0.017557092586630338,-0.27347424899136064,0.27347424899136064,0.11191149562573366,895523645.8005844,0.76579080435504,0.1349206349206349,0.023809523809523808,0.015873015873015872,0.0296040276114148,0.8493018777082331,-0.027743111356511307,-0.08411136971704081,-0.04130823613208934,0.9279869924957458,-0.10749901818335872,0.08626358835646168,-0.13597250226418944,-0.06301763047628361,-0.06348885983309493,0.32269178299837775,1.0985122422906193,0.014624742488978078,-0.027686854439095687,-0.15813565292101328,0.15813565292101328,0.06093364854416805,0.7777777777777778,0.20634920634920634,685783773.0365875,20.34607293780737,0.1111111111111111,0.015873015873015872,0.015873015873015872,0.027650978016382128,0.003760635064001594,-0.01777931803080357,-0.0899992937002519,-0.03190302830017544,0.16666666666666666,-0.04492302726780658,-0.12298355118809035,0.10855625874051023,-0.03041219706948739,-0.03190302830017544,0.017719716654498452,0.3544808741103059,0.017305723570635576,-0.04132903488627648,0.04132903488627648,0.06093364854416805,737925354.3866838,0.006550263462113515,0.03218422678096167,-0.0037377202826576195,-0.00149083123068805,0.277260670394752,0.2015739240893344,0.3413579411721217,1.0,3.0,1.0,1.0,0.0,63.0,126.0,0.6668241965973535,0.30037056806478235,,,0.30037056806478235,1.0,0.11190225245470102,0.13944417306320223,1,1,1,0,0,0
recent_month_top_future_return,2026-06-30,T,20.42649269104004,-0.5948675774982318,-0.2535096363261101,1.0438939231787638,1.0630449652176046,-0.24257416989410974,-0.1867073676302946,-0.14807264069945236,-0.1051709045470145,-0.05388657245274164,0.18075199815062737,-0.4592394700034015,0.0675235819281732,-0.34964656478878675,-0.13041483115332175,-0.5347851107649444,-0.2812148283635889,0.2812148283635889,-0.009605644642385336,1.5779719801747223,1.6960929258949298,0.9452648230823022,-0.201959213152194,0.05259081759568787,0.0686761149071009,-0.2024995132333599,-0.27470741758563855,-0.25324354524646686,-0.20109179969937108,-0.25324354524646686,-0.14807264069945236,0.03498750974031073,-0.0746221332221384,-0.2784874718527741,-0.08922115616336579,-0.5557481422475261,-0.2784874718527741,-0.9750098268786125,0.27688250424110095,1.310689021365236,1.0315758240760937,0.484988408190262,0.2394863478559328,0.012979934656020396,-0.2812148283635889,0.2812148283635889,0.0,1125695569.5381374,0.9694820149301092,0.10317460317460317,0.0,0.007936507936507936,0.02255337250281554,1.766197448711559,-0.13964068237864125,-0.07778710759029661,-0.14854758872554452,1.0580398536134064,-0.05089937717815107,0.09526653859992876,-0.20780710594037133,-0.09481042896542946,0.48966968361263974,0.2856252974847662,1.2705697349384115,0.014278470766073754,-0.10464273549586312,-0.2784874718527741,0.2784874718527741,0.0,0.9841269841269841,0.0,1091341608.9537303,20.810673611151202,0.12698412698412698,0.0,0.015873015873015872,0.02413264039323502,-0.11743386722254834,-0.11870243582866946,-0.4555508923766748,-0.16532254324700058,0.5,-0.022375978335488766,-0.16532254324700058,0.0686761149071009,-0.16383171201631253,-0.16532254324700058,-0.08920909448451086,0.3629068585169244,0.018989571388995184,-0.15990253977854152,0.15990253977854152,0.0,1356828127.9618945,-0.06987194078288672,0.03253969261418175,-0.05934745233173577,-0.00149083123068805,0.277260670394752,0.2015739240893344,0.3413579411721217,1.0,3.0,1.0,1.0,0.0,63.0,126.0,0.47514177693761817,0.18130897583563543,,,0.18130897583563543,0.9887218045112782,0.11190225245470102,0.13944417306320223,1,1,0,0,0,0
latest_month_unlabeled_or_partially_labeled,2026-07-31,A,138.57000732421875,-0.00020143120434013007,0.21663600958698015,1.1485619852388818,1.1725571156277839,-0.0475400171522683,0.024487664451140256,0.03962143148737374,0.17845658348515614,0.10680578128216545,-0.1347503818449033,0.3362781371579612,-0.0931640317784711,-0.06325483185338276,0.16190632382568415,0.10614229369295332,-0.1132186349268659,0.1132186349268659,0.012724517344011588,1.238308934588126,-0.3221278497988377,-0.1855177969795615,0.14642721276953918,0.08980354907687889,-0.0588228350912372,0.1366297170574169,0.1362194905337314,0.21807801497252988,0.13470888640981427,0.03962143148737374,0.21807801497252988,0.0137743465236555,0.05896196577553092,0.2015277553130579,0.17291214546950817,0.17570640179617936,0.2015277553130579,0.44590780164400984,0.3732859928765998,0.8165012427848318,1.2107322280234045,-0.2505313102357535,-0.21814439209302194,0.015061141955403529,-0.008372678710124593,0.008372678710124593,0.2622762444639255,284756741.8732719,1.0672186121501863,0.11904761904761904,0.007936507936507936,0.007936507936507936,0.02753973594751386,0.5179403979164888,0.02981839088179139,0.05600282181425209,0.07571186145623088,1.1128510673351342,-0.018036686342074115,0.09361963557048325,0.024397061582216883,0.01989117778926408,-0.4664633788776168,0.4519493818454144,0.6743863125852533,0.016785677679117043,0.04888326764762341,-0.008372678710124593,0.008372678710124593,0.25564381804142733,0.015873015873015872,0.7142857142857143,303897694.8624021,19.53220167596424,0.15873015873015872,0.015873015873015872,0.0,0.029111358528334172,0.050341079185239,0.06288805955246368,0.14178085318289718,0.04321317032325811,0.5,0.009979351517439894,-0.0931640317784711,0.17291214546950817,0.11405787729732841,0.04321317032325811,0.03785167499581199,0.3047884770979136,0.013875172540214456,-0.008372678710124593,0.008372678710124593,0.07360346680802743,307975231.9841657,0.029188984043006183,0.030515767461723794,0.02661177611586374,-0.0708447069740703,0.02582135351687853,0.1028762633407565,0.21683744079132028,1.0,3.0,1.0,1.0,0.0,63.0,126.0,0.4360714413096979,,,,,,,,0,0,0,0,0,0
latest_month_unlabeled_or_partially_labeled,2026-07-31,AAPL,333.0199890136719,0.3939017761600274,0.6107392169513477,1.1821637653171364,1.1953466604232488,0.23520418269758636,0.2272446216666435,0.2857972205078101,0.027598985117116115,-0.024055951722577795,0.04672379959924,0.18167782936926558,0.019065677185734042,0.1829209571670536,-0.057395591539304514,1.0478297391439517,-0.002157371731800861,0.002157371731800861,0.03377076828129755,1.0439392057221102,-0.48345313245115307,-0.3654729864644175,0.2617412687852323,0.02584771199637909,-0.039329287398935375,0.1685456560356935,0.021271549280430735,0.3133962056249262,0.28697823163932284,0.2617412687852323,0.3133962056249262,0.06919119500662885,0.0533240398265149,0.22840162896850558,0.15108708781185776,0.20258027545162705,0.22840162896850558,0.8035241800487154,0.2727515834216527,1.4028050840438762,1.0421565590004334,-0.2712172927272113,-0.161255109705418,0.012868936138614232,-0.002157371731800861,0.002157371731800861,0.3515257923048827,14235233408.813309,1.153747165161813,0.0873015873015873,0.0,0.007936507936507936,0.02268437425554055,0.7181511247813671,0.07982240572612753,0.019917044922014293,0.0874782561630627,1.1509966217487024,-0.07274246101591075,0.09453832673420626,0.06716654367448238,0.042703384117605436,-0.22040314201222644,0.2842498516406292,1.3460598332647375,0.013467167379410306,0.1047368943600393,-0.002157371731800861,0.002157371731800861,0.2455694413816183,0.07936507936507936,0.9682539682539683,16423860190.835087,23.522001004195925,0.1111111111111111,0.0,0.015873015873015872,0.023343467109021614,0.08315269206606568,0.10589507704307954,0.39434894413676574,0.15088473138075376,0.6666666666666666,0.04635949049502138,-0.07274246101591075,0.15108708781185776,0.22172943835482406,0.15088473138075376,0.059272738298178584,0.3826173079049118,0.018321094634469678,-0.002157371731800861,0.002157371731800861,0.2103216296597814,19430899640.24542,0.021041987085395286,0.023567876452150558,0.01847204800576141,-0.0708447069740703,0.02582135351687853,0.1028762633407565,0.21683744079132028,2.0,8.0,2.0,1.0,1.0,63.0,126.0,0.5038802296964725,,,,,,,,0,0,0,0,0,0
latest_month_unlabeled_or_partially_labeled,2026-07-31,ABBV,259.3599853515625,0.19785990361783634,0.4146973444091566,1.2985161249225574,1.335960309027117,0.2176303574746863,0.16194190282282706,0.18099227742918922,0.029974105949380325,-0.04615482888353095,-0.044557830762674944,0.2806266536113756,0.04067087224049604,0.07811601408843272,0.05507654541951146,0.6604610978468516,0.0,-0.0,0.028128006037829945,0.9153260628942447,-0.5934762384680983,-0.4975086526232364,0.13483744854565827,0.038349989081976614,-0.06286626604820633,0.17732878686224596,0.09787398107116196,0.21096638337856954,0.17559870311780568,0.13483744854565827,0.21096638337856954,-0.020308286242734175,0.0956521633952756,0.23606882284870068,0.030285817466402465,0.21024746933182215,0.23606882284870068,0.8200749440230285,0.27403927047215415,1.1193781910416334,1.0504425100089019,-0.40068860094004033,-0.37790580503676574,0.012924780669125337,0.0,-0.0,0.32336640228014857,1549696889.0259032,1.0249841105347914,0.0873015873015873,0.007936507936507936,0.007936507936507936,0.02497656248520156,0.553646765884625,0.010499031674390258,0.11788613808100923,0.11825195753283402,0.983077713952148,0.15579635444256645,0.07369878609210376,0.1997339009172654,0.137791551414449,-0.3310547913167351,0.28786249911577794,1.065625372522431,0.013565783914313314,0.12413348717173323,0.0,-0.0,0.32336640228014857,0.0,0.9682539682539683,1588414687.3967488,21.18600230446944,0.12698412698412698,0.015873015873015872,0.0,0.024444076296236728,0.06644558412477308,0.1325715226250086,0.12392668639076627,0.0380149550617761,0.6666666666666666,0.030265574486716757,-0.06286626604820633,0.15579635444256645,0.1088596620358464,0.0380149550617761,0.030223182113268576,0.3067535828554888,0.014009154494720505,0.0,-0.0,0.07430321635236936,2171887480.3816295,0.0286563438341505,0.02175831623614921,0.013869493036025693,-0.0708447069740703,0.02582135351687853,0.1028762633407565,0.21683744079132028,1.0,3.0,1.0,1.0,0.0,63.0,126.0,0.5108574383849912,,,,,,,,0,0,0,0,0,0
latest_month_unlabeled_or_partially_labeled,2026-07-31,ABNB,141.10000610351562,-0.15120793999029436,0.06562950080102592,1.1289300261262198,1.1508879314672884,0.11506247101821909,0.03964047181272656,0.09067025917178628,0.02668805146709885,-0.046335972545300086,0.0849501886678512,-0.07967799224475214,0.04436890863267462,-0.01220600416897022,-0.08539806274868722,0.2710382432951568,-0.052574947675659955,0.052574947675659955,0.031241928082673454,0.9286318492948952,-0.15493647849368286,-0.15048113761830584,0.0443342866264862,0.03694992676084924,-0.06535416913008418,0.03212162793167472,-0.026080341908688243,0.11735831063888513,0.0841209521457192,0.0443342866264862,0.11735831063888513,0.11149827341749274,0.016109324713696305,0.0052721964230990626,-0.050228006704909345,-0.02054915709377947,0.0052721964230990626,0.01800617861137943,0.33452939359943995,0.9384612574707635,0.8752573068772421,-0.2529084158415842,-0.2633499469707721,0.016285328827759706,-0.052574947675659955,0.052574947675659955,0.21679895841262797,543466427.7756404,0.9664728477614024,0.12698412698412698,0.023809523809523808,0.015873015873015872,0.031767992292312676,0.6339501770016059,-0.024919908496020216,0.061337867508932886,0.012487142513794458,0.9259907707261217,0.07343791706708913,0.07088683174293707,0.05843529133287939,0.07112304049515084,-0.264805285753433,0.2927992961131227,1.0722118514143246,0.014681374779718528,0.04716941545072095,-0.052574947675659955,0.052574947675659955,0.09295119622518144,0.23809523809523808,0.47619047619047616,525245546.11503965,20.079376420004785,0.09523809523809523,0.015873015873015872,0.0,0.030619379392430743,-0.015661474740999437,0.0033598798350078507,-0.044518416856503394,-0.013976239795218781,0.5,0.016624447247840696,-0.06535416913008418,0.11149827341749274,0.05686846717885152,-0.013976239795218781,-0.030163855587649335,0.3139428753782624,0.01655117626098917,-0.052574947675659955,0.052574947675659955,0.025659653931525472,497765699.8346965,-0.022033672429162543,0.029305470994784328,-0.0031931649527082717,-0.0708447069740703,0.02582135351687853,0.1028762633407565,0.21683744079132028,1.0,3.0,1.0,1.0,0.0,63.0,126.0,0.5534807575703534,,,,,,,,0,0,0,0,0,0
latest_month_unlabeled_or_partially_labeled,2026-07-31,ABT,103.05999755859376,-0.3812553983316669,-0.1644179575403466,1.052584465580606,1.103362789662583,-0.15082266278338052,-0.1621414372449934,-0.044407800492783256,0.0617081756239346,-0.05790221471672552,-0.16413922437912198,0.30738248615008157,0.06450134868134816,-0.14728406383353976,0.18765106226374284,-0.14809797583300185,-0.22820880621323592,0.22820880621323592,-0.033302175929811106,1.286428144971507,-0.4725801938388746,-0.39703086048174774,-0.10231001520950878,0.059815286348030385,-0.11757627664812365,0.08702762592464963,0.21478655085190723,0.017300375131151347,-0.043139146857046895,-0.10231001520950878,0.017300375131151347,-0.11016280685942059,0.022102108179938407,0.14324326177095958,-0.057164871337442524,0.11742190825408105,0.14324326177095958,0.41165165453203223,0.29985420288835246,1.5373247852710286,1.1604707433891792,0.03448723194060532,0.18332221934225457,0.01343248190423331,-0.10231001520950878,0.10231001520950878,0.25720752708086914,1232924956.4604986,0.976431629052354,0.0873015873015873,0.007936507936507936,0.007936507936507936,0.022524592373802797,0.7160782065406972,0.11829595221978872,0.06743621033739533,0.13568123516404218,1.265175740235418,0.060046729412394084,0.10737606686158277,0.2125590434805793,0.08247268988230294,-0.2511665872087143,0.34797202973421615,1.3247423892663068,0.015406546536020903,0.09996810966986591,0.0,-0.0,0.25720752708086914,0.0,0.8095238095238095,1203866923.7360272,20.908804650096528,0.12698412698412698,0.015873015873015872,0.0,0.02388697603266361,0.10519167536944374,0.14258093576411945,0.31210744661375395,0.14387319901710938,0.5,-0.0027471129556891904,-0.11757627664812365,0.14387319901710938,0.21471790599117968,0.14387319901710938,0.08043511534739523,0.4609732980679519,0.01926709805140269,0.0,-0.0,0.16676095802321567,1268688037.9803975,0.0578092685381737,0.029606256992436752,0.018963415249565463,-0.0708447069740703,0.02582135351687853,0.1028762633407565,0.21683744079132028,1.0,3.0,1.0,1.0,0.0,63.0,126.0,0.5208130327781146,,,,,,,,0,0,0,0,0,0
latest_month_unlabeled_or_partially_labeled,2026-07-31,ACGL,103.36000061035156,-0.015814857215494138,0.20102258357582614,1.0359852085557726,1.0535071575168329,0.19754377863564399,0.0775646641308525,0.07621823849483911,0.0005606229553056785,-0.04416632600791637,-0.016451497459317954,0.1106712900925988,0.04279467483519239,-0.026658024845917394,0.018001554138441733,0.33394011866461804,0.0,-0.0,0.00324387865435094,1.3690402981425365,-0.3051722701907327,-0.23970574557225022,0.03205191248692274,0.025662809065176515,-0.04153772939318867,0.08121340352626705,0.0737399884773553,0.07677886145014479,0.06168300414396888,0.03205191248692274,0.07677886145014479,-0.01593914796693985,0.02072214937104877,0.09421979263328084,-0.05420286678177255,0.06839843911640231,0.09421979263328084,0.37836184561631736,0.2282392388181021,1.254592480743688,1.0910496103809695,0.5762060712936139,0.678514986491703,0.01076335607777485,0.0,-0.0,0.17963932173448294,200994267.01135787,1.0802658811138977,0.06349206349206349,0.0,0.0,0.020227658858789868,0.8747334941106567,0.01810825435668517,0.06053986179445947,0.08084820617136446,1.1617406290966925,0.08641147903684154,0.05881535354226905,0.15692864167395104,0.1068545980142579,-0.18733831949690982,0.24902033258613931,1.1498949899314048,0.011843842249803886,0.09387467063600297,0.0,-0.0,0.17963932173448294,0.0,0.5714285714285714,217127248.9518665,19.195994144944468,0.09523809523809523,0.0,0.0,0.020498120067906564,0.05568134355766663,0.08670457949713373,0.22667701927656358,0.06490833721641676,0.5,0.013739124491091603,-0.05420286678177255,0.08641147903684154,0.13575304419048706,0.06490833721641676,0.02752221907632668,0.28634723283185376,0.015046090066862665,0.0,-0.0,0.09572774943299223,181960148.52135068,0.024390735578995182,0.022770608618199968,0.024441496622631398,-0.0708447069740703,0.02582135351687853,0.1028762633407565,0.21683744079132028,1.0,3.0,1.0,1.0,0.0,63.0,126.0,0.17197988372507755,,,,,,,,0,0,0,0,0,0
latest_month_unlabeled_or_partially_labeled,2026-07-31,ACN,146.99000549316406,-0.6551790345584874,-0.4383415937671671,0.8920585905196078,0.9352026870777038,-0.40016411346195535,-0.44085362611685475,-0.43097048956752715,0.18753393557744413,0.14972748220210763,-0.3163954604932677,0.14879120620184172,-0.20831447030975847,-0.5338467529082837,0.26336623527610115,-0.8278211607640057,-0.4800756802151991,0.4800756802151991,-0.09382380249244837,1.536748843017903,0.08886752738783832,-0.09363130256214913,-0.2812430073654195,0.09917713432420541,-0.049971292658568256,-0.1416262455759545,0.0811554947296691,-0.24343655399008302,-0.3185500169743432,-0.43097048956752715,-0.24343655399008302,-0.09110125813305914,-0.10893497356333548,-0.167604254291426,0.046779750941540854,-0.19342560780830453,-0.167604254291426,-0.2896264938328001,0.5206082062093937,0.9595776370117748,1.1115672476838965,-0.4018881322602964,-0.28500810293670487,0.023387097877230978,-0.4662576935257918,0.4662576935257918,0.19541499780849914,1312203358.041418,0.9321632061309137,0.2619047619047619,0.05555555555555555,0.05555555555555555,0.03983085169026417,0.8011535811622391,0.13335747945386311,-0.16157088535093467,-0.04204813191088663,0.9093720627912587,-0.3347944887952171,0.18659876092121155,-0.20480335528093285,-0.16431349986848098,-0.30435534535700426,0.5786910308978263,0.8632654830476401,0.024928742722857767,-0.05153678507568271,-0.24331121924213417,0.24331121924213417,0.19541499780849914,0.5873015873015873,0.2698412698412698,1223187689.3276396,20.924726149029176,0.2698412698412698,0.07936507936507936,0.06349206349206349,0.04124346250678896,0.05585638891308098,0.08268541895373382,0.3911711028244294,0.19541499780849914,0.3333333333333333,-0.07366446019109384,-0.3347944887952171,0.19541499780849914,0.26625970478256944,0.19541499780849914,0.07516386207898607,0.4995639923233488,0.026637542797969652,0.0,-0.0,0.19541499780849914,1317209238.6787777,0.04271154400998989,0.045857118739708644,0.03308925047797273,-0.0708447069740703,0.02582135351687853,0.1028762633407565,0.21683744079132028,1.0,3.0,1.0,1.0,0.0,63.0,126.0,0.8201476620180475,,,,,,,,0,0,0,0,0,0
latest_month_unlabeled_or_partially_labeled,2026-07-31,ADBE,225.1100006103516,-0.5874935981514153,-0.37065615736009505,0.9107710360368514,0.9582043700590617,-0.33851487694952975,-0.356810174886419,-0.23236146424432536,0.15843518036519078,0.09021748142655561,-0.1607842929121378,0.07549374040262224,-0.10516622792119568,-0.33523772758508186,0.1470709117348098,-0.5263485950937956,-0.3943608944772782,0.3943608944772782,-0.03878083365858853,1.5033236254157765,-0.08024799672457161,-0.1586941532556666,-0.14214398281776974,0.07947175051633515,-0.07366335719405293,-0.05736777996517173,-0.017364421191920387,-0.07392628387913458,-0.14947724364707657,-0.23236146424432536,-0.07392628387913458,0.01242391085120964,-0.04818988577038408,-0.08529055250951556,0.05327096719391444,-0.11111190602639409,-0.08529055250951556,-0.18182116786508612,0.44145926560878995,1.0649136603603186,1.0625903030121244,-0.24754765132785705,-0.17381452961173804,0.021225426383684555,-0.2612562361887478,0.2612562361887478,0.16390050332465056,1483100916.0209172,0.9573138923686499,0.24603174603174602,0.031746031746031744,0.047619047619047616,0.035127578460575334,0.7733796732706542,0.07331312785966593,-0.08551048292380004,-0.01262606923178955,1.0821084651948258,-0.20905824994793265,0.11349718342293735,-0.13155353562301308,-0.034202558447599896,-0.35068063259603866,0.469090334810754,1.0021865034356217,0.02321327318974871,0.10527162199053897,-0.17852059404760767,0.17852059404760767,0.16390050332465056,0.5873015873015873,0.31746031746031744,1419793110.6914945,21.073777001952983,0.2698412698412698,0.047619047619047616,0.047619047619047616,0.03611744294808444,0.05060345391300669,0.13995145839152623,0.20843880987746316,0.09799042005282632,0.5,-0.03736708949420514,-0.20905824994793265,0.09799042005282632,0.16883512702689663,0.09799042005282632,0.019111457455531777,0.47011600243943463,0.02457773429851407,-0.05116964969293325,0.05116964969293325,0.16390050332465056,1262032597.1564157,-0.006597381755966691,0.04668194278894857,0.007167523708851764,-0.0708447069740703,0.02582135351687853,0.1028762633407565,0.21683744079132028,2.0,8.0,2.0,1.0,1.0,63.0,126.0,0.7758000142668616,,,,,,,,0,0,0,0,0,0
latest_month_unlabeled_or_partially_labeled,2026-07-31,ADI,371.8599853515625,0.460817827856596,0.6776552686479163,0.9778410592105395,1.013987637028025,0.6032426133241371,0.37922592890071294,0.2031847529355819,-0.031126715175159525,-0.15187336036713583,0.2979913164106922,-0.37103230079668714,0.1444608718603304,0.10030848959482541,-0.27622573732157685,0.4976181058370664,-0.1652599977982515,0.1652599977982515,0.02978447353372582,1.344652293428281,0.08929286457916241,0.009729841465660138,0.05131139256844608,0.08022275478515892,-0.10302104614435292,-0.012428157692839004,-0.1612489171871162,0.1720580377604224,0.1421847277548168,0.05131139256844608,0.2031847529355819,0.2644119297810239,-0.003380485224984575,-0.07304098438599493,0.02881215648237956,-0.09886233790287347,-0.07304098438599493,-0.15969588643522495,0.4083146303404605,0.9817398061866032,1.1201545487089621,-0.37034579597882944,-0.41047109507811597,0.019769134434973277,-0.1652599977982515,0.1652599977982515,0.23110326283422622,1593783573.9191449,1.179472356222231,0.20634920634920634,0.031746031746031744,0.023809523809523808,0.030690934625185785,0.8104280933576514,-0.05681518239198535,-0.043000542655797225,-0.0772373133818558,0.9794941098336263,-0.037675707167254546,0.1404549701055373,-0.0990007167261917,-0.07494888906256703,-0.23818236128743187,0.4573754904802852,0.8764324595370441,0.022998697920201084,-0.08641755162834652,-0.1652599977982515,0.1652599977982515,0.0,0.36507936507936506,0.0,1879823667.2387018,21.354443815899334,0.23809523809523808,0.031746031746031744,0.047619047619047616,0.03354409258585852,-0.06336115146128429,-0.10438291269045707,-0.158973535704793,-0.06372592899885954,0.5,0.03887704596887781,-0.10302104614435292,0.2644119297810239,0.007118777975210766,-0.06372592899885954,-0.03465896536536406,0.40085872605359824,0.02065627154915077,-0.11023379066253969,0.11023379066253969,0.0,1764137503.2246907,-0.02646043502363704,0.03750451546498984,-0.018352148741637708,-0.0708447069740703,0.02582135351687853,0.1028762633407565,0.21683744079132028,1.0,3.0,1.0,1.0,0.0,63.0,126.0,0.7622639726076256,,,,,,,,0,0,0,0,0,0
latest_month_unlabeled_or_partially_labeled,2026-07-31,ADM,85.91999816894531,0.41894141333180124,0.6357788541231215,0.9651732114493234,0.9660624093186315,0.4517209923600898,0.5157132163965905,0.2945825902489705,-0.10478368651532177,-0.0418815430004853,0.11576033940054953,0.04450907019729877,0.033432991129429324,0.191706326908214,-0.1343131806511222,1.1241752827298697,-0.016032999665274716,0.016032999665274716,0.03981347619178255,1.0285798644590125,-0.5371373732930804,-0.46295465338585307,0.2527010472484852,0.052742083549103695,0.05286787819138716,0.1364886451673255,-0.016032999665274716,0.18979890373364872,0.24569418041036814,0.18979890373364872,0.2945825902489705,0.02545054958058013,0.04654179744836773,0.1602694095978483,0.07735444662554403,0.13444805608096977,0.1602694095978483,0.62559573492103,0.26204329055663494,0.7619846064043043,0.9776509204805208,-0.2205575382129149,-0.12343333047107352,0.013496265018985619,-0.016032999665274716,0.016032999665274716,0.33177982557509744,278564243.8642956,1.049932988533883,0.05555555555555555,0.007936507936507936,0.0,0.02823458043482669,0.5509082255889586,0.07563266468527075,0.006535896726460377,0.07264649048937089,0.8549313064580527,-0.0423664741180102,0.055847307091139,0.07696163804958323,0.022985329755720096,-0.3769802113421482,0.2561868642184387,0.779403558511237,0.013296451540640193,0.09073817507694137,-0.016032999665274716,0.016032999665274716,0.24926297993938773,0.031746031746031744,0.9841269841269841,292473789.05912125,19.49388561398579,0.06349206349206349,0.0,0.0,0.02662682861502464,0.07488227686078641,0.1389878678910541,0.6240568948319265,0.12460728341532445,0.8333333333333334,0.04522444580404248,-0.0423664741180102,0.12460728341532445,0.19545199038939476,0.12460728341532445,0.05666407705900012,0.19967295361568624,0.010440718804960532,-0.016032999665274716,0.016032999665274716,0.12460728341532445,255209010.31871977,0.014427714967951921,0.02172286964591079,-0.00431094573584645,-0.0708447069740703,0.02582135351687853,0.1028762633407565,0.21683744079132028,1.0,3.0,1.0,1.0,0.0,63.0,126.0,0.28210792880836033,,,,,,,,0,0,0,0,0,0
latest_month_unlabeled_or_partially_labeled,2026-07-31,ADP,250.08999633789065,-0.38633674557835807,-0.16949930478703779,1.0666525170581391,1.075158669753479,-0.01762666835930815,-0.012286949601914121,0.029371369857507545,0.2108462862905751,0.15587513366162642,-0.1342227601141548,0.32317913646014507,-0.1315128399019233,-0.07350489348324896,0.15958500648848273,0.09124691705576068,-0.17334552828593153,0.17334552828593153,0.022983086939462716,1.010232348114035,-0.5853629866466052,-0.5070146791044238,0.18524650351913396,0.109373245782437,-0.04432379458270275,0.15055828766489987,0.11159243923254747,0.24021765614808266,0.15161184317490806,0.029371369857507545,0.24021765614808266,0.043114516917461154,0.07373610433290145,0.18895637634599027,0.04671133272538297,0.16313502282911174,0.18895637634599027,0.5430620693661731,0.32188890107441986,1.1378469745006596,1.080951178649224,-0.5078687426753725,-0.45042596106611077,0.015055079013676373,-0.02521827752678163,0.02521827752678163,0.3347498545936123,712208164.6326095,0.8809461083581189,0.1349206349206349,0.023809523809523808,0.007936507936507936,0.025756615361902623,0.4939805716473021,0.00939677087044355,0.06427616356934429,0.08822760992450385,1.187730033314743,0.017170449525588438,0.08583458671582611,0.13589710856596504,0.08470430150411312,-0.39358410122404075,0.3479461870104976,1.0526349357632725,0.016133202363522392,0.125102117175935,-0.02521827752678163,0.02521827752678163,0.2821829131752587,0.09523809523809523,0.9841269841269841,627417010.9739758,20.257121968389868,0.15873015873015872,0.047619047619047616,0.0,0.025123433731165778,0.06294475013573875,0.13315264439103935,0.31868722236651187,0.11672248156221121,0.6666666666666666,0.00798035770766962,-0.1315128399019233,0.11672248156221121,0.18756718853628151,0.11672248156221121,0.030349329541264014,0.36626031221287075,0.01804025531439428,-0.02521827752678163,0.02521827752678163,0.15616475965308374,619095806.9629488,0.002629934873244366,0.02889817077742465,0.010423803972271495,-0.0708447069740703,0.02582135351687853,0.1028762633407565,0.21683744079132028,1.0,3.0,1.0,1.0,0.0,63.0,126.0,0.5715857616720762,,,,,,,,0,0,0,0,0,0
latest_month_unlabeled_or_partially_labeled,2026-07-31,ADSK,209.75,-0.5248444015098159,-0.30800696071849565,1.094064556653602,1.090133430067082,-0.3039423821960605,-0.29140909739479426,-0.17052238679881493,0.04667111423234638,0.023615501719275844,-0.06275950260462049,-0.052219400348965994,-0.027682208783829765,-0.27339865013957143,0.05554348384522845,-0.4261331078926567,-0.35815051098428263,0.35815051098428263,-0.02592114938788581,1.5798088274731135,0.6321767631103075,0.4445108694615485,-0.14690688507953908,0.023336116834550332,-0.026314724647956034,-0.08557612358736133,-0.0617951752680691,-0.12385127256646855,-0.14709351481494085,-0.17052238679881493,-0.12385127256646855,-0.010025037417177862,-0.062357478637237285,-0.11497890295358648,-0.024008449119857667,-0.140800256470465,-0.11497890295358648,-0.28790708790864583,0.4001622583189891,0.9158542601229134,0.99799801727363,0.26529986419590834,0.36506866070675414,0.019295598569609967,-0.22982300499202324,0.22982300499202324,0.11735562878777173,548355499.4028121,1.0223268443488243,0.23015873015873015,0.015873015873015872,0.031746031746031744,0.03478282295977593,0.7913042287091958,0.061065974510211674,-0.09081350731350324,-0.029450116804952464,0.9084803539025122,-0.15948294401025065,0.07621885605885967,-0.09320823909970555,-0.03972523634325564,-0.3237415125263404,0.3993611403900893,0.917691462579134,0.01946357453636797,0.0649737861684132,-0.1644757584066332,0.1644757584066332,0.11735562878777173,0.8412698412698413,0.36507936507936506,560598547.2858005,20.144515607119367,0.23809523809523808,0.015873015873015872,0.015873015873015872,0.03568587309707954,0.032259653608704086,0.09566942964067926,0.21514872502776863,0.07884992272108438,0.16666666666666666,-0.028110573542997935,-0.15948294401025065,0.07884992272108438,0.14969462969515468,0.07884992272108438,0.011784462534973672,0.3664903090218519,0.01896844054959485,-0.03938633324076257,0.03938633324076257,0.10551839310221989,498952892.3366002,-0.005919454733047225,0.03740167447295884,0.0012315587759395008,-0.0708447069740703,0.02582135351687853,0.1028762633407565,0.21683744079132028,1.0,3.0,1.0,1.0,0.0,63.0,126.0,0.6341828654991618,,,,,,,,0,0,0,0,0,0
latest_month_unlabeled_or_partially_labeled,2026-07-31,AEE,113.77999877929688,-0.0596942012357462,0.15714323955557408,0.8637385252381283,0.8735094860727681,0.13890385700984598,0.15522084362094324,0.11696712605003756,-0.0745542180946257,-0.09860239750578748,0.10788159320342472,-0.09968077742821002,0.0968242465022715,0.01409086270928106,-0.10876631027482286,0.5948012685815073,-0.03837052845873146,0.03837052845873146,0.012351578986318223,1.4023584081259188,-0.4419830144275043,-0.4374068199293837,0.018364728544250086,0.051411864977165475,-0.02306972527645479,0.03237749980414173,-0.03250975666947209,0.04241290795541186,0.05924825418323317,0.018364728544250086,0.11696712605003756,0.033933807278157424,0.010324525802650308,0.008200815775214698,-0.049978011859736826,-0.017620537741663833,0.008200815775214698,0.03769907982162022,0.19664908638978335,1.303397984302573,1.106201831059825,-0.402814279456855,-0.3989049008838149,0.009992118470651259,-0.03837052845873146,0.03837052845873146,0.12744685131295186,192962611.42669556,1.0153460465894717,0.031746031746031744,0.0,0.0,0.017698993066735908,0.5426053214158382,0.0062542077897072,0.03418380015984246,0.030735775514104224,1.0045480091623298,0.05433740652299068,0.05330622538400417,0.06123945378237061,0.04204310411471068,-0.5202410451153175,0.21753357944062005,1.178264171786643,0.011362278062394503,0.021349628361004402,-0.03837052845873146,0.03837052845873146,0.0903227985613626,0.30158730158730157,0.5873015873015873,195923824.65167576,19.093236497018584,0.031746031746031744,0.0,0.0,0.017933185307093705,0.014549178010033303,0.01287322041858685,0.025540496499301676,0.006546336321445301,0.6666666666666666,0.01976567658144555,-0.049978011859736826,0.0968242465022715,0.0773910432955156,0.006546336321445301,0.00676455252813235,0.2563120228153861,0.013642038249527075,-0.03837052845873146,0.03837052845873146,0.03492810853753814,200421705.80698648,0.014235662866790788,0.018431565021933737,0.016946115188174016,-0.0708447069740703,0.02582135351687853,0.1028762633407565,0.21683744079132028,1.0,3.0,1.0,1.0,0.0,63.0,126.0,0.11416485358633235,,,,,,,,0,0,0,0,0,0
latest_month_unlabeled_or_partially_labeled,2026-07-31,AEP,135.5399932861328,0.019085193246697774,0.23592263403801805,0.9169209181235515,0.9293986704291072,0.15324161841125727,0.19333812894259905,0.14880459772790733,-0.10727008078176858,-0.12859578380728554,0.1537327116706093,-0.1580041637087214,0.12604849326197942,0.045928334387150827,-0.1530760497660194,0.736377112038187,-0.022712589947528894,0.022712589947528894,0.016162650816348823,1.3977143320115046,-0.1372416221927234,-0.14092685322400655,0.020208813920621793,0.06891846807819345,-0.020475272473970074,0.030089836385482238,-0.022420998886845678,0.041534516946138744,0.07018264286488929,0.020208813920621793,0.14880459772790733,0.04600246631274052,0.006274662637719475,-0.004271452038112078,-0.06943382326400582,-0.03009280555499061,-0.004271452038112078,-0.019428114070810444,0.20207661983957836,1.0239095855805471,1.087999813078358,-0.5230557261168436,-0.5274831895797969,0.010130697765859738,-0.022712589947528894,0.022712589947528894,0.17983204550510878,538838726.1057718,1.1994114811365355,0.023809523809523808,0.0,0.0,0.018279239880419424,0.7442481839957935,-0.009157143630432185,0.03719068119256286,0.03177063002739078,1.0249789514052694,0.08005052132490165,0.07189175294336844,0.0700244355049029,0.04904524366768026,-0.3846505606615871,0.21985932461296767,0.9410935307824404,0.011266266930697003,0.025487209589428295,-0.022712589947528894,0.022712589947528894,0.09491875178693565,0.30158730158730157,0.5873015873015873,646289354.5722477,20.286757880303664,0.031746031746031744,0.0,0.0,0.01797273451823913,0.01455887630315722,0.015420751262829269,-0.04486520632240051,-0.00928297854779958,0.5,0.025484901102307684,-0.06943382326400582,0.12604849326197942,0.06156172842627072,-0.00928297854779958,0.004327288385324923,0.20690818807546044,0.011224936987533463,-0.022712589947528894,0.022712589947528894,0.03877987219711243,639595992.502485,0.016499117710365052,0.019140406710966233,0.019005757252685607,-0.0708447069740703,0.02582135351687853,0.1028762633407565,0.21683744079132028,1.0,3.0,1.0,1.0,0.0,63.0,126.0,0.28981898919285226,,,,,,,,0,0,0,0,0,0
latest_month_unlabeled_or_partially_labeled,2026-07-31,AES,14.84000015258789,-0.03030188559838165,0.18653555519293863,0.9401206765592743,0.9438392780373897,0.09595254762003869,0.06003214388602318,0.025459297434814232,0.0407563312769903,-0.15607402022309236,-0.013651884555276439,0.053304398082365534,0.17952227201690185,-0.07741696590594227,0.014193216092274863,0.08035026670885188,-0.13061472278827813,0.13061472278827813,-0.01564921393285945,0.7556957711953128,-0.1851631909269803,-0.15285286333284243,-0.13061472278827813,0.10389286597211903,-0.184606515042264,0.029610376724908738,0.1624273549485642,0.06621562871180453,-0.012979932213886455,-0.13061472278827813,0.06621562871180453,0.025549993713378738,0.012205652341144901,0.039652513527089095,0.02774274231404905,0.013831160010210564,0.039652513527089095,0.9227184718930593,0.3168539256635657,0.12391760811860865,0.13562583185545615,0.15926447444711345,0.17349830537152222,0.0067105530211700294,-0.13061472278827813,0.13061472278827813,0.07306991625970216,165263974.5738877,0.861052392707951,0.023809523809523808,0.015873015873015872,0.007936507936507936,0.009943527739057724,0.6476568609757565,0.0034063241321424798,0.00475962995125645,0.010954285779646966,0.8405632196635289,-0.0006816788568388965,0.11600464329951847,0.01158828053236749,0.003918764301966471,-0.021560101229009643,0.04297357724478796,0.9136726125350103,0.0020833308184363282,0.010439415135541363,-0.0013458616790996691,0.0013458616790996691,0.039652513527089095,0.031746031746031744,0.9365079365079365,142300940.735272,18.77345468099512,0.0,0.0,0.0,0.004514097750322134,0.00906619176740775,0.012148516955062805,0.3127138824071951,0.012278329266664834,0.6666666666666666,0.00996752390198193,-0.184606515042264,0.17952227201690185,0.08312303624073514,0.012278329266664834,0.007433564498384726,0.03926378059122049,0.0020727481401057127,-0.0013458616790996691,0.0013458616790996691,0.018531260358199075,125670585.50534022,0.0020933244466265766,0.004235657034042077,0.0006743242706193087,-0.0708447069740703,0.02582135351687853,0.1028762633407565,0.21683744079132028,1.0,3.0,1.0,1.0,0.0,63.0,126.0,0.24513714020758284,,,,,,,,0,0,0,0,0,0
latest_month_unlabeled_or_partially_labeled,2026-07-31,AFL,125.5999984741211,0.07421881089380222,0.2910562516851225,0.9635033024422401,0.9771517249280518,0.1902536192433255,0.151003655982346,0.1439492195884653,0.0068153987524486315,-0.025996656628504367,0.029958875165632337,0.08071578104770594,0.023253810125605012,0.04107295624770879,-0.03327456337512702,0.810295437864977,0.0,-0.0,0.016348646821176427,1.233996892517147,-0.633011116481392,-0.5923947479638532,0.11795256295996093,0.017315247588652247,-0.028513264014198736,0.09448940219555335,0.027207435389453694,0.15076461834091393,0.13755546696311338,0.11795256295996093,0.15076461834091393,0.03609514442713202,0.02927068334841132,0.11067465621333827,-0.005875443194974794,0.08485330269645974,0.11067465621333827,0.631744181783844,0.1776502900815445,0.9388957574011025,0.9861455283755256,-0.3328940432261466,-0.2853858665000163,0.008807007382001181,0.0,-0.0,0.18879839215917626,273348547.8318169,1.0437878539837586,0.015873015873015872,0.0,0.0,0.018633861545394852,0.4303486581714102,0.024136508439862814,0.03675671781689971,0.05988475643674862,0.9205809452860704,0.04296390241704251,0.03572678184702022,0.11723893008225095,0.053731024066436595,-0.5774389225889032,0.1751890391785301,0.9520864115743065,0.008828222664187467,0.055325360436958126,0.0,-0.0,0.12032822933125509,0.0,0.5873015873015873,285317894.13094896,19.469114538124654,0.0,0.0,0.0,0.0181368082306197,0.043452238001005616,0.06222638777420331,0.426963005726016,0.07121533879847419,0.6666666666666666,0.023189914759846702,-0.028513264014198736,0.07121533879847419,0.1420600457725445,0.07121533879847419,0.029744517991177055,0.1667951036586373,0.008504850687907834,0.0,-0.0,0.07121533879847419,239984411.08027864,0.016765280873588084,0.01574158362229999,0.010962825569421186,-0.0708447069740703,0.02582135351687853,0.1028762633407565,0.21683744079132028,1.0,3.0,1.0,1.0,0.0,63.0,126.0,0.14894086385847272,,,,,,,,0,0,0,0,0,0
latest_month_unlabeled_or_partially_labeled,2026-07-31,AIG,79.05999755859375,-0.1741047855368798,0.04273265525444048,1.193927010138104,1.2143182641453316,0.01917986061525201,-0.06423357479673308,0.06910825521789277,-0.011495194014731647,-0.07451488086096791,0.0048240398501717685,0.05915155470000055,0.07491994495654763,-0.033768008122863735,-0.005132660667720446,0.29337840077761473,-0.07547263742846266,0.07547263742846266,0.0036035576168356176,0.8320716428103041,-0.7948934276522561,-0.7817716127401613,-0.005406625643075147,0.04011667958459476,-0.059586713854066664,0.03788825281673547,0.04779716714916804,0.05761306120316112,0.04043823025932625,-0.005406625643075147,0.06910825521789277,-0.005979961739349116,0.012307706714760114,0.06397559455017232,-0.0076203372177360285,0.03815424103329379,0.06397559455017232,0.25049382650056407,0.23556013337968215,1.1948234977603773,1.0842152513366847,-0.3203588215415809,-0.2790496338426304,0.011289632543383424,-0.024673082411016733,0.024673082411016733,0.10695272852196669,317008509.77960616,1.0617154332667909,0.05555555555555555,0.007936507936507936,0.0,0.021077321687211034,0.39570247638240086,0.022866776426158086,0.0308722779539099,0.0338790069297612,0.9972261571195448,0.010713643501675918,0.04934124322697179,0.07214570637933071,0.055397111887631745,-0.38101322489787537,0.25539788921715506,1.102016870070153,0.012271447436486484,0.04956215305939726,-0.024673082411016733,0.024673082411016733,0.0969728676171846,0.20634920634920634,0.5555555555555556,336572827.30991423,19.634325112487325,0.06349206349206349,0.015873015873015872,0.0,0.021475884943578806,0.02080393395815383,0.04679355320089784,0.21595408536150237,0.060780878216721845,0.5,0.012204575643965598,-0.059586713854066664,0.07491994495654763,0.13162558519079215,0.060780878216721845,0.006729754262264631,0.28145278249761285,0.014222021981482294,-0.024673082411016733,0.024673082411016733,0.060780878216721845,321875991.8376741,0.0011142865368412025,0.021674349275021387,-0.0005309962886587138,-0.0708447069740703,0.02582135351687853,0.1028762633407565,0.21683744079132028,1.0,3.0,1.0,1.0,0.0,63.0,126.0,0.2838638228055783,,,,,,,,0,0,0,0,0,0
latest_month_unlabeled_or_partially_labeled,2026-07-31,AIZ,276.94000244140625,0.28419138961706913,0.5010288304083894,0.9186211420224265,0.9416585869614303,0.3229716635613096,0.1584771849529214,0.17170965422197715,0.10412821114524662,0.03866644617282877,-0.003779908485542549,0.17993532253741118,-0.031945811025363424,0.06883339088122065,0.0044457598298914824,0.7246879588820163,-0.011316922194607448,0.011316922194607448,0.042080253278133695,1.0072912250953794,-0.4844570928196147,-0.3936414185437499,0.21037610039480592,0.052635572713469164,-0.05130884319190199,0.1372168062655308,0.013672180108779242,0.27583786536722377,0.21930787332800228,0.17170965422197715,0.27583786536722377,0.0847527887253845,0.07430732192554479,0.17615541405186863,0.053328821275123506,0.1503340605349901,0.17615541405186863,0.8819141396974014,0.23694288295734267,0.6452096878556502,0.8429969853061996,-0.3228867165037378,-0.3016804258853597,0.010497131431091164,-0.011316922194607448,0.011316922194607448,0.31166916480330253,97563083.40078686,1.1033498611210184,0.031746031746031744,0.0,0.007936507936507936,0.021589453144822558,0.5995163138020281,-0.011316922194607448,0.06427252779280113,0.05241643924955941,0.91731487552905,0.08269931666163521,0.05787699186819817,0.1166080242901315,0.0782252356141786,-0.40535308475717524,0.19974213602279958,0.7653760323013401,0.009795435816145169,0.0569949667448757,-0.011316922194607448,0.011316922194607448,0.2128589293037686,0.20634920634920634,0.8888888888888888,107646214.52079652,18.494360625753025,0.031746031746031744,0.0,0.0,0.02045957143760975,0.02301482839801805,0.04761978159550706,0.20486078237025565,0.0313186746372478,0.6666666666666666,0.0281408245136876,-0.05130884319190199,0.0847527887253845,0.1021633816113181,0.0313186746372478,0.005531622280683601,0.15287784355252493,0.007778990373292084,-0.011316922194607448,0.011316922194607448,0.062008720746184576,92597475.46343122,0.004038783366686394,0.017291000999789197,0.006908108379922506,-0.0708447069740703,0.02582135351687853,0.1028762633407565,0.21683744079132028,1.0,3.0,1.0,1.0,0.0,63.0,126.0,0.09110158005492741,,,,,,,,0,0,0,0,0,0
latest_month_unlabeled_or_partially_labeled,2026-07-31,AJG,247.7700042724609,-0.3445676593807061,-0.12773021858938582,1.208533226053383,1.2463934795214866,0.0021123047258304606,-0.03645900089910736,-6.0964927000806135e-05,0.14788032547181762,0.09276381425688462,-0.16978362685277182,0.3742154682562092,-0.08489390717135348,-0.10293722826775731,0.2044928063304382,-0.00017863915198438777,-0.20492647389331864,0.20492647389331864,0.022314668813553595,0.717043750929836,-0.5929146329637651,-0.5096934217721534,0.09270284932988382,0.07473458113622539,-0.0480184540438241,0.1316261718044689,0.11885698656259824,0.1478193605448168,0.08015374831589994,-6.0964927000806135e-05,0.1478193605448168,-0.04700347409667793,0.06946582369757937,0.2044318414034374,-0.025629823416906894,0.17861048788655887,0.2044318414034374,0.6197114674111895,0.3412741625986569,1.117550716797218,0.9666196027433063,-0.23751286553248163,-0.17706392587293784,0.016082591563460223,-0.05152549916851501,0.05152549916851501,0.29476417188574455,460537958.99873763,0.8577904187666897,0.12698412698412698,0.007936507936507936,0.015873015873015872,0.0302480012236869,0.5519165595418956,-0.05152549916851501,0.1381984161633425,0.10398780231479843,1.0400952943533612,0.14531425326311553,0.08912892900264063,0.23611320455960705,0.167367300079174,-0.19599080694586313,0.32988229547766823,1.156143237345449,0.016415826672618622,0.15683344771874586,-0.05152549916851501,0.05152549916851501,0.29476417188574455,0.14285714285714285,0.7777777777777778,395045048.7074837,19.794510366254567,0.14285714285714285,0.015873015873015872,0.0,0.028693068878949637,0.04476858792169147,0.14742001401328664,0.20786698455410962,0.07927863556905557,0.3333333333333333,0.003174538350568116,-0.08489390717135348,0.14531425326311553,0.15012334254312587,0.07927863556905557,0.0011455351557707605,0.3813911850364993,0.019518884913936455,-0.05152549916851501,0.05152549916851501,0.13729001917889527,397191583.56860936,-0.01169515064826765,0.027320845553272223,0.003637516960562248,-0.0708447069740703,0.02582135351687853,0.1028762633407565,0.21683744079132028,1.0,3.0,1.0,1.0,0.0,63.0,126.0,0.46291917822876905,,,,,,,,0,0,0,0,0,0
latest_month_unlabeled_or_partially_labeled,2026-07-31,AKAM,115.37000274658205,0.29502216394784275,0.511859604739163,1.2501396670366904,1.291377458919667,0.5362184432844921,0.32229229508976553,0.18754504307289865,-0.18301736105836097,-0.0149664938070464,0.060010311265941585,0.06030430308403201,0.012763745180582653,0.08466877973214215,-0.06723042872292506,0.26137280146351355,-0.28403870433430467,0.28403870433430467,0.036850187979687865,1.3924939427403538,-0.41336389815095487,-0.3427830017932151,0.17257854926585225,0.10162057236731298,0.16729341586116941,-0.042386635469853995,-0.1483274331478477,0.004527682014537682,0.12155042478442953,0.004527682014537682,0.18754504307289865,-0.10335215737823578,0.037894458745785675,0.12031461434997359,0.4521265139972863,0.09449326083309506,0.12031461434997359,0.15426020224243026,0.7175384815205383,0.8037397357695708,1.0869743345566478,-0.21049947732082308,-0.22946723479089393,0.02883784073429652,-0.28403870433430467,0.28403870433430467,0.298626829156861,586282800.0165243,1.1329246187616029,0.3333333333333333,0.05555555555555555,0.07936507936507936,0.04780126979442163,0.7018650669225451,-0.017624403305496417,-0.14414496237682628,-0.12980577587325692,0.9578699434977536,-0.20950913206016208,0.23374683200795965,-0.2285006825844189,-0.13660195201726766,-0.26696179158183797,0.7799459134695746,0.7394284393084571,0.03058325961085588,-0.04702423015637902,-0.28403870433430467,0.28403870433430467,0.211233624636032,0.7777777777777778,0.9841269841269841,664214217.6952059,20.31411527392742,0.38095238095238093,0.06349206349206349,0.07936507936507936,0.049346243462978265,-0.05284588068015872,-0.01269457734996049,-0.04165843293745342,-0.024025009389105567,0.5,0.04921622936858916,-0.20950913206016208,0.4521265139972863,0.04681969758496474,-0.024025009389105567,-0.036974263270307395,0.5767141895418165,0.025131459437202325,-0.10924954492830818,0.10924954492830818,0.023418782143468153,448684827.0520528,-0.05071049140141748,0.05272476999797805,-0.046654979979774525,-0.0708447069740703,0.02582135351687853,0.1028762633407565,0.21683744079132028,1.0,3.0,1.0,1.0,0.0,63.0,126.0,0.8086180761137068,,,,,,,,0,0,0,0,0,0
latest_month_unlabeled_or_partially_labeled,2026-07-31,ALAB,291.5799865722656,0.9156864799531452,1.1325239207444655,1.106091427874458,1.1436406134871997,0.5619241376266322,0.7527048900126199,0.9358650645646778,0.7245363098122928,0.5178922532784749,0.2929226650263115,0.20435564629889225,-0.21106091034858365,0.8329888012239213,-0.43858675323947405,0.877714998721213,-0.39633971014807745,0.39633971014807745,0.2443232288223407,1.09650760469372,-0.17171972049689443,0.24016609819837775,1.4537573178431527,0.3732441150112132,-0.07767401510315752,0.16179522155488346,-0.31129934576096185,1.6604013743769706,1.3500079189282672,0.9358650645646778,1.6604013743769706,0.7768248923757639,0.27819705281048335,0.4972783113252037,0.760552513261332,0.4714569578083252,0.4972783113252037,0.4472220308150731,1.0662516488019307,1.081136856323511,1.0428374352416374,-0.2965911713315531,-0.5753800226016039,0.05099716245788242,-0.39633971014807745,0.39633971014807745,1.9079485023841194,1315839047.7409544,1.4194291640471701,0.5873015873015873,0.23015873015873015,0.18253968253968253,0.08111485120585893,0.8070263915199158,-0.39633971014807745,0.1597945443383615,-0.16701594496726768,1.4425562733251132,0.40883762699375636,0.5082580421251354,-0.14954066973465419,0.03010824313114413,-0.2152380602092797,1.1119271347587725,1.036726166310859,0.05606378533992915,-0.1478916761466733,-0.39633971014807745,0.39633971014807745,0.5906387565089797,0.2698412698412698,0.9523809523809523,1867740319.5555673,21.347995152397743,0.6666666666666666,0.2698412698412698,0.23809523809523808,0.08970245941281975,-0.23236270987755447,-0.22186753916231938,-0.3438168830752422,-0.39633971014807745,0.5,0.21019006617183897,-0.39633971014807745,0.7768248923757639,-0.32549500317400715,-0.39633971014807745,-0.22072284813043508,1.1527639556354798,0.05660270406368404,-0.39633971014807745,0.39633971014807745,0.0,1804088719.0777006,-0.10998786333494759,0.1190361808986471,-0.0762992731061134,-0.0708447069740703,0.02582135351687853,0.1028762633407565,0.21683744079132028,1.0,4.0,1.0,0.0,1.0,63.0,126.0,0.9526256375503799,,,,,,,,0,0,0,0,0,0
latest_month_unlabeled_or_partially_labeled,2026-07-31,ALB,114.8499984741211,0.49878496502484837,0.7156224058161686,1.161531513592042,1.2615787495029143,0.1786298062148577,-0.18390548677252638,-0.3235163426572163,-0.03512466956870597,-0.030441190326802925,0.1556423643176441,-0.5702677897690401,0.047119488084751415,-0.4263926059979728,-0.09110908279417973,-0.5528306449187248,-0.46599026796374177,0.46599026796374177,-0.05302696289245157,0.8678822131018861,-0.2605751433343867,-0.5671594891187042,-0.3539575329840192,0.01907154712581352,0.007302430200842203,-0.30643759918440416,-0.36392612241895983,-0.35864101222592226,-0.3453716292890526,-0.35864101222592226,-0.3235163426572163,0.09563861441820332,-0.16144789638477397,-0.414625425451396,-0.1031011716498258,-0.44044677896827455,-0.414625425451396,-0.86029776058549,0.58519972731392,0.6297295002671076,0.8235747491832851,-0.5398640296662547,-0.6086305564062446,0.028280212191754788,-0.46599026796374177,0.46599026796374177,0.0,393065202.3071955,0.912709503307779,0.3492063492063492,0.07142857142857142,0.0873015873015873,0.04748417087624049,0.6737464178470061,-0.07951230782570162,-0.1876075498737474,-0.2359731899851072,0.5861630358446573,-0.23265676542186886,0.12632789664422447,-0.34733488767580656,-0.22468715224080116,-0.3651222285389425,0.4819557186446885,0.7646294412153746,0.02494928665236075,-0.24291149129828427,-0.4516730877735011,0.4516730877735011,0.0,0.8095238095238095,0.0,358754345.56537205,19.698148440826373,0.31746031746031744,0.047619047619047616,0.06349206349206349,0.0441125441793612,-0.1614472716881732,-0.2500447900584757,-0.4055391167427962,-0.14944827436575392,0.5,-0.055857613122275274,-0.23265676542186886,0.09563861441820332,-0.07860356739168362,-0.14944827436575392,-0.08932686118761757,0.36851753183784247,0.020229709188346396,-0.1857497625719492,0.1857497625719492,0.0,297699575.847989,-0.04732280776224873,0.04507742813016779,-0.02010137097627973,-0.0708447069740703,0.02582135351687853,0.1028762633407565,0.21683744079132028,1.0,3.0,1.0,1.0,0.0,63.0,126.0,0.713145664657417,,,,,,,,0,0,0,0,0,0
latest_month_unlabeled_or_partially_labeled,2026-07-31,ALGN,167.02000427246094,0.07779097083620634,0.2946284116275266,1.068692066628942,1.099289796987303,0.2113431850717964,0.069612621203063,0.024474057063360144,-0.05019877614248158,-0.14588384712137226,0.07961722274874594,-0.13069381223199739,0.16604310572844305,-0.07840220627739636,-0.07555064654661159,0.05465438146158459,-0.19388000239203373,0.19388000239203373,-0.0069377044642757735,0.9571095207359543,-0.5622703989237854,-0.5846281340626226,-0.12140979005801211,0.0741143787054512,-0.09821153513045089,-0.04248284682105474,-0.010284015342187036,-0.02572471907912144,-0.04088681735792447,-0.12140979005801211,0.024474057063360144,0.02671645585213711,-0.007259929666055376,-0.051076589483251444,-0.006022371408872407,-0.07689794300012998,-0.051076589483251444,-0.11639358167882641,0.4477967988817592,0.9883338868352454,0.9799679525017414,-0.3836514643741804,-0.3896446530394795,0.021916065620936273,-0.15437188538486724,0.15437188538486724,0.07643722821880683,199799227.77688164,0.8873432855142933,0.2619047619047619,0.047619047619047616,0.023809523809523808,0.037900698641069944,0.6654256574290134,0.020569986349166625,0.048476660373941716,-0.030618322405611353,0.9037999520084264,-0.03595309171679306,0.08837084083569506,-0.045327195279273313,0.030306460527906864,-0.2476656291685193,0.43882651213699164,1.0085369468584628,0.022378131263343693,0.004209604947827739,-0.11913926620523085,0.11913926620523085,0.07643722821880683,0.9841269841269841,0.7142857142857143,177290503.2187568,18.993300211904344,0.25396825396825395,0.047619047619047616,0.015873015873015872,0.03855588674735316,-0.05492293460907538,-0.009772520637768789,-0.021970852583639417,-0.00972370066429018,0.3333333333333333,0.007141477110028938,-0.09821153513045089,0.16604310572844305,0.061121006309780124,-0.00972370066429018,-0.058562229432249535,0.44257275075118974,0.021732363911574175,-0.1134348701439708,0.1134348701439708,0.0,170075899.40483457,-0.04872559976687241,0.03894315928289983,-0.02925825333615606,-0.0708447069740703,0.02582135351687853,0.1028762633407565,0.21683744079132028,1.0,3.0,1.0,1.0,0.0,63.0,126.0,0.5402817705175305,,,,,,,,0,0,0,0,0,0
latest_month_unlabeled_or_partially_labeled,2026-07-31,ALL,259.9700012207031,0.0879720998669129,0.3048095406582332,0.9475259475642207,0.9721234816129593,0.37792915390296655,0.26188766682018016,0.31997542176915084,-0.05953588425549916,-0.09555859815217183,0.09733820796929993,0.10555021073604731,0.07804417279230758,0.21709915842839433,-0.1170870030638036,1.2566564933825621,0.0,-0.0,0.042647957401362735,1.2928278732488039,-0.5212956335003579,-0.4241720615539005,0.224416823616979,0.048259028708581196,-0.028579485825818596,0.18074013034373793,0.004444866803360092,0.2604395375136517,0.2682772609665938,0.224416823616979,0.31997542176915084,0.04784410416906826,0.06491710411829099,0.20288841870534724,-0.05141305937924845,0.1770670651884687,0.20288841870534724,0.7301913601885381,0.2546244128400339,1.2186581945104191,1.091240627930019,-0.4886988101495675,-0.4413592939997689,0.012713669203092883,0.0,-0.0,0.35637447425483737,352768772.97236127,1.1256263930465085,0.07142857142857142,0.0,0.0,0.022610727853519193,0.5340165195764467,0.014251397679258204,0.10846462505479293,0.12974313013698802,1.188223413337386,0.160626353918917,0.07912284562717613,0.2680845236159184,0.14334010104567274,-0.46730833056754073,0.277856504153871,1.1167639504241145,0.013906511630134243,0.12049984782561007,0.0,-0.0,0.2680845236159184,0.0,0.6031746031746031,397085841.5003216,19.799663043238077,0.09523809523809523,0.0,0.0,0.022978388880803367,0.07996244680189157,0.1250000118104173,0.29837680395775357,0.09258636023054523,0.6666666666666666,0.04985140765096183,-0.05141305937924845,0.160626353918917,0.16343106720461553,0.09258636023054523,0.045429138153962656,0.3103001272299113,0.01641155439267362,0.0,-0.0,0.12249565789953953,417378242.0107887,0.03580720387645697,0.02390112763556609,0.02206338890073356,-0.0708447069740703,0.02582135351687853,0.1028762633407565,0.21683744079132028,1.0,3.0,1.0,1.0,0.0,63.0,126.0,0.2978870777900631,,,,,,,,0,0,0,0,0,0
latest_month_unlabeled_or_partially_labeled,2026-07-31,ALLE,153.36000061035156,-0.2852130956122343,-0.06837565482091401,1.0344727347529163,1.0566048084236277,-0.0675327547805108,-0.02917281970083696,-0.0653902241385691,0.12528560132012245,0.02459038874847097,-0.16560611073635967,0.2857123194314303,-0.0256363475067497,-0.1682664874793256,0.1854964328336397,-0.19939502202815046,-0.14015072898025238,0.14015072898025238,-0.03935219946013668,1.4743218961238984,0.37022503403539675,0.5347975679324626,-0.04079983539009813,0.06638360107711803,-0.09500486061125935,0.10749103368682866,0.22452202066455507,0.059895377181553355,-0.01543156078237129,-0.0653902241385691,0.059895377181553355,-0.05375457349143986,0.0016707733927903146,0.1201062086950706,-0.053898628091252565,0.09428485517819207,0.1201062086950706,0.33257856258947327,0.3279431124882212,1.2618869983351777,1.1012164542905303,0.5481360839667029,0.6899575877203112,0.013435976369064294,-0.14015072898025238,0.14015072898025238,0.2255646024454343,153364604.64487833,1.088539817236811,0.09523809523809523,0.007936507936507936,0.015873015873015872,0.024729936438844233,1.426090821953964,0.041571026409844,0.055452477927069754,0.14284421056536223,1.260172129106483,0.08456318933317375,0.0781893813425778,0.1839177512609147,0.06766622984239623,0.19161482031757826,0.3611363515432795,1.1459027817997516,0.014636684139237506,0.0660733582373576,-0.007828211532196816,0.007828211532196816,0.2255646024454343,0.015873015873015872,0.746031746031746,166943478.71073163,18.933165868249727,0.1111111111111111,0.015873015873015872,0.015873015873015872,0.026064540499381728,0.11539383579221663,0.10019169341530931,0.22136755725982646,0.09160790528842089,0.3333333333333333,-0.008687219179851139,-0.09500486061125935,0.09160790528842089,0.1624526122624912,0.09160790528842089,0.09729788484843205,0.413827149842457,0.014508304164495207,-0.007828211532196816,0.007828211532196816,0.13608411267245835,209290970.820763,0.08864784212842292,0.0312104150360191,0.06012634895648139,-0.0708447069740703,0.02582135351687853,0.1028762633407565,0.21683744079132028,1.0,3.0,1.0,1.0,0.0,63.0,126.0,0.3000246103363413,,,,,,,,0,0,0,0,0,0
latest_month_unlabeled_or_partially_labeled,2026-07-31,AMAT,536.25,1.7831838149591497,2.00002125575047,0.9083481011171491,0.922472630447661,1.3107681368578432,1.0918568267390594,0.6678649928257043,-0.0969687128853618,-0.22570368119874318,0.22543424255203526,0.13560573406252563,0.15650376929340704,0.5649887294849478,-0.30682501621114344,1.0107035353382292,-0.25829875518672196,0.25829875518672196,0.12743455942113524,1.2834553461740175,-0.11270921985815607,0.20763822265457077,0.44216131162696115,0.11322380127572922,-0.08195001156809056,0.17521703453998994,-0.2042271980987016,0.5708962799403425,0.5603075281310027,0.44216131162696115,0.6678649928257043,0.15418819941481532,0.17382991029989436,0.3610399766145609,0.14228372690405178,0.33521862309768236,0.3610399766145609,0.4650418455952018,0.6607921803718685,1.458516326546508,1.1748931286318016,-0.6199912521565865,-0.718147038684605,0.03175372057719263,-0.25829875518672196,0.25829875518672196,0.8064054783970052,3771187642.2109694,1.3374715110370097,0.42857142857142855,0.09523809523809523,0.1111111111111111,0.046458123878999766,0.6739473948831396,-0.25829875518672196,0.19651020503992722,-0.0021807795433812505,1.4732880324366562,0.6064524817180001,0.29104212159978854,0.19150780542362034,0.11885996490066164,-0.39973899192026463,0.7763601921725343,1.241403401724712,0.03840041929932373,-0.03651502953228081,-0.25829875518672196,0.25829875518672196,0.4088233940573922,0.2698412698412698,0.9523809523809523,5043856034.232003,22.341436712855877,0.5238095238095238,0.12698412698412698,0.14285714285714285,0.052341900419667305,-0.09410445004808543,-0.09316839062178006,-0.26800699125139105,-0.25829875518672196,0.6666666666666666,0.11986323509591029,-0.25829875518672196,0.6064524817180001,-0.18745404821265166,-0.25829875518672196,-0.0904626987059085,0.9637761835266352,0.049643940723636946,-0.25829875518672196,0.25829875518672196,0.020068456435214932,6610139304.627627,-0.039723647742944124,0.075086225623335,-0.022590230227596764,-0.0708447069740703,0.02582135351687853,0.1028762633407565,0.21683744079132028,2.0,7.0,2.0,1.0,1.0,63.0,126.0,0.9315902200663408,,,,,,,,0,0,0,0,0,0
latest_month_unlabeled_or_partially_labeled,2026-07-31,AMCR,44.540000915527344,-0.23552828887419075,-0.01869084808287047,0.9958545820991236,1.0183798890918034,0.16142294103685906,0.10014874191252376,0.036750363678387465,0.10241826007809918,-0.10175237286925454,-0.12905741257045478,0.3194348021274388,0.10882630109311742,-0.06612589966236904,0.15362702587859656,0.09811854730241369,-0.0929971457426837,0.0929971457426837,-0.018914054757329546,0.9659089368003929,-0.3241262384543383,-0.19545515606121566,-0.06500200919086707,0.10208549745194957,-0.17922775319608708,0.10725327350889602,0.22783216456634037,0.13916862375648664,0.03697232608133568,-0.06500200919086707,0.13916862375648664,-0.04301893353296593,0.04923923633712435,0.19037738955698402,0.03750446675940866,0.1645560360401055,0.19037738955698402,0.5420342130535253,0.3745506297103872,0.9442934496121258,0.9377307033488408,-0.020476068594829755,0.006412879751589662,0.017640648006540995,-0.0929971457426837,0.0929971457426837,0.2341770793815825,207476156.96305776,0.7327042936735155,0.16666666666666666,0.023809523809523808,0.015873015873015872,0.026068993075052643,0.6934478509820976,-0.010222201877170156,0.09873603304598833,0.09249763479506679,1.1072828690504701,0.11669239605637705,0.11028853744991876,0.14734676109401823,0.1011882162086073,-0.19402167808603843,0.3512276254380726,1.0069985404550026,0.017318789280498462,0.07033926276334102,-0.010222201877170156,0.010222201877170156,0.2341770793815825,0.23809523809523808,0.746031746031746,152018671.04171267,18.83951391364573,0.15873015873015872,0.015873015873015872,0.015873015873015872,0.02645036604335635,0.04400415219850551,0.060487600202434155,0.07761421283629613,0.027451037676890833,0.6666666666666666,0.011371252476123491,-0.17922775319608708,0.11669239605637705,0.09829574465096114,0.027451037676890833,0.024732569885425493,0.3536857061836155,0.016978469434935136,-0.010222201877170156,0.010222201877170156,0.06174016937983029,142960871.6223762,0.02522790388364271,0.03071075328364574,0.026030893160267965,-0.0708447069740703,0.02582135351687853,0.1028762633407565,0.21683744079132028,1.0,3.0,1.0,1.0,0.0,63.0,126.0,0.42858775903270685,,,,,,,,0,0,0,0,0,0
latest_month_unlabeled_or_partially_labeled,2026-07-31,AMD,521.9500122070312,1.7435733097877537,1.960410750579074,1.0694721692523923,1.077513027348073,1.0379120028024889,1.437196503930478,1.2048326009677375,0.360914982963481,0.402180009310944,0.49744433165271595,-0.025047292001643795,-0.15426853239039462,1.101956337626981,-0.7324355613166653,1.5804534175129048,-0.10149586624988216,0.10149586624988216,0.21270893004422597,0.9575705900666002,-0.355656970269712,-0.05127123050532112,1.6070126102786815,0.22125068256630592,0.016083042075494047,0.3501785839424103,-0.10149586624988216,1.5657475839312185,1.4591975983925458,1.2048326009677375,1.6070126102786815,0.7425650248110034,0.18720368289174982,0.47239703965107216,0.4558943547170746,0.44657568613419363,0.47239703965107216,0.5476096193883586,0.7623335098757504,0.9555648514632232,1.1315951789173047,-0.2131667077431607,-0.2930270343350154,0.03618998703770491,-0.10149586624988216,0.10149586624988216,1.7334381804075547,12248126472.79393,1.3223510230087696,0.5158730158730159,0.15873015873015872,0.0873015873015873,0.050741764528281816,0.7821321312666086,-0.10149586624988216,0.08248890392646402,0.026488721960348238,1.4377624537062461,0.12557643988456646,0.35025705113072864,0.011335084088023972,0.0444590088094603,-0.11920903099047486,0.8626529245025066,0.8444405466427447,0.04312266931354179,0.023754691226099744,-0.10149586624988216,0.10149586624988216,0.6148944216026049,0.2698412698412698,0.9523809523809523,16196322571.239847,23.50805005170237,0.6190476190476191,0.20634920634920634,0.12698412698412698,0.05782474013633114,-0.014531676952826422,0.007913491832575392,-0.13932953168747872,-0.10149586624988216,0.6666666666666666,0.18072574380797693,-0.15426853239039462,0.7425650248110034,-0.030651159275811857,-0.10149586624988216,-0.020840990381927327,0.7284591071298591,0.03866940107053433,-0.10149586624988216,0.10149586624988216,0.05282798516521692,14999088766.936674,-0.00964454888047006,0.06948942543160906,-0.0196170392906434,-0.0708447069740703,0.02582135351687853,0.1028762633407565,0.21683744079132028,2.0,8.0,2.0,1.0,1.0,63.0,126.0,0.9626716481791918,,,,,,,,0,0,0,0,0,0
latest_month_unlabeled_or_partially_labeled,2026-07-31,AME,241.97000122070312,0.10041006424396337,0.31724750503528365,1.0371390476063334,1.0531495713053871,0.20278956382441327,0.1822001844822445,0.08365717261265115,0.04683725160372898,-0.06903662617270312,0.053102512070724917,-0.0240885650031728,0.06804181761835526,-0.019219090728105348,-0.05464322554509904,0.34180630138595164,0.0,-0.0,0.004215129538222895,0.8994885655987492,-0.6754007673318859,-0.6659828623770851,0.014620546439948034,0.0582902785520423,-0.10249840715203151,0.05952439590689629,0.023134795355964077,0.13049442421638013,0.07625738108965978,0.014620546439948034,0.13049442421638013,0.0986191464537709,0.006873330285435353,0.029013947067552115,-0.04097660425538918,0.0031925935506735836,0.029013947067552115,0.12233898509943619,0.24475023507009427,0.8127199022231807,0.9689889475620979,0.040915593705293185,0.04104465957636516,0.011834559896250771,0.0,-0.0,0.16299268376557796,293170753.57364476,0.9740061026662762,0.047619047619047616,0.007936507936507936,0.0,0.021843715008605612,0.6298658202279613,0.0,0.030651527954772773,0.0445878800564774,0.9241855488886213,0.07284804239053555,0.07785399597345144,0.07298106765017853,0.031067856525702098,-0.2283290124911619,0.2371602726961467,0.8387297959052288,0.011686489669562292,0.02197642427971913,0.0,-0.0,0.09514094381694704,0.0,0.7142857142857143,285550103.104001,19.469928067648713,0.047619047619047616,0.0,0.0,0.02087002992548299,0.028378646963537868,0.011418145140741354,0.0006233498933626639,0.00012399263864670829,0.6666666666666666,0.01602633128231462,-0.10249840715203151,0.0986191464537709,0.07096869961271701,0.00012399263864670829,0.0246171508674613,0.19891338711526751,0.010032940989779714,0.0,-0.0,0.04594970628116757,236148811.1315046,0.022242873403267804,0.020961864855915127,0.01397957370715619,-0.0708447069740703,0.02582135351687853,0.1028762633407565,0.21683744079132028,1.0,3.0,1.0,1.0,0.0,63.0,126.0,0.26028177051753043,,,,,,,,0,0,0,0,0,0
latest_month_unlabeled_or_partially_labeled,2026-07-31,AMGN,376.0400085449219,0.09574458174378542,0.3125820225351057,0.9922355041557566,1.0079478833402904,0.2874912283561386,0.16557699191120112,0.11590312045156015,-0.03908163729284575,-0.1398116628051186,0.019799953777527968,0.0744373192465082,0.14323623233240212,0.013026857110803647,-0.021665847427523977,0.4272569574184654,-0.023908542353558437,0.023908542353558437,-0.0014664641622175179,0.9870374765090342,-0.30585091577130774,-0.24043619900146374,-0.023908542353558437,0.07213553616806452,-0.0935438483422475,0.07757352862888878,0.10797092942290898,0.0768214831587144,0.05627202041890537,-0.023908542353558437,0.11590312045156015,-0.015915917228071952,0.0333649512456331,0.09423727302403617,-0.01997614041668483,0.06841591950715764,0.09423727302403617,0.36496775000558235,0.27127263450982714,0.8572356784624336,0.9518362377708612,0.10988473007254429,0.1525490693914695,0.01238547963299885,-0.023908542353558437,0.023908542353558437,0.16992328990725958,954783579.9903022,0.9783922495411899,0.06349206349206349,0.007936507936507936,0.0,0.02302302455967646,0.8098856845934009,0.0,0.05885861451315222,0.07401654072489983,1.0233405517302265,0.07521002977998692,0.0828810720635085,0.1165414620510179,0.06469771881306219,-0.027695106894535138,0.25820712384202377,0.9006125680505966,0.012120949588681628,0.05424507430181613,0.0,-0.0,0.16992328990725958,0.0,0.8888888888888888,934152854.6517024,20.65515063981744,0.07936507936507936,0.0,0.0,0.02276777181673661,0.04602970645896809,0.0705867242742455,0.16530307215151993,0.038440333633688706,0.5,0.021241781626512246,-0.0935438483422475,0.14323623233240212,0.10928504060775901,0.038440333633688706,0.029977115379257624,0.23254458089232347,0.010820406573428552,0.0,-0.0,0.0658125977514803,835184865.8671061,0.02858676557063511,0.0226894689257737,0.01963125961204404,-0.0708447069740703,0.02582135351687853,0.1028762633407565,0.21683744079132028,1.0,3.0,1.0,1.0,0.0,63.0,126.0,0.45279131148125684,,,,,,,,0,0,0,0,0,0
latest_month_unlabeled_or_partially_labeled,2026-07-31,AMP,528.9000244140625,-0.18253945273441818,0.034297988056902096,0.8959718246321441,0.9194359415723886,0.17996551403438277,0.08577805215469758,0.009883352065311213,0.18460728175027064,0.11925731181691002,-0.09673328211757282,0.2147677807569457,-0.10561776369551545,-0.09299291127544529,0.10815114657406166,0.03468408108521427,-0.024013848858674303,0.024013848858674303,0.004108015981992619,1.282827038708305,-0.30673808852551454,-0.22490926637885034,0.12914066388222123,0.09360624397559407,-0.054709487109674715,0.1374353904341139,0.11896873218618509,0.19449063381558185,0.1111715499210381,0.009883352065311213,0.19449063381558185,0.06838441503303772,0.033424086515393414,0.11803449863937288,-0.05781976964910118,0.09221314512249434,0.11803449863937288,0.4709956830145496,0.28495355091083724,1.0648005879572902,0.8794637835932153,-0.3775471459308948,-0.2823800621114626,0.013642783480030908,-0.024013848858674303,0.024013848858674303,0.2333448239641993,333503138.3541289,0.975318674145267,0.09523809523809523,0.0,0.007936507936507936,0.026698562866949802,0.5953634767871194,0.028380598434684545,0.07249318287300532,0.11062725663220663,1.1423930289626036,0.02927916932699537,0.09615145494522039,0.18664610296798534,0.10944378682587597,-0.48488234061867186,0.2506063280323668,1.2107384156364533,0.011894657387639078,0.1353146638525229,-0.008083114309533346,0.008083114309533346,0.2024554213364944,0.09523809523809523,0.6190476190476191,325271838.7228345,19.60017182059786,0.07936507936507936,0.0,0.0,0.025289688854697536,0.07737011798563809,0.12513526774541806,0.5038925569739519,0.15289042888518378,0.5,0.005401165465154252,-0.10561776369551545,0.15289042888518378,0.2237351358592541,0.15289042888518378,0.04777805239646593,0.3034187085503771,0.015672835673466785,-0.008083114309533346,0.008083114309533346,0.1837776456473399,378698596.2816511,0.006353260398341609,0.02650244600565864,0.005352810293274501,-0.0708447069740703,0.02582135351687853,0.1028762633407565,0.21683744079132028,1.0,3.0,1.0,1.0,0.0,63.0,126.0,0.30608927488675675,,,,,,,,0,0,0,0,0,0
latest_month_unlabeled_or_partially_labeled,2026-07-31,AMT,166.6699981689453,-0.3861430077650624,-0.1693055669737421,1.0112311915170946,1.032680767565938,-0.04125726788710815,-0.032054632996145416,-0.052085182884485826,0.036800434637257795,-0.06215352106677452,0.0293148542236934,-0.10839662087085877,0.07016960590176269,-0.15496144622524233,-0.02699658376267955,-0.17772875421528472,-0.25139074668647987,0.25139074668647987,-0.014425723463254325,1.2923310215641237,0.11212746141564667,0.024178457030070044,-0.11423870395126035,0.050015360173924994,-0.1004899188144962,-0.05316993677717741,-0.08890869626064213,-0.01528474824722803,-0.060536211694324736,-0.11423870395126035,-0.01528474824722803,0.06927544280198283,-0.023150939916469992,-0.07908176664716537,0.023260954957493363,-0.1049031201640439,-0.07908176664716537,-0.2643334736316676,0.2930599672205798,1.093274773682745,1.0208635624369429,-0.3772467358304308,-0.36544427002982305,0.014072607233062877,-0.13321154415985692,0.13321154415985692,0.028129033011073723,567699080.8122786,0.9915698914714611,0.11904761904761904,0.007936507936507936,0.0,0.025587823035529363,0.7886915292619064,0.016121895403727105,-0.05861959371109027,-0.05216747924875298,0.7725877375459134,-0.11675556190541148,0.08263428041726556,-0.1000162481611645,-0.09422185838714492,-0.23074268360022088,0.2991742421444548,1.0709313309928963,0.013724357446789117,-0.08186956852029059,-0.13321154415985692,0.13321154415985692,0.028129033011073723,0.5238095238095238,0.2222222222222222,562913315.9494793,20.148636207907977,0.1111111111111111,0.015873015873015872,0.0,0.024715091886817513,-0.027361719813314922,-0.0671392218297886,0.059152201702742546,0.018952073766078215,0.6666666666666666,-0.00593123388209843,-0.11675556190541148,0.07016960590176269,0.08979678074014852,0.018952073766078215,-0.0018864024747995423,0.32039506933855205,0.015279818965720218,-0.05080015009386085,0.05080015009386085,0.028129033011073723,562831658.1519717,-0.004224001727014426,0.02103815586659176,0.0066680409770094595,-0.0708447069740703,0.02582135351687853,0.1028762633407565,0.21683744079132028,1.0,3.0,1.0,1.0,0.0,63.0,126.0,0.4705710311374255,,,,,,,,0,0,0,0,0,0
latest_month_unlabeled_or_partially_labeled,2026-07-31,AMZN,232.1100006103516,-0.2253804333793591,-0.008542992588038811,1.255395141191736,1.2677825280367558,-0.04958644070846452,0.005588741206133285,-0.030045977224041676,0.14451275519895812,0.13533169441619208,0.1076472803105828,-0.23195874658892313,-0.12244046250772744,-0.13292224056479818,-0.09426548905429866,-0.09597439774227208,-0.1559329108215053,0.1559329108215053,0.026667034326176564,0.8847757808447525,-0.6537179041524181,-0.6967647392331677,0.10528571719215041,0.08091445668713805,-0.00823807489304329,-0.03846631694865299,-0.1559329108215053,0.11446677797491644,0.0632355059810084,-0.030045977224041676,0.11446677797491644,0.27267485533749514,-0.02982655210174312,-0.12431146627834033,0.021051901989134647,-0.15013281979521886,-0.12431146627834033,-0.4168609827834351,0.31306242009172697,0.9665683076840208,0.9525526790563853,-0.47204140828014607,-0.4858417767506953,0.015611838760316894,-0.1559329108215053,0.1559329108215053,0.16761410759876072,11731301434.253109,1.0439484115013982,0.14285714285714285,0.007936507936507936,0.007936507936507936,0.026461898805509417,0.5627369327394676,-0.022655354553921092,-0.047798517492032566,-0.06866615959630729,0.9736446893248951,-0.11934679486514477,0.14472718944958787,-0.14236628714396338,-0.018108752634076408,-0.3273380072423574,0.29820844697025006,1.01471375697722,0.015095764428261216,0.025865609379246424,-0.1559329108215053,0.1559329108215053,0.022465998092264794,0.8571428571428571,0.31746031746031744,12246873497.132607,23.228536516719558,0.15873015873015872,0.0,0.0,0.027110091302745994,-0.040718455765905714,0.021216186342283505,-0.08638281074714681,-0.026139111451134345,0.3333333333333333,0.002927052268263323,-0.12244046250772744,0.27267485533749514,0.04470559552293596,-0.026139111451134345,-0.048089697369331885,0.30259621358752453,0.01482757532255323,-0.08962192305383554,0.08962192305383554,0.022465998092264794,12900444566.035172,-0.054557162572313356,0.02928106551889804,-0.03940704469898337,-0.0708447069740703,0.02582135351687853,0.1028762633407565,0.21683744079132028,2.0,8.0,2.0,1.0,1.0,63.0,126.0,0.6300666975782002,,,,,,,,0,0,0,0,0,0
latest_month_unlabeled_or_partially_labeled,2026-07-31,ANET,173.99000549316406,0.19518985810088818,0.41202729889220846,0.8823165366042159,0.9257724505504766,0.10336738410422996,0.3278639022673562,0.2275292701435332,0.1895582622152161,0.07576665115357595,0.21849865966173376,-0.21108739957523803,-0.05813464917328137,0.12465300680277669,-0.22011801005703746,0.38586090159137226,-0.06937313197978778,0.06937313197978778,0.05205869193938395,1.3893089460166583,-0.23159711480534706,-0.22590228117195588,0.30329592129710914,0.09541265722209316,-0.0802996346120084,0.12467408737240637,-0.04112810224734165,0.4170875323587493,0.31597090793313054,0.2275292701435332,0.4170875323587493,0.406662391521293,0.026718622994584607,0.00741126008649573,-0.07666032643435128,-0.0184100934303828,0.00741126008649573,0.011991465701986493,0.5896665591283133,1.0443173806341386,1.0481254968174223,-0.5410044933766461,-0.529899762047777,0.02931672560624607,-0.06937313197978778,0.06937313197978778,0.49823481966924077,1308304526.1734736,1.1738696819750705,0.4365079365079365,0.0873015873015873,0.047619047619047616,0.044997609002198444,0.5301621241085421,-0.025205062247987242,0.08285266762437171,0.061815915165197355,1.2159288619355857,0.06527875827693852,0.1858824882413823,0.09105163454765108,0.05919563651624049,-0.5340803633132589,0.6180445552429833,0.9963667364310412,0.029433611246939412,0.061287787904613644,-0.06937313197978778,0.06937313197978778,0.27530612646621067,0.15873015873015872,0.8095238095238095,1535779018.0658007,21.152303593526224,0.4126984126984127,0.07936507936507936,0.06349206349206349,0.04822374930328942,0.021841680656794926,0.043572222673703864,0.03928806290926068,0.02419355128454792,0.5,0.046840015143856405,-0.0802996346120084,0.406662391521293,0.09503825825861822,0.02419355128454792,0.007808084770852819,0.6157990364764256,0.02986235072096754,-0.06937313197978778,0.06937313197978778,0.10399745402854288,1375589038.4900775,-0.0013258744774308218,0.05536483548884041,0.0006326412523058877,-0.0708447069740703,0.02582135351687853,0.1028762633407565,0.21683744079132028,2.0,7.0,2.0,1.0,1.0,63.0,126.0,0.8889330170845668,,,,,,,,0,0,0,0,0,0
latest_month_unlabeled_or_partially_labeled,2026-07-31,AON,361.7000122070313,-0.19517556642979494,0.021661874361525335,1.1027583168461557,1.1139647654359897,0.06450099380008889,0.02769834214707556,0.03722168970493134,0.08631199008692825,0.04381147428865595,-0.10865461803633014,0.2723131848422635,-0.04052741002579996,-0.06565457363582516,0.12643687710100204,0.12318731428292258,-0.033617862036193435,0.033617862036193435,0.015490302256574662,1.1349682934899945,-0.6997628700374818,-0.6506264916458893,0.08103316399358729,0.043157654313827024,-0.037827540520321445,0.09949456762610787,0.09130600126875887,0.12353367979185959,0.08059617783012607,0.03722168970493134,0.12353367979185959,-0.034481666838246716,0.041696615250343294,0.16365856680593338,0.016825853943309266,0.13783721328905485,0.16365856680593338,0.6111761598088158,0.30215521721209704,1.1196489338312894,0.886221416127564,-0.5059164149043303,-0.46121367106333866,0.014362905735006253,-0.018799317971916696,0.018799317971916696,0.17332216919432208,500518020.79436284,1.0144088455665865,0.09523809523809523,0.0,0.007936507936507936,0.025065844992832657,0.4136913388316513,-0.005003390412354869,0.0671052165885182,0.07834249255599635,0.9575591230220509,0.04945265140652588,0.054507813950718895,0.14440300892546998,0.09216853082636778,-0.5497734528839353,0.26777642448803635,1.26339638543572,0.013304742676168404,0.10304548555900328,-0.018799317971916696,0.018799317971916696,0.17332216919432208,0.09523809523809523,0.8571428571428571,507729907.6592824,20.04546018828547,0.07936507936507936,0.0,0.0,0.02419288044465305,0.049764941637590265,0.1170057543557903,0.2674371816595313,0.09047607568734728,0.5,0.007319660608802385,-0.04052741002579996,0.09047607568734728,0.16132078266141758,0.09047607568734728,0.021040464825943017,0.3383077668030861,0.017104170877650576,-0.018799317971916696,0.018799317971916696,0.14480138703087508,495877187.52514064,0.0021556238874267386,0.022259980443390667,0.009213260615714924,-0.0708447069740703,0.02582135351687853,0.1028762633407565,0.21683744079132028,1.0,3.0,1.0,1.0,0.0,63.0,126.0,0.39706477155187786,,,,,,,,0,0,0,0,0,0
latest_month_unlabeled_or_partially_labeled,2026-07-31,AOS,60.77999877929688,-0.34438185231805685,-0.12754441152673657,1.001854649798247,1.0004020393590092,-0.06913487231235238,-0.08152229303181624,-0.16824656771656277,0.0952341138343491,-0.04809242080959519,-0.153740812564092,0.13659978134359563,0.06136890837423081,-0.27112283105731927,0.1511055364960664,-0.5855379460173763,-0.24039323259154943,0.24039323259154943,-0.054403106036387094,0.9825723539859994,-0.6691463682247092,-0.6748175406563841,-0.21633898852615796,0.07294394298613001,-0.15461538317768597,-0.016976028453682512,0.17219144963084032,-0.07301245388221367,-0.1525326700416448,-0.21633898852615796,-0.07301245388221367,-0.05684581861332294,-0.011888458425644566,-0.017141031220496372,-0.08279429041480202,-0.042962384737374903,-0.017141031220496372,-0.05947997044931321,0.28733674539953713,0.8615401211361114,1.0029401871547865,0.03800344234079178,0.005896790983385358,0.014321408204719667,-0.24039323259154943,0.24039323259154943,0.08963786499500226,104945808.04175726,1.0116803287419693,0.09523809523809523,0.007936507936507936,0.007936507936507936,0.025799267900948882,0.7608882159979813,0.007382695816831708,0.04123199486490692,0.031834396257331976,0.9466639621710988,0.10578279038911531,0.09564792617332639,0.07157964512017378,0.043964759210939786,-0.03806809723315119,0.288181569207459,0.8590144578613317,0.014324103599356553,0.01654100317520335,-0.05495426350060073,0.05495426350060073,0.08963786499500226,0.9682539682539683,0.5873015873015873,106171609.57977659,18.480567310694575,0.1111111111111111,0.0,0.0,0.02629667800230068,0.011561311762680937,0.016586294848507155,-0.12494806737429588,-0.030931160772456612,0.3333333333333333,-0.026339159035820237,-0.15461538317768597,0.10578279038911531,0.03991354620161369,-0.030931160772456612,0.003781915349410303,0.24755213443837323,0.012405993957573722,-0.030931160772456612,0.030931160772456612,0.03437713606985304,103623134.10466512,0.01749392019247109,0.027405631743503706,0.02233733301636165,-0.0708447069740703,0.02582135351687853,0.1028762633407565,0.21683744079132028,1.0,3.0,1.0,1.0,0.0,63.0,126.0,0.23278524806505688,,,,,,,,0,0,0,0,0,0
latest_month_unlabeled_or_partially_labeled,2026-07-31,APA,36.150001525878906,0.7225513016745329,0.9393887424658531,0.8957961717757926,0.9266800283989,0.6334044045786662,0.5125351279337518,0.3876602502033386,-0.5241326915586327,-0.1809395722143161,0.552541536980101,-0.6587424229786026,0.14994321015187095,0.2847839868625821,-0.49386113620184025,0.8446191062429754,-0.1744062528504594,0.1744062528504594,0.03749589775595563,0.7846264554838678,-0.5305052364417298,-0.5803659963032751,0.2067206779890225,0.2662191216269281,0.39743157691800035,-0.01000935950860582,-0.057330775389598077,-0.13647244135529413,0.15263616227902232,-0.13647244135529413,0.3876602502033386,-0.03386841056629386,-0.04382503353161993,-0.10620088599850164,-0.10557320390726677,-0.13202223951538017,-0.10620088599850164,-0.2404390341409259,0.4589764159228226,0.7670198081460493,0.9623494333571424,-0.47476559696719134,-0.41293024441565396,0.023014750994421337,-0.1744062528504594,0.1744062528504594,0.4428390071921897,252108529.44219983,0.8384758965496081,0.31746031746031744,0.007936507936507936,0.05555555555555555,0.037147580396620174,0.4423562903755612,0.10420246255054866,-0.07059407367271442,0.018200298669391435,0.762927393779497,-0.10595665306114699,0.19414208381207232,-0.000701770221975595,-0.05256357311698179,-0.3677044141307274,0.44169569378762047,0.7970283782163321,0.021685343163487848,0.010171701095474939,-0.1336402791511372,0.1336402791511372,0.1422791458942012,0.8888888888888888,0.25396825396825395,211386925.25185177,19.169200785835468,0.30158730158730157,0.015873015873015872,0.06349206349206349,0.032334399333621484,0.06127605146741555,0.06766294727452182,0.33441575250382977,0.11772906000537597,0.5,0.06995092992342328,-0.10595665306114699,0.39743157691800035,0.18857376697944628,0.11772906000537597,0.06427761901924955,0.35204400248468476,0.01657412003008191,-0.007413417260867083,0.007413417260867083,0.1422791458942012,175795082.23109472,0.031008469909003633,0.032932711575793715,0.010530237724248659,-0.0708447069740703,0.02582135351687853,0.1028762633407565,0.21683744079132028,1.0,3.0,1.0,1.0,0.0,63.0,126.0,0.4976029889075151,,,,,,,,0,0,0,0,0,0
latest_month_unlabeled_or_partially_labeled,2026-07-31,APD,297.8699951171875,-0.15456075268671143,0.062276688104608846,0.977705112283917,0.989367443511053,0.25232297309763574,0.22986414244271947,0.10678737310861353,-0.06854298678050985,-0.012727102636885368,0.10800453709384916,-0.10910305604795756,0.01163290814993001,0.003911109767857024,-0.10788589206272192,0.4095920136402887,-0.05194311466757218,0.05194311466757218,0.013174486877825409,1.2451362639761105,-0.6812443056097879,-0.6815944647818055,0.09406027047172816,0.03645895660661331,0.053759870873008264,0.031057335427448818,-0.04008731137943411,0.038244386328103674,0.07969734330281512,0.038244386328103674,0.10678737310861353,0.039386171738396536,-0.0023128452725137416,-0.0010985189541083962,-0.07142133451938726,-0.026919872470986927,-0.0010985189541083962,-0.0040321451577262,0.26071644356424434,1.514497596920588,1.0449679562377772,-0.7906897239394889,-0.7860203454269686,0.011325131050984837,-0.05194311466757218,0.05194311466757218,0.17862979361549436,382704176.12740654,0.9686034011712394,0.05555555555555555,0.023809523809523808,0.0,0.02243395144829922,0.3684091763820985,-0.00942183075958447,0.02476576930372376,0.032450373932711774,0.9407066741615373,0.05225748601194513,0.0468294530459622,0.07573167269450587,0.06253602059334629,-0.648765796057559,0.2724403291889102,1.4493244389744442,0.01148877501483486,0.06509425459274376,-0.05194311466757218,0.05194311466757218,0.1045526821485343,0.23809523809523808,0.2857142857142857,370688566.63944304,19.73087282771943,0.047619047619047616,0.031746031746031744,0.0,0.022894403769116993,0.024088519867406344,0.060542126863640355,0.05649779755422515,0.022308405494483763,0.8333333333333334,0.017987251291396073,-0.07142133451938726,0.053759870873008264,0.09315311246855407,0.022308405494483763,0.003962010206658428,0.39485442725573017,0.016461008652370778,-0.05194311466757218,0.05194311466757218,0.1045526821485343,400204892.14797246,0.002881997643619627,0.02193429101021089,0.004837436937741524,-0.0708447069740703,0.02582135351687853,0.1028762633407565,0.21683744079132028,1.0,3.0,1.0,1.0,0.0,63.0,126.0,0.375414273995078,,,,,,,,0,0,0,0,0,0
latest_month_unlabeled_or_partially_labeled,2026-07-31,APH,152.6699981689453,0.22631948648759082,0.4431569272789111,1.224090175708969,1.2751255016265537,0.10160714012426708,0.1336578761011813,0.06331572898118476,0.14681743502462075,-0.014414360219643152,0.02416073788432138,0.014070556919801191,0.013742340937797026,-0.03956053435957174,-0.025084434177062187,0.11991886975950776,-0.13413117157932963,0.13413117157932963,0.0244571906386446,1.325698515102551,-0.39827141936869226,-0.37526655661051045,0.04890136876154161,0.08921773441552844,-0.13323475468646062,0.06377712012972037,-0.09787705011089176,0.2101331640058055,0.10745008724951062,0.04890136876154161,0.2101331640058055,0.16557184325108842,0.050036939525859525,0.03823129480412257,0.010117414766583677,0.012409941287244042,0.03823129480412257,0.07877304835853051,0.5279880398152667,0.8186318636589027,0.9192153538241317,-0.6113033768647659,-0.663439710314824,0.025504261359864805,-0.13413117157932963,0.13413117157932963,0.28325914633618465,1392602588.3389184,1.0052536269143142,0.3333333333333333,0.07936507936507936,0.047619047619047616,0.04048928902708038,0.5342894095440259,-0.13413117157932963,0.11388430540867911,0.011573138942363004,0.9844541782582005,0.1870531141516074,0.13889010253629036,0.027832289223560513,0.05135630246758782,-0.5013878756605754,0.48533471283370005,0.8905767949297407,0.024671311127483546,-0.02009245086193112,-0.13413117157932963,0.13413117157932963,0.2827208440994555,0.2698412698412698,0.7142857142857143,1399918802.7779593,21.059680074584257,0.38095238095238093,0.07936507936507936,0.031746031746031744,0.03956014210570038,-0.04571724783176945,-0.04415084685803694,-0.310325160323517,-0.13413117157932963,0.6666666666666666,0.018186464473547714,-0.13413117157932963,0.1870531141516074,-0.06328646460525933,-0.13413117157932963,-0.045776720426954576,0.4322278330235827,0.021096979129562453,-0.13413117157932963,0.13413117157932963,0.014351230755053068,1141616072.1117291,-0.016092330510017683,0.03986656208865438,-0.016212785867796176,-0.0708447069740703,0.02582135351687853,0.1028762633407565,0.21683744079132028,1.0,3.0,1.0,1.0,0.0,63.0,126.0,0.8603003174376718,,,,,,,,0,0,0,0,0,0
latest_month_unlabeled_or_partially_labeled,2026-07-31,APO,122.61000061035156,-0.35962260498816234,-0.14278516419684206,1.0159644812040804,1.019470892805716,-0.0015711950799290886,-0.1459655821335064,-0.0810909436894145,0.18616231447540588,0.258213794952892,-0.039350258780810665,-0.00410021345439715,-0.2193601072952882,-0.183967207030171,0.03764047145420668,-0.2058148096191309,-0.19037324950815038,0.19037324950815038,-0.00495178620948078,1.1225639542414654,-0.18919881305637987,-0.22442850751794707,0.1771228512634775,0.13324300298940756,0.06520074846047175,0.014104632669045936,-0.07799192408606648,0.10507137078599138,0.06703442612001813,-0.0810909436894145,0.1771228512634775,0.15526832506859956,-0.02039116492389781,-0.043450472235207815,0.004139103889364781,-0.06927182575208635,-0.043450472235207815,-0.13489122764208122,0.393999556394784,0.7432744554358528,0.8175513891933167,-0.523580365736285,-0.506264788663124,0.01834695239793755,-0.11734218286687714,0.11734218286687714,0.22758775569910283,582151104.5804523,0.8685851392886764,0.21428571428571427,0.031746031746031744,0.047619047619047616,0.03650667721450719,0.5297949897882682,0.030955315948427375,-0.056472162540027515,-0.03020004484120098,0.8548878678343849,-0.08080186941791934,0.12968352067801214,-0.04739340987741869,-0.08879171768797078,-0.35214339908952963,0.3221148846721062,0.9091470765761239,0.015337194863735555,-0.10211081547369927,-0.11734218286687714,0.11734218286687714,0.06775231781972213,0.3968253968253968,0.2857142857142857,505647798.259069,20.04135093600212,0.15873015873015872,0.015873015873015872,0.015873015873015872,0.03157904133546392,-0.01086667039829714,-0.10158989152691045,0.12410874332740696,0.036345221371745895,0.6666666666666666,-0.006534762987170928,-0.2193601072952882,0.15526832506859956,0.1071899283458162,0.036345221371745895,0.026029403637197968,0.29284980572130065,0.014691784069520288,-0.0059185645306752965,0.0059185645306752965,0.06775231781972213,593887685.4863122,0.020313062114619473,0.030410004461880587,0.026385846259059154,-0.0708447069740703,0.02582135351687853,0.1028762633407565,0.21683744079132028,1.0,3.0,1.0,1.0,0.0,63.0,126.0,0.6479166815279808,,,,,,,,0,0,0,0,0,0
latest_month_unlabeled_or_partially_labeled,2026-07-31,APP,391.9800109863281,-0.2135612730429084,0.0032761677484118845,0.9591493506593013,1.021625942339076,-0.3849654017926617,-0.4182719320803412,-0.17148227024831797,0.156356669711454,0.07306246412412354,-0.056561856812558764,-0.06524836918434251,-0.08103823111955799,-0.27435853358907447,0.04967204425141669,-0.20608052515415443,-0.4656760850172498,0.4656760850172498,0.022830623602702937,1.1009366171282684,1.1578877124299316,0.8950349225029053,-0.09841980612419443,0.07823411075267407,-0.0845734294979491,-0.17134900986901236,-0.22424637268513536,-0.015125600536863959,-0.09500922563645879,-0.17148227024831797,-0.015125600536863959,0.12148242739576798,0.004067492447769938,-0.12181022599690128,0.37356338853344484,-0.1476315795137798,-0.12181022599690128,-0.17800514573552698,0.8321129331364236,0.9175904763134132,0.8223731451664622,-0.13292576106969844,-0.34034162881467644,0.03867015049130971,-0.3612840097938699,0.3612840097938699,0.0683274020168334,2576499418.594457,1.0037461097932763,0.5,0.15079365079365079,0.12698412698412698,0.06250589599074062,1.0216131398904074,-0.20083097120885118,-0.07863517943474352,-0.21320121049196283,0.8530617428151177,-0.15961774307215815,0.2235735721139658,-0.3606485282483083,-0.10937071787445996,-0.12804180174133983,0.6843073299570908,1.1157836095531517,0.032919217461664846,-0.12250587966014892,-0.3612840097938699,0.3612840097938699,0.0,0.5873015873015873,0.0,2586151268.2988243,21.673436611060467,0.4444444444444444,0.1111111111111111,0.12698412698412698,0.06058465885212956,-0.17606195139866665,-0.12505901285136733,-0.3132957654338544,-0.23921350494839322,0.3333333333333333,-0.011566182118140941,-0.23921350494839322,0.37356338853344484,-0.16836879797432291,-0.23921350494839322,-0.17166525561586998,0.7635389026632023,0.03630112319905455,-0.30575083481342236,0.30575083481342236,0.0,2565029328.063529,-0.07990018016602374,0.06542152936075862,-0.047023966717690824,-0.0708447069740703,0.02582135351687853,0.1028762633407565,0.21683744079132028,2.0,7.0,2.0,1.0,1.0,63.0,126.0,0.9385224881406713,,,,,,,,0,0,0,0,0,0
latest_month_unlabeled_or_partially_labeled,2026-07-31,APTV,56.54999923706055,-0.3929738082169175,-0.17613636742559724,1.00457897628545,1.0604798923537426,-0.30271269665799583,-0.25680113078280864,-0.2534653566064614,0.06783743680299748,0.02243460508413575,-0.20448847100286205,0.14292193950916743,-0.029174905405579654,-0.3563416199472179,0.1918988251127668,-0.5592834819597583,-0.36224201641107145,0.36224201641107145,-0.06520184028275788,1.6300043579093006,-0.1365303983228512,-0.18969122674835526,-0.23103075152232566,0.03456068687920106,-0.05575195027303048,-0.09835360796426051,0.02885941486079102,-0.18562791980346394,-0.223374675977417,-0.2534653566064614,-0.18562791980346394,-0.13220051551149026,0.0020239349415256402,-0.06156653149369462,0.12744779843660714,-0.08738788501057315,-0.06156653149369462,-0.12325286255429589,0.4531965716532619,0.7155050779068945,1.1022016498610685,-0.2996315714893014,-0.35474367206364965,0.02178129202210907,-0.3362675908144236,0.3362675908144236,0.0757085707692744,191342132.93388003,1.0934541737232328,0.2619047619047619,0.031746031746031744,0.047619047619047616,0.03572752641717128,0.5528085489125115,-0.06287427558243153,-0.03793792627711756,-0.08033528460521,0.725513212972126,-0.09655580125933294,0.0911009842538129,-0.16764796577934815,-0.12021322821302227,-0.5564513113515858,0.4995140089876052,0.6491598683390497,0.02482259047648277,-0.10287077320096649,-0.26386358420057854,0.26386358420057854,0.0757085707692744,0.5555555555555556,0.7142857142857143,209223853.86565676,19.158915312648766,0.31746031746031744,0.06349206349206349,0.06349206349206349,0.03888684361492048,-0.06733957904980559,-0.08292728397695914,-0.24267278127455205,-0.07869015553933745,0.16666666666666666,-0.044154254925360605,-0.13220051551149026,0.12744779843660714,-0.007845448565267144,-0.07869015553933745,-0.03887827626292817,0.3242644483079047,0.01766587709241038,-0.0874617052909118,0.0874617052909118,0.008021404192141812,147104172.95590356,-0.023434139795482922,0.032158645229208124,-0.011674661699128785,-0.0708447069740703,0.02582135351687853,0.1028762633407565,0.21683744079132028,1.0,3.0,1.0,1.0,0.0,63.0,126.0,0.5505355423190783,,,,,,,,0,0,0,0,0,0
latest_month_unlabeled_or_partially_labeled,2026-07-31,ARE,50.93999862670898,-0.5097444593548202,-0.2929070185634999,0.9656408217956481,1.0000270436913687,-0.08625741898392236,0.07118594387686938,-0.04055934258386107,0.15233081425822248,0.010652528408991668,-0.2468877812205308,0.5208555027521979,-0.010980933135749216,-0.14343560592461757,0.3145270641155282,-0.08984132850628296,-0.3820111752113159,0.3820111752113159,-0.009390545567951158,0.59329654239179,-0.5530258395757932,-0.4305693472608435,-0.0299068141748694,0.0850400788013646,-0.12743471968736442,0.06631465482361132,0.20466791992611144,0.11177147167436141,0.013768438305210315,-0.04055934258386107,0.11177147167436141,-0.12731582371828098,0.05132683699065166,0.27396772153166715,0.22636389741945884,0.24814636801478862,0.27396772153166715,0.5640517013157201,0.4514552852034528,0.8132404564248126,1.0758847277395207,-0.32160194174757284,-0.3461192591583063,0.021454364586992763,-0.12173167096386461,0.12173167096386461,0.2771202203205878,109394101.5252734,0.881840730314458,0.24603174603174602,0.023809523809523808,0.047619047619047616,0.0378906973715489,0.26575975444976396,-0.03480954774180278,0.02797006560282611,0.022509778305402683,0.7952436263822786,0.07776758517316229,0.13502827006075682,0.03881704623919324,-0.005237729228876664,-0.445243401351069,0.4857138466076845,0.7558806584544286,0.022556361471827626,-0.026523671386734504,-0.07162384511897779,0.07162384511897779,0.2771202203205878,0.2857142857142857,0.9523809523809523,96468174.38114105,18.384723723120466,0.2698412698412698,0.047619047619047616,0.031746031746031744,0.03741828602660962,0.00671517378441111,0.0033423775864336314,-0.09843615383848948,-0.03614001707771808,0.3333333333333333,0.00037666482891807185,-0.12743471968736442,0.22636389741945884,0.034704689896352225,-0.03614001707771808,0.011190971090080604,0.3671417021942499,0.01783709495030888,-0.07162384511897779,0.07162384511897779,0.07242102372018899,83235382.59698777,0.027016101344939036,0.029600657628236684,0.013287700431528382,-0.0708447069740703,0.02582135351687853,0.1028762633407565,0.21683744079132028,1.0,3.0,1.0,1.0,0.0,63.0,126.0,0.4679484252951458,,,,,,,,0,0,0,0,0,0
latest_month_unlabeled_or_partially_labeled,2026-07-31,ARES,126.51000213623048,-0.509772427333908,-0.29293498654258776,0.9539388479685396,0.9842068011475014,-0.12335991321315898,-0.19863798721932002,-0.13460180737693184,0.3058616404415705,0.290964220184709,-0.20492867084166888,0.2933821980732263,-0.2516202679730962,-0.23747807071768834,0.22305533460848925,-0.26281254335192133,-0.3194554287094683,0.3194554287094683,-0.012237393203958002,1.0212219367809672,-0.6226548231778184,-0.5892773113040807,0.15636241280777718,0.17244972873836495,-0.01271914210349212,0.08577742844120007,0.14217867929176908,0.17125983306463866,0.06434014616516133,-0.13460180737693184,0.17125983306463866,0.07607702466057154,0.005476035410488134,0.08845352723155742,0.0945484897846871,0.06263217371467888,0.08845352723155742,0.21793491799088285,0.5121589923380946,0.7394364654573526,0.7924712839991276,-0.4026153239584702,-0.3210390953213128,0.02403017342902066,-0.1691310587663013,0.1691310587663013,0.34221915027933636,396405048.5169668,0.772415339612873,0.31746031746031744,0.07142857142857142,0.07142857142857142,0.04451822404902922,0.474504908506483,0.11260931292603049,-0.030533837265520503,0.029018768905023196,0.8522466525868188,-0.12504806662423917,0.1492379347619635,-0.005568471940725628,-0.060122094828879646,-0.40341244668052056,0.4058712942698692,0.9330766683757422,0.019887064863397006,-0.041624177695997466,-0.0627499915498998,0.0627499915498998,0.17574353095049,0.4126984126984127,0.2857142857142857,306189340.17449033,19.539714230570514,0.25396825396825395,0.031746031746031744,0.015873015873015872,0.03968802819596124,0.038846261304227525,-0.014282494471391627,0.3605818637020375,0.13655560965793212,0.5,-0.013701058766272792,-0.2516202679730962,0.13655560965793212,0.20740031663200242,0.13655560965793212,0.059268305981065694,0.37870903504668,0.019505079921102064,0.0,-0.0,0.17574353095049,241433193.08755058,0.031841854298688466,0.03541842343889321,0.037971176710392074,-0.0708447069740703,0.02582135351687853,0.1028762633407565,0.21683744079132028,1.0,3.0,1.0,1.0,0.0,63.0,126.0,0.6637627064236544,,,,,,,,0,0,0,0,0,0
latest_month_unlabeled_or_partially_labeled,2026-07-31,ARM,260.010009765625,0.6223138219186708,0.8391512627099911,1.2970355398625188,1.393720201753744,0.5310917356705582,1.3786480246351762,1.467824679758773,-0.749091126984524,-0.42773039971562943,0.9962035507387319,-0.7599445135050242,0.20966207488537458,1.3649484164180166,-1.2315656425250654,1.6047419175530566,-0.40834202243367723,0.40834202243367723,0.18782152841437783,1.3822120271553042,-0.36997464686707715,-0.22112546350306617,1.0400942800431436,0.3758021483880912,0.1869753032691881,0.07396376087462886,-0.3040449716734607,0.7187335527742491,1.0755508375253886,0.7187335527742491,1.467824679758773,0.3902697582054824,0.1588624992512302,0.23625903723370767,0.6797736603361171,0.21043768371682914,0.23625903723370767,0.21167684441865864,0.91467959034618,0.8322939495495913,1.2202423359742676,-0.22292952982657666,-0.4301658449254573,0.04308850305303772,-0.40834202243367723,0.40834202243367723,1.4869440667247638,2111196889.4358134,1.5396305182563654,0.49206349206349204,0.1746031746031746,0.14285714285714285,0.0665540068610838,0.6854561404331775,-0.2151731656970638,-0.0038477324096518606,-0.19312741656868848,1.0812640893313898,0.003623082307277148,0.32342197999432887,-0.26403237148846803,-0.19074701925134574,-0.3231141252987937,1.1161307599920087,0.6820726711510711,0.05628827834937937,-0.27636657652317664,-0.40834202243367723,0.40834202243367723,0.30888506294701945,0.38095238095238093,0.9523809523809523,3250463161.0232882,21.902063334526055,0.6666666666666666,0.2222222222222222,0.25396825396825395,0.08068159917810155,-0.21230331754664522,-0.3041581048769849,-0.3503158036496197,-0.26668921681276925,0.8333333333333334,0.20060244369844502,-0.26668921681276925,0.6797736603361171,-0.19584450983869894,-0.26668921681276925,-0.13782637895838512,0.7612822888216244,0.04057870628446868,-0.26668921681276925,0.26668921681276925,0.0,1875014127.1538143,-0.062067100889560245,0.08927541499961032,-0.061870816781846916,-0.0708447069740703,0.02582135351687853,0.1028762633407565,0.21683744079132028,1.0,4.0,1.0,0.0,1.0,63.0,126.0,0.9568389984663124,,,,,,,,0,0,0,0,0,0
latest_month_unlabeled_or_partially_labeled,2026-07-31,ASML,1757.0899658203125,1.3257756420575846,1.5426130828489049,0.9894010925143226,1.0215456554968296,0.664652957546847,0.6481133021711829,0.2391078095203989,0.09409014240120062,-0.0251437593192112,0.014782264656925559,0.20627554515739233,0.020712111956729062,0.1362315461796424,-0.01804999970608101,0.4656676651163925,-0.11679165113257917,0.11679165113257917,0.05198917555053284,1.1809417871709307,-0.07098416289592757,0.13438204333711368,0.2139640502011877,0.06285152722786913,-0.0894345071176823,0.11704280126714028,-0.06151719664835276,0.3331979519215995,0.2620899372143954,0.2139640502011877,0.3331979519215995,0.09183852001596415,0.08838549574644028,0.22105780981431788,0.12075832404014664,0.19523645629743935,0.22105780981431788,0.38519110745604385,0.5134730784037463,1.0755433318607157,1.1176657232065326,-0.5155938951559389,-0.5721684839593781,0.0259620824738479,-0.11679165113257917,0.11679165113257917,0.4042934611453679,2896585770.127554,1.1245898713415787,0.3333333333333333,0.05555555555555555,0.03968253968253968,0.03484645525605713,0.8212328909814379,-0.11679165113257917,0.07384045747203438,0.008819610127294375,1.014399163783019,0.23356229653497307,0.1329010166769741,0.08949251914775735,0.020119391476143944,-0.22645211930926223,0.5738912595212078,0.9623121739611288,0.029080825515854145,-0.038451372161013464,-0.11679165113257917,0.11679165113257917,0.26906012846053673,0.2698412698412698,0.9523809523809523,3257471018.557594,21.90421697039495,0.3968253968253968,0.07936507936507936,0.06349206349206349,0.0360919528446353,-0.03355224438737647,-0.039437894316972866,-0.21147849346299674,-0.11679165113257917,0.6666666666666666,0.04344084904959191,-0.11679165113257917,0.23356229653497307,-0.04594694415850886,-0.11679165113257917,-0.023132846164584442,0.5522625455671438,0.028330378869029123,-0.11679165113257917,0.11679165113257917,0.017989111524131962,3653018670.203218,-0.010194996058440431,0.04132318098569226,-0.013145792141509016,-0.0708447069740703,0.02582135351687853,0.1028762633407565,0.21683744079132028,1.0,4.0,1.0,0.0,1.0,63.0,126.0,0.8730003210043871,,,,,,,,0,0,0,0,0,0
latest_month_unlabeled_or_partially_labeled,2026-07-31,ASTS,56.20000076293945,-0.1598503672848206,0.056987073506499675,1.1610630505498976,1.3311799609293566,-0.2996884640132156,-0.22621502288030615,-0.49464975069147177,0.1728203661166947,0.20433530480573758,-0.3354913934515358,0.09597853286328362,-0.2879237200491722,-0.5975260140322283,0.2551368901032196,-0.4309842858354498,-0.5777293387231137,0.5777293387231137,-0.0509772280117472,1.8234390904891338,-0.18012044618488188,-0.3764921434569607,-0.2903144458857342,0.11000983826862655,0.04647051637482469,-0.3344626844756926,-0.21611911206564316,-0.32182938457477706,-0.3689311937173277,-0.49464975069147177,-0.2903144458857342,-0.10824183568731804,-0.03237887832423936,-0.23951286058825216,0.5346414251749987,-0.2653342141051307,-0.23951286058825216,-0.1913883099973933,1.1477210815995493,1.073840938098491,1.0903779770919861,-0.5429244795435282,-0.710920049269252,0.05818532101102819,-0.5777293387231137,0.5777293387231137,0.021632475508373883,1611713816.4631648,1.1653601557030984,0.6746031746031746,0.2222222222222222,0.29365079365079366,0.09083266645289673,0.4643141405677396,-0.24539785668409275,-0.21473785389353406,-0.3323687039521289,0.6463588164876074,-0.21647123057064188,0.32803149969816087,-0.5044528793916613,-0.26102237175127896,-0.63230795669359,1.251449791220343,0.9848336637928077,0.06251376531682955,-0.24919550716447714,-0.5777293387231137,0.5777293387231137,0.021632475508373883,0.6190476190476191,0.09523809523809523,1878227064.1023486,21.35359411835893,0.6825396825396826,0.25396825396825395,0.2857142857142857,0.09119772138064805,-0.23519724406122522,-0.21588280908373958,-0.2982177924123555,-0.3675444477051629,0.3333333333333333,-0.06651154874374528,-0.3675444477051629,0.5346414251749987,-0.2966997407310926,-0.3675444477051629,-0.20222579569039212,1.2324698829402747,0.05476418317432736,-0.3675444477051629,0.3675444477051629,0.021632475508373883,1264248940.6230745,-0.08410878153187429,0.0981253138895094,-0.057331666037581,-0.0708447069740703,0.02582135351687853,0.1028762633407565,0.21683744079132028,1.0,4.0,1.0,0.0,1.0,63.0,126.0,0.9587680564967721,,,,,,,,0,0,0,0,0,0
latest_month_unlabeled_or_partially_labeled,2026-07-31,ATO,179.22000122070312,-0.041725906183976536,0.17511153460734374,0.8679059253559062,0.8732471507471181,0.061470486697911886,0.08116147313997168,0.08954615238333763,-0.11383354484538621,-0.12464631115766278,0.14846471027499875,-0.1997667288433821,0.1291805696634063,-0.013330110957418873,-0.14084817095172097,0.5298061765014592,-0.06269884616158083,0.06269884616158083,0.0011561524228751452,1.639880769612312,-0.3027382069436151,-0.33850914439801805,-0.03510015877432515,0.06905516482325726,-0.011081917184160184,-0.00022503649221494726,-0.03928889340498909,-0.024287392462048585,0.010052867048987965,-0.03510015877432515,0.08954615238333763,0.028475475478053403,-0.019564654765232503,-0.051302018568383345,-0.1047132399343581,-0.07712337208526188,-0.051302018568383345,-0.2856252775389217,0.16901681474279867,1.2360951982370911,1.0626931992398194,-0.41105266950068453,-0.387292397554723,0.008371789223412229,-0.06269884616158083,0.06269884616158083,0.09613585058220342,232435736.25123766,1.049448913012049,0.0,0.0,0.0,0.016649288035037367,0.3613003985472547,0.047744557279566724,0.011796730585740711,0.030879596442272117,1.0499298202107077,0.01856559628094434,0.07598157348474516,0.059658227674514785,0.038969131453998385,-0.7174461612914377,0.1796130195843486,1.1631722110589509,0.009127353500604575,0.04533124605363947,-0.051302018568383345,0.051302018568383345,0.07221063574608122,0.9206349206349206,0.5873015873015873,243929430.7540167,19.312389527304124,0.0,0.0,0.0,0.016766926955017372,0.02754532118195807,0.04113621257252542,0.19310482137232948,0.0403436278857352,0.6666666666666666,0.01679501869827016,-0.1047132399343581,0.1291805696634063,0.1111883348598055,0.0403436278857352,0.015882748584696182,0.20892087312490143,0.010875735120692124,-0.0015598817788127217,0.0015598817788127217,0.0403436278857352,201034233.9706421,0.008689993662238438,0.018261694640464392,0.008996639478975554,-0.0708447069740703,0.02582135351687853,0.1028762633407565,0.21683744079132028,1.0,3.0,1.0,1.0,0.0,63.0,126.0,0.12232175339729642,,,,,,,,0,0,0,0,0,0
latest_month_unlabeled_or_partially_labeled,2026-07-31,AVB,189.6100006103516,-0.15853422376196602,0.05830321702935426,0.8988282886868008,0.9083730796579597,0.12326542308165167,0.06728996846558433,0.08915609490712284,0.08242840948923691,0.0027039326110642747,0.0414739438926377,0.004309391633037896,-0.0024764461954067674,-0.013720168433633662,-0.043372759381447246,0.40538172573657677,-0.030127874115848607,0.030127874115848607,0.021747847171643686,1.0345433216021451,-0.5045245719058888,-0.4818400541367285,0.09186002751818712,0.046829026176771996,-0.06804842209760142,0.06255727421671531,-0.02269713978671639,0.17158450439635975,0.1175335422738899,0.08915609490712284,0.17158450439635975,0.12029372107698455,0.03226500663631504,0.045783335525675595,-0.002677602623269437,0.019961982008797063,0.045783335525675595,0.20299241052013894,0.2199312135867166,1.0280571792374762,1.0255120276679954,-0.4831917519785087,-0.48067194363824817,0.010611489517283646,-0.030127874115848607,0.030127874115848607,0.2033477022931265,191850833.6834741,1.0606466277477675,0.031746031746031744,0.007936507936507936,0.0,0.019287138466115433,0.46095562918910754,-0.018758293470318432,0.02878514676498578,0.0178535252713643,1.0638081144637879,0.04350322413780727,0.062468679748616474,0.04859104566027228,0.04875003600378225,-0.4465294697008968,0.22554210479279674,1.0024818349281268,0.01074363296731646,0.0578103851578442,-0.030127874115848607,0.030127874115848607,0.11021200406335918,0.09523809523809523,0.9841269841269841,203485939.77697462,19.131107473369266,0.047619047619047616,0.015873015873015872,0.0,0.018070595918937414,0.008074186611599643,0.06578126349992997,0.021564228841806695,0.004875712316719127,0.5,0.015911697769205552,-0.06804842209760142,0.12029372107698455,0.07572041929078943,0.004875712316719127,-0.009929751379589291,0.22610186306623475,0.01146245293501875,-0.030127874115848607,0.030127874115848607,0.02819716910440828,172331689.07376245,-0.01129957348081212,0.01945345858967317,-0.005371544558707253,-0.0708447069740703,0.02582135351687853,0.1028762633407565,0.21683744079132028,1.0,3.0,1.0,1.0,0.0,63.0,126.0,0.1811643542461747,,,,,,,,0,0,0,0,0,0
latest_month_unlabeled_or_partially_labeled,2026-07-31,AVGO,381.9200134277344,0.09306508234071331,0.3099025231320336,0.9885799008517308,1.0135777664101318,0.039040026116406557,0.10756101528384465,0.1570386958665868,0.07886466891780297,0.0425447438641644,0.26261899518444287,-0.3462390735457961,-0.035466264750798615,0.054162432525830306,-0.24065877422794002,0.3279508666265641,-0.20567216397989463,0.20567216397989463,0.030697062238084438,1.19964703999371,-0.3066273783773875,-0.3646072513310873,0.1995834397307512,0.03947325717048602,-0.02938735024803074,0.003348601813326635,-0.19306449908531986,0.23590336478438978,0.1975085001272426,0.1570386958665868,0.23590336478438978,0.34868010047009723,-0.031590002083472735,-0.08362007836135321,0.07028724002199072,-0.10944143187823174,-0.08362007836135321,-0.15669910905175088,0.47884824175630536,0.9052906534266043,1.1144129390740272,-0.46942919059942356,-0.46357217564359476,0.023033807735513365,-0.20567216397989463,0.20567216397989463,0.3037199927577796,9535222344.774446,1.0941574771747853,0.30952380952380953,0.03968253968253968,0.031746031746031744,0.03676271151491309,0.5516657592050637,0.008672909577318477,-0.0697157673607609,-0.04282015877127421,0.9601527008894277,-0.15314847626257944,0.17013225749823663,-0.14380001239684193,-0.06602338128710106,-0.46877161445258597,0.5336346764660745,0.8123475793262201,0.026020121158611603,-0.004171195864499433,-0.20567216397989463,0.20567216397989463,0.05956443471659911,0.5714285714285714,0.23809523809523808,10433034825.05905,23.06824303449425,0.36507936507936506,0.015873015873015872,0.06349206349206349,0.036728492126016275,-0.003698908874902318,-0.010968592886044348,0.025465197381035382,0.011039082535365674,0.5,0.035334055294340805,-0.15314847626257944,0.34868010047009723,0.08188378950943598,0.011039082535365674,0.0013581851376220921,0.4334968376717463,0.023197434452979403,-0.0478421695411263,0.0478421695411263,0.05956443471659911,8485441871.125139,-0.00763394613011259,0.04017856179708326,-0.01356500393375748,-0.0708447069740703,0.02582135351687853,0.1028762633407565,0.21683744079132028,2.0,8.0,2.0,1.0,1.0,63.0,126.0,0.8552122195670008,,,,,,,,0,0,0,0,0,0
latest_month_unlabeled_or_partially_labeled,2026-07-31,AVY,160.89999389648438,-0.23608913151907385,-0.019251690727753568,0.9885846784610128,0.9988296691371412,-0.06440261643614653,-0.10526977179451125,-0.12277754475191827,0.06053031399159425,-0.048429295643057535,-0.1119492185166765,0.09975585473498472,0.058433512730893256,-0.22565380809267477,0.11058418097022649,-0.4892253131952849,-0.17582404956588038,0.17582404956588038,-0.03696075346200445,1.1657526057234944,-0.14559193954659955,-0.15601004784571748,-0.1712068403949758,0.05459168453183349,-0.11619225579359849,-0.016962950965622725,0.1292966432520284,-0.06224723076032401,-0.1187438719690727,-0.1712068403949758,-0.06224723076032401,-0.05067172576432277,-0.009949613674889335,-0.01219336378169178,-0.029646727535280193,-0.03801471729857031,-0.01219336378169178,-0.04728456459307547,0.25096318902638004,1.1893479846284072,1.0275290577217733,0.3842073046317078,0.37184440094633286,0.012346687069665786,-0.17582404956588038,0.17582404956588038,0.05156525503499676,114606315.14222887,1.0085058209599131,0.07142857142857142,0.0,0.0,0.022671816194745894,0.9039708625743982,0.03163744760841525,0.018170681811517042,0.01207256178642524,1.0858095236682899,0.027160585837871842,0.06129471609623887,0.01798660781475636,0.017970691174210573,-0.09244147157190641,0.25787196914312754,1.1574835530835665,0.012848355008461657,-0.005010901516734223,-0.036353879618143736,0.036353879618143736,0.05156525503499676,0.23809523809523808,0.5079365079365079,115581135.93970405,18.565483325625944,0.07936507936507936,0.0,0.0,0.023589892743159434,0.0024380453809529357,-0.011082942547743224,-0.02992267280579653,-0.008931396073411313,0.3333333333333333,-0.019974667766307946,-0.11619225579359849,0.058433512730893256,0.06191331090065899,-0.008931396073411313,0.0011853298919439759,0.2984825630844431,0.014854384868385433,-0.036353879618143736,0.036353879618143736,0.03672678518249639,113123016.21987478,0.015430217639223809,0.02784338935394125,0.021081604901838524,-0.0708447069740703,0.02582135351687853,0.1028762633407565,0.21683744079132028,1.0,3.0,1.0,1.0,0.0,63.0,126.0,0.13467061383172238,,,,,,,,0,0,0,0,0,0
latest_month_unlabeled_or_partially_labeled,2026-07-31,AWK,134.66000366210938,-0.23134223857507563,-0.014504797783755352,1.0942114677869268,1.109726649589809,0.0699963608320775,0.0463052058944462,0.05740578298199206,-0.060835197668794416,-0.060395657176807616,0.001244372883634437,0.0548472383347236,0.060576774110525866,-0.04547048035876444,-0.00131417176363402,0.23859605113250013,-0.06005728221240425,0.06005728221240425,0.006917159485234414,1.567828272535833,-0.5149031789042363,-0.48769331661207127,-0.002989874194815556,0.034997023390244346,0.0004410530457796824,0.03210830983837032,0.06460391890524386,-0.0034294146868023567,0.01699549803345805,-0.0034294146868023567,0.05740578298199206,-0.05635971848738974,0.012488338911377461,0.05609161121835804,-0.033236255537924975,0.030270257701479508,0.05609161121835804,0.24156216287744772,0.2405982106975977,1.1479941687427746,0.9651095486322149,-0.47904467866141454,-0.46685024697504995,0.011961583984387212,-0.0291125055584881,0.0291125055584881,0.11169823095417963,258410637.75644454,1.0298992018019746,0.03968253968253968,0.0,0.0,0.024006038034233096,0.5091094053454176,0.032246536503390155,0.047371841854826346,0.05118540135384464,0.9957534591503959,0.06741303978493862,0.04979469494409861,0.09239885884010546,0.06380159743748948,-0.5510245692731165,0.23220363052807705,1.1894962290754971,0.011491929548181406,0.051914270131333096,-0.01607479861486849,0.01607479861486849,0.11169823095417963,0.23809523809523808,0.5873015873015873,266136909.56250146,19.399521435695448,0.031746031746031744,0.0,0.0,0.022851368345606925,0.02950810317888264,0.05769109378224635,0.08474791284872749,0.023407826327661363,0.6666666666666666,0.01037378654059847,-0.05635971848738974,0.06741303978493862,0.09425253330173167,0.023407826327661363,0.013902974260671996,0.27620534289078763,0.012653210327422917,-0.01607479861486849,0.01607479861486849,0.042179372069154786,277613256.3539051,0.012610648966962623,0.023339202861922093,0.007813460162234165,-0.0708447069740703,0.02582135351687853,0.1028762633407565,0.21683744079132028,1.0,3.0,1.0,1.0,0.0,63.0,126.0,0.19555319756036665,,,,,,,,0,0,0,0,0,0
latest_month_unlabeled_or_partially_labeled,2026-07-31,AXON,502.3399963378906,-0.5519179807968204,-0.33508054000550014,1.183266933444309,1.2517747572175122,-0.31395871551679877,-0.11548958002528753,0.038794016060508696,0.14404521596779296,-0.11265099665236511,-0.16919636684429562,0.41954479408308687,0.12163455782925969,-0.0640822472802478,0.21155441117828255,0.05661124860259068,-0.42324073936515083,0.42324073936515083,0.04048972677480234,1.3904970760233917,-0.1592217361271011,0.051265779890040664,-0.07385698059185641,0.12866767067625076,-0.21701699239378647,0.09443337854837197,0.09056431731244285,0.18283923202830166,0.04925875583231798,-0.07385698059185641,0.18283923202830166,-0.05399230625624374,0.14461448118116182,0.25034842723879125,0.11688567879733269,0.22452707372191272,0.25034842723879125,0.3896466458923572,0.6852704545141118,1.0603659483085908,0.9375877352866006,-0.5386316254975045,-0.5865864083518573,0.03146708478717864,-0.2156575288014816,0.2156575288014816,0.45210149966098445,516432307.59294295,1.0064004778295266,0.3968253968253968,0.11904761904761904,0.09523809523809523,0.056178431966205436,0.6113428671084759,-0.2156575288014816,0.18538360240239227,0.050338630944370744,1.0827844385289183,0.2493536811964534,0.17281452907839934,0.11949544252834521,0.21509232545534074,-0.4241141835769109,0.6425011735067055,1.1309511722489198,0.030205408150155984,0.19528107973937026,-0.2156575288014816,0.2156575288014816,0.3331033028341126,0.20634920634920634,0.7777777777777778,519737721.12814283,20.068834861774302,0.3968253968253968,0.14285714285714285,0.06349206349206349,0.05833947450937193,-0.015453331688821237,0.17620360939559343,-0.14304290680743267,-0.10394033380823631,0.5,0.018820714227463214,-0.21701699239378647,0.2493536811964534,-0.033095626834166,-0.10394033380823631,-0.08242284966569924,0.7266374553487153,0.035918870560404825,-0.2156575288014816,0.2156575288014816,0.1295392348804938,557089928.7561326,-0.03615244649288052,0.05764878321833299,-0.005023012701948604,-0.0708447069740703,0.02582135351687853,0.1028762633407565,0.21683744079132028,1.0,3.0,1.0,1.0,0.0,63.0,126.0,0.801876448978136,,,,,,,,0,0,0,0,0,0
latest_month_unlabeled_or_partially_labeled,2026-07-31,AXP,326.1700134277344,-0.11544133494127418,0.1013961058500461,0.8951268799481474,0.9081056414271079,-0.08844380144643849,-0.11116194201246621,-0.06835666871452706,0.15304604064656802,0.13050249179329476,-0.07978740837800391,0.09220925498991406,-0.12286683142528998,-0.17123293205528356,0.0807785153264372,-0.23981383312055016,-0.14566318074258822,0.14566318074258822,0.005104936105738256,1.1886304909560723,0.3869744327470084,0.40420321640523293,0.062145823078767704,0.0826258661243054,-0.020783414530114563,0.018553960181460383,0.009826998670950604,0.08468937193204096,0.026159508765427202,-0.06835666871452706,0.08468937193204096,0.0713808434319898,0.03559663666753887,0.012421846611910148,-0.020368285704650768,-0.013399506904968383,0.012421846611910148,0.049505788781032053,0.28504055760688907,1.04827405461068,0.8802854400587589,0.8040144019505004,0.744349254524074,0.01287557575006889,-0.09790633398621851,0.09790633398621851,0.12258125841573131,1107023811.6508846,0.9488346072191431,0.09523809523809523,0.0,0.015873015873015872,0.023356523683236066,1.1804729336977626,-0.08532455510340031,0.08045066415129498,-0.013247778128382959,1.23597501441334,0.06882161484773386,0.0725660659236802,0.033471897487666435,0.08119172421013787,0.32375702101102566,0.25091705268757436,1.190834253194859,0.012018116795434812,0.05482017923384519,-0.09790633398621851,0.09790633398621851,0.08814204488591182,0.09523809523809523,0.5555555555555556,1050382503.5100058,20.772420224787876,0.09523809523809523,0.0,0.0,0.020969623246408605,-0.05078518873274407,0.015453621607093737,-0.11068766398017396,-0.03307354273996732,0.3333333333333333,-0.009481602686716495,-0.12286683142528998,0.0713808434319898,0.03777116423410298,-0.03307354273996732,-0.06250582483419576,0.2988006210510627,0.01430988073596618,-0.09790633398621851,0.09790633398621851,0.0,1133401952.1309988,-0.06896882743846755,0.02990990258137838,-0.05098717697707322,-0.0708447069740703,0.02582135351687853,0.1028762633407565,0.21683744079132028,1.0,3.0,1.0,1.0,0.0,63.0,126.0,0.46109016656560975,,,,,,,,0,0,0,0,0,0
latest_month_unlabeled_or_partially_labeled,2026-07-31,AZO,2957.409912109375,-0.4320413204219121,-0.21520387963059184,1.2437686893315545,1.2540023475212616,-0.19513775820215518,-0.1279935391097229,-0.20162571480016966,0.07717411832513066,-0.010903415031117802,-7.019152466014589e-05,-0.20149948023343534,0.013846118560273624,-0.30450197814092617,5.604304207418309e-05,-0.616313513731222,-0.320844478273282,0.320844478273282,-0.04112740780222168,1.9633352155091284,-0.6065902578796561,-0.6858897304652909,-0.21252912983128747,0.0480145479355357,-0.10059698927169314,-0.10670266424073105,-0.1556092540980114,-0.124451596475039,-0.17953548036883205,-0.21252912983128747,-0.124451596475039,0.09658710667074222,-0.06216472108188209,-0.20156967175809548,-0.20756853530060926,-0.227391025274974,-0.20156967175809548,-0.5666151415232588,0.32714796983682537,1.0935774149435897,1.087408649446099,-0.795775695374089,-0.8110180435591796,0.015584751906636794,-0.2382658631165715,0.2382658631165715,0.011599080591542688,857891805.7295542,1.360219870914501,0.10317460317460317,0.007936507936507936,0.023809523809523808,0.027661435333168834,0.41293233082706765,-0.06439743398682818,-0.03170127310871618,-0.04928675883424716,0.9293183836800029,0.08883581819412845,0.11880528831090376,0.007570198572048659,-0.002421771909661641,-0.6841015415292584,0.35574353204929543,1.0056729045705428,0.01639227364094037,-0.02269695139433492,-0.20156967175809548,0.20156967175809548,0.011599080591542688,0.9206349206349206,0.015873015873015872,1166921481.2480624,20.877634906280427,0.12698412698412698,0.015873015873015872,0.031746031746031744,0.02956367911585635,-0.033419086191460945,-0.02280995628316862,-0.2086174776597947,-0.07463532909567727,0.5,-0.030588635040472562,-0.20756853530060926,0.09658710667074222,-0.003790622121606968,-0.07463532909567727,-0.03182077642963188,0.3577616311581989,0.017255033974666795,-0.08102170444095236,0.08102170444095236,0.011599080591542688,962790232.5741723,-0.01586119440077871,0.030773552693178077,-0.004943986882976925,-0.0708447069740703,0.02582135351687853,0.1028762633407565,0.21683744079132028,1.0,3.0,1.0,1.0,0.0,63.0,126.0,0.5567323536755002,,,,,,,,0,0,0,0,0,0
latest_month_unlabeled_or_partially_labeled,2026-07-31,BA,209.5200042724609,-0.27237292703729377,-0.05553548624597349,1.0200565226394103,1.0420653952715695,0.042284348917230874,-0.03500364321869387,-0.10354268706934511,0.1562483372602811,0.02438831356492832,-0.02006675687536663,-0.06511856649197367,-0.026484692833631307,-0.2064189504101016,0.018357363702004803,-0.30404981623639793,-0.1690659950661132,0.1690659950661132,-0.017183903839292913,0.8877681469242533,-0.22768677834465945,-0.29347652987224204,-0.07915437350441679,0.08405890651212279,-0.12525820838088642,-0.04181800262976754,-0.06510118614602223,0.05270565019093598,-0.043330470127608635,-0.10354268706934511,0.05270565019093598,0.15073104649549252,-0.02004774007664234,-0.0851853233673403,0.009256408018542883,-0.11100667688421884,-0.0851853233673403,-0.24935658600488192,0.34054513944794146,0.8452371116406601,1.0031577830897591,-0.46690049474599715,-0.4840162147706266,0.01724764168258785,-0.1690659950661132,0.1690659950661132,0.10734103291538655,1475003929.7248235,0.927137207220979,0.15079365079365079,0.023809523809523808,0.0,0.02853995327433372,0.5830268851436516,-0.028886104621510533,-0.0124239503600162,-0.04650688706638284,0.8295841881034656,-0.06350851422628812,0.09272374444801111,-0.09357555784193539,-0.01394716193741341,-0.36594161937278125,0.34162050713058983,0.8425764380128735,0.01685435705088595,-0.04134687874046861,-0.12917706169002696,0.12917706169002696,0.023046880617038967,0.7777777777777778,0.047619047619047616,1367531024.045042,21.036272779421733,0.15873015873015872,0.015873015873015872,0.0,0.02747781108683179,-0.043609358747497384,-0.05827474019475143,-0.111540773274913,-0.03210605122673005,0.3333333333333333,-0.014561668692250082,-0.12525820838088642,0.15073104649549252,0.038738655747340256,-0.03210605122673005,-0.03687339816127688,0.28784139005024384,0.014106111273604885,-0.10667685567445273,0.10667685567445273,0.023046880617038967,1182044185.587783,-0.012066227947067687,0.02737208053445209,0.005683154834640103,-0.0708447069740703,0.02582135351687853,0.1028762633407565,0.21683744079132028,1.0,3.0,1.0,1.0,0.0,63.0,126.0,0.6644616043085922,,,,,,,,0,0,0,0,0,0
latest_month_unlabeled_or_partially_labeled,2026-07-31,BAC,62.04999923706055,0.12442904979979708,0.34126649059111736,0.9243119081821461,0.9313682228829073,0.17962513441721883,0.1404545331848348,0.17904130651354766,0.1003924496995503,0.07973844279279385,0.010568002978257995,0.15614349297132657,-0.06334582585772786,0.07616504317279116,-0.012329810563963095,0.7775391798972462,0.0,-0.0,0.02940915790502685,1.1310297031579928,0.07121288188650832,0.2497963839062738,0.2587797493063415,0.053014858321356065,-0.016143084240553995,0.16792291215289268,0.048961259260103085,0.27943375621309796,0.23908493734432903,0.17904130651354766,0.27943375621309796,0.09661536777073487,0.05759882064223798,0.16671149594958456,-0.03479240097032088,0.14089014243270603,0.16671149594958456,0.8213954187902452,0.23026660410502842,0.8888922634261232,0.8814188134548376,-0.2977959859260586,-0.23531486683759228,0.011390304148789844,0.0,-0.0,0.33502562610072073,2018642226.0047064,0.9781055228134331,0.03968253968253968,0.0,0.0,0.021732673595933994,0.6170780288638748,0.020793935607987146,0.10776524357390294,0.10824816177924679,1.0366785464950115,0.11000109090541588,0.07662460464229368,0.20876741658735054,0.10078276394766039,-0.32133371273100064,0.20296131696852898,1.0084788863786471,0.010373647466607358,0.08311324519530161,0.0,-0.0,0.25321266994820824,0.0,0.746031746031746,1974445109.8396058,21.403553239286907,0.015873015873015872,0.0,0.0,0.019920372757626707,0.05426206331876804,0.07296842804647041,0.43471578413101103,0.08897858433758121,0.5,0.030218955324188206,-0.06334582585772786,0.11000109090541588,0.15982329131165152,0.08897858433758121,0.03600556475058592,0.20468220291436573,0.010668742965588804,0.0,-0.0,0.08897858433758121,2101968119.586563,0.01544855636063236,0.019811215737051406,0.011937766695357066,-0.0708447069740703,0.02582135351687853,0.1028762633407565,0.21683744079132028,1.0,3.0,1.0,1.0,0.0,63.0,126.0,0.3996880907372401,,,,,,,,0,0,0,0,0,0
latest_month_unlabeled_or_partially_labeled,2026-07-31,BALL,63.84000015258789,-0.08563725866666827,0.131200182124652,1.1104097103896933,1.131516978062201,0.3729026659472616,0.21325024547345794,0.13004868954979631,-0.04606289183152468,-0.17271411037657214,0.07723788868888004,-0.028213618919467276,0.18041144040334545,0.027172426209039813,-0.08102441978038355,0.44340748637324984,-0.05156634931825532,0.05156634931825532,-0.010283654499057104,1.442180519917867,-0.6368619576130905,-0.6190593802595783,-0.042665420826775824,0.08943571721819613,-0.11683844826347445,0.07000619450911572,0.09588969672720637,0.08398579771827164,0.05712302214709738,-0.042665420826775824,0.13004868954979631,0.033327663578788025,0.008469908912760449,0.049024269769412765,-0.10494440606825728,0.023202916252534234,0.049024269769412765,0.17329934348001494,0.2932938516972274,0.8702120784309542,0.9645200433818619,-0.4797651906853788,-0.46775978375171745,0.013099775630911453,-0.05156634931825532,0.05156634931825532,0.2132269374468656,152932110.562267,1.0841051672657618,0.0873015873015873,0.007936507936507936,0.007936507936507936,0.02430325620965987,0.3748931938199493,0.028704825840898618,0.08803006349681075,0.09139450676160843,0.9933768275925926,0.14558480810573138,0.1230864443777404,0.17202135474214097,0.11034049530170131,-0.6681655122249591,0.2828877985626431,0.9022229080691375,0.012831209195518754,0.07421934533575048,0.0,-0.0,0.2132269374468656,0.0,0.5079365079365079,165794491.30141243,18.926259581183746,0.09523809523809523,0.0,0.015873015873015872,0.024836505008619555,0.048321769150905025,0.06136692321305737,0.09041685810901777,0.02307690050475042,0.6666666666666666,0.026769659710147258,-0.11683844826347445,0.18041144040334545,0.09392160747882072,0.02307690050475042,0.02836708475625449,0.2552278522764643,0.011758998458707896,0.0,-0.0,0.05888205644638278,128143273.71103196,0.02696095178918867,0.02434660014210705,0.01909202287995093,-0.0708447069740703,0.02582135351687853,0.1028762633407565,0.21683744079132028,1.0,3.0,1.0,1.0,0.0,63.0,126.0,0.2604240824624603,,,,,,,,0,0,0,0,0,0
latest_month_unlabeled_or_partially_labeled,2026-07-31,BAX,22.399999618530277,-0.17860586045925197,0.038231580332068305,1.028962443839481,1.0456001196262652,0.2146464586393686,0.1733466240104804,0.11722241676496092,0.21680386357494652,-0.01699456828658774,-0.12363538257709483,0.3984728127443895,0.015446408041835502,0.014346153424204422,0.15761501340233375,0.25042505102356505,-0.22683366653383397,0.22683366653383397,0.0157204625021925,0.6475146168609487,-0.764868818422046,-0.7002459687249616,0.10022784847837318,0.13035492405555943,-0.17525774065107835,0.18032600178170277,0.1695240718287746,0.33402628033990744,0.18382551519441384,0.10022784847837318,0.33402628033990744,0.04642854749318537,0.09967394532095408,0.27483743016729467,0.06881465275105447,0.24901607665041614,0.27483743016729467,0.6680686352924907,0.4680938120441085,0.8936451010187118,0.8788644471124942,-0.2769708489922661,-0.24034460888424314,0.021908662192598957,-0.04068525684879043,0.04068525684879043,0.41845829688514846,155791909.99983153,0.878451747434774,0.2857142857142857,0.03968253968253968,0.023809523809523808,0.036880514096947765,0.33971538692288816,-0.008017326231969157,0.1255646484883477,0.09258237510628264,1.092025852868146,0.1352502084829479,0.10523707510056175,0.1927581895382442,0.12899470773032107,-0.2658170030941506,0.4113910093189252,1.01681789945512,0.021897093590089615,0.09634993166672845,-0.04068525684879043,0.04068525684879043,0.34847409176174793,0.09523809523809523,0.8888888888888888,136855675.57555306,18.73443747286509,0.2698412698412698,0.015873015873015872,0.031746031746031744,0.035288988585794864,0.03537531054732734,0.10001996731778706,0.12109844089013112,0.05065665755934545,0.8333333333333334,0.02355645561288172,-0.17525774065107835,0.1352502084829479,0.12150136453341576,0.05065665755934545,0.007216873962060166,0.4183097419503912,0.02146578145925048,-0.04068525684879043,0.04068525684879043,0.05065665755934545,129467779.20999981,0.006424937826492894,0.03635203413687001,0.01734944025666496,-0.0708447069740703,0.02582135351687853,0.1028762633407565,0.21683744079132028,1.0,3.0,1.0,1.0,0.0,63.0,126.0,0.5247287512929344,,,,,,,,0,0,0,0,0,0
latest_month_unlabeled_or_partially_labeled,2026-07-31,BBY,85.43000030517578,0.16950311658848105,0.38634055737980133,1.1558723910785675,1.2086715628845943,0.08406963383894617,0.313087035039167,0.3499987582039916,-0.0016052578389704752,0.06818614568445058,-0.05666634677358495,0.48775995144536755,-0.04807986990800339,0.24712249486323512,0.08109484646779097,0.8702884505131783,-0.019285963648313253,0.019285963648313253,0.05832918020130884,1.305557862269411,-0.3484626190104573,-0.06758902086126284,0.4181849038884422,0.03983877366293563,0.05175892905485524,0.259527128294174,0.10852229695706705,0.34839350036502115,0.37219238748581834,0.34839350036502115,0.4181849038884422,-0.05778804687323602,0.13731636099708688,0.4310936046717826,0.2886425803310084,0.40527225115490406,0.4310936046717826,0.9549594090558371,0.40216408479005983,0.6566861161907498,1.1224923363302557,-0.5000359307255611,-0.4371121226052983,0.01792162943777012,-0.019285963648313253,0.019285963648313253,0.5592012559406574,289308480.671038,1.0056898372633325,0.15079365079365079,0.015873015873015872,0.0,0.032967895836925366,0.43731906705824425,0.004263152972643458,0.16257222881999311,0.15152739454383446,1.0567842805063847,-0.013601366434444762,0.13238262650962737,0.11054347149089483,0.10801947074871321,-0.6206884018463998,0.4514261031241133,0.5850250330774124,0.019797665866932542,0.12471805173732786,-0.019285963648313253,0.019285963648313253,0.5592012559406574,0.031746031746031744,0.7777777777777778,290954598.8449581,19.488677798685778,0.15873015873015872,0.015873015873015872,0.0,0.031979001652342604,0.07226817254646001,0.13751795647422949,0.4765572555725555,0.12585666048278132,0.5,0.05779814777549347,-0.05778804687323602,0.2886425803310084,0.19670136745685163,0.12585666048278132,0.04626312417147038,0.26409557091219177,0.013294370461317408,-0.019285963648313253,0.019285963648313253,0.12585666048278132,286926347.1540905,0.006218924260777969,0.029815545121264327,-0.00039782404068788857,-0.0708447069740703,0.02582135351687853,0.1028762633407565,0.21683744079132028,1.0,3.0,1.0,1.0,0.0,63.0,126.0,0.4988401041480901,,,,,,,,0,0,0,0,0,0
latest_month_unlabeled_or_partially_labeled,2026-07-31,BDX,156.36000061035156,-0.07366845849328851,0.14316898229803177,1.179219146030255,1.2046800329125495,0.13406281364685668,0.038652133333981986,-0.00938067495501127,0.010858183315716752,-0.09268220740202782,-0.062366755621120706,0.11887720998455298,0.10321681282684247,-0.11225693829576777,0.06589112931844354,-0.03321654748285636,-0.14521861461840735,0.14521861461840735,-0.023114021555036945,0.9410623371916276,-0.6898593428587313,-0.6723331534071048,-0.10206288235703909,0.05690416537743293,-0.10338763462319522,0.02883047795124649,0.1686168009010134,0.0014775083607054817,-0.03665534965044829,-0.10206288235703909,0.0014775083607054817,-0.05208935299734918,0.011649576376746129,0.05651045436343227,-0.012882421764970564,0.03068910084655374,0.05651045436343227,0.17702942187470946,0.282409692333401,1.1609241605813438,1.1303260858388808,-0.4710065904888341,-0.45342358532196825,0.01358031243939714,-0.14521861461840735,0.14521861461840735,0.11122161289003785,440047574.7177514,0.9178874171560855,0.07142857142857142,0.023809523809523808,0.0,0.024828858030788395,0.3909090378225604,0.01703199638564501,0.039271682449377066,0.04788717898114081,1.0581812543730678,0.035867689698104055,0.07295292830407847,0.07029849093810836,0.056558188718477176,-0.518624518207444,0.31921504213817575,1.0270701305807293,0.01586576398156484,0.0677355742649215,-0.022322217400878475,0.022322217400878475,0.11122161289003785,0.09523809523809523,0.36507936507936506,403914131.78347635,19.816712870719883,0.1111111111111111,0.015873015873015872,0.0,0.025802357065962955,0.03309753026808826,0.07356647259894578,0.10138165931413015,0.03323860912201915,0.5,0.000660617043575118,-0.10338763462319522,0.10321681282684247,0.10408331609608945,0.03323860912201915,0.01306173959419743,0.32785623501218913,0.016912047302912674,-0.022322217400878475,0.022322217400878475,0.0385228689280539,351876353.47413564,0.009901384899677623,0.02639969715516823,0.014257736054245518,-0.0708447069740703,0.02582135351687853,0.1028762633407565,0.21683744079132028,1.0,3.0,1.0,1.0,0.0,63.0,126.0,0.4219816670827835,,,,,,,,0,0,0,0,0,0
latest_month_unlabeled_or_partially_labeled,2026-07-31,BE,184.88999938964844,3.72806767843251,3.9449051192238302,0.8886677800952251,0.9656077179567321,0.3989860340981277,1.1278628229760943,0.22144417885797285,0.14315831500624632,-0.03373940873912651,0.8719693102466648,-1.2194777484608434,0.02840723518837951,0.11856791551721635,-0.5689526170721516,0.19004756889521032,-0.4654040881112218,0.4654040881112218,0.09275696911878129,1.1676212549225777,0.14009104268970218,-0.2561002149773709,0.18770477011884634,0.09391969577231722,-0.12963315290773203,-0.19901503107388208,-0.44939542106396413,0.36460249386421917,0.25791714761367945,0.18770477011884634,0.36460249386421917,1.0913718640734649,-0.004681876636833837,-0.34750843821417876,0.005787742565001697,-0.3733297917310573,-0.34750843821417876,-0.2856716763778465,1.1652039547008055,1.1720849279471564,1.0439897177831419,0.09751839123293715,-0.3296327502411902,0.0566574022850848,-0.4654040881112218,0.4654040881112218,0.5470671582692361,2532438696.804307,1.3125041071111363,0.6746031746031746,0.23809523809523808,0.21428571428571427,0.09448142001188625,1.1319480279148888,-0.3406390363981122,-0.08145964250625048,-0.3148700183467209,1.124160606214022,0.062105305989583304,0.5078407478286092,-0.3512631600363213,-0.142787806217903,0.00856339576375098,1.2164609478278947,1.1226977698937668,0.057635545461864064,-0.24940911387988718,-0.4654040881112218,0.4654040881112218,0.0,0.36507936507936506,0.0,3323836190.5628266,21.92438543220869,0.6507936507936508,0.20634920634920634,0.23809523809523808,0.09377628822960898,-0.29556143442953176,-0.35088189274879744,-0.28497629344852293,-0.3891972516235209,0.6666666666666666,0.11147362388086274,-0.3891972516235209,1.0913718640734649,-0.3183525446494506,-0.3891972516235209,-0.2441669194463536,1.3657179932892352,0.07281166055723282,-0.40199882343767424,0.40199882343767424,0.0,3922187144.848342,-0.15253771533651217,0.1423351822229395,-0.11428242866216753,-0.0708447069740703,0.02582135351687853,0.1028762633407565,0.21683744079132028,1.0,3.0,1.0,0.0,1.0,63.0,126.0,0.9817892427863182,,,,,,,,0,0,0,0,0,0
latest_month_unlabeled_or_partially_labeled,2026-07-31,BEN,32.4900016784668,0.2090429886540366,0.42588042944535687,1.009842054309833,1.0091785563696443,0.4928150121078958,0.39370800096905967,0.25077699411601384,0.13855776187407454,0.003770229346581555,0.14229909194101786,-0.04733455687282628,-0.003005251038837309,0.14790073077525734,-0.15581245904782226,0.8172452428397788,-0.056620122706100284,0.056620122706100284,0.04980010661593193,0.5798497952842211,-0.7123656964250831,-0.685050638516428,0.2545472234625954,0.07893050416846513,-0.09701587896391362,0.11791983863203392,-0.056620122706100284,0.3893347559900884,0.29821965785623256,0.25077699411601384,0.3893347559900884,0.2688399591896957,0.06418907638523597,0.09496453506819158,0.03503508696146307,0.06914318155131305,0.09496453506819158,0.3247710687532999,0.3068564746178385,0.673617136632411,0.9529032772882438,-0.49803404622832337,-0.5098023908572196,0.015329106772809648,-0.056620122706100284,0.056620122706100284,0.4635464834746006,145164343.07325,1.0282119810647574,0.10317460317460317,0.015873015873015872,0.0,0.027964466320659114,0.45668243897563854,-0.04700958063459881,0.04657074953272744,0.008038599432563576,0.99652374888621,0.08329828033607911,0.1255559244831598,0.057900885546462444,0.04858425341931061,-0.39201130493030767,0.2924045403204551,0.7069102947671451,0.014089971288940163,0.010900582133054337,-0.056620122706100284,0.056620122706100284,0.21003270276484964,0.2222222222222222,0.9841269841269841,149259716.77131048,18.821198418812923,0.06349206349206349,0.031746031746031744,0.0,0.026451506177977913,-0.015546683760150004,-0.017317509594224734,-0.1134207978457702,-0.023444507621425692,0.5,0.04395128147717688,-0.09701587896391362,0.2688399591896957,0.04740019935264461,-0.023444507621425692,-0.0221954358208466,0.20670377978918447,0.010616315150794208,-0.056620122706100284,0.056620122706100284,0.00806708470131201,139475177.58807227,-0.00818118504909815,0.02644770672264083,0.0026540186923456055,-0.0708447069740703,0.02582135351687853,0.1028762633407565,0.21683744079132028,1.0,3.0,1.0,1.0,0.0,63.0,126.0,0.30742072974997325,,,,,,,,0,0,0,0,0,0
latest_month_unlabeled_or_partially_labeled,2026-07-31,BF-B,26.07999992370605,-0.28205935010135663,-0.06522190931003635,0.9756529401518489,1.003095577558381,-0.017324102570220656,0.018808354427135132,-0.02995453919859037,0.024937358403329113,-0.05008204287869478,-0.04976843936360553,0.07062009382953938,0.05443916780058533,-0.13283080253934687,0.05080619366452421,-0.06710160281677871,-0.1402154757216464,0.1402154757216464,-0.0199293818175591,0.45286941027988814,-0.8361198669436254,-0.8327026950353026,-0.08003658207728515,0.03820556990752535,-0.07539768509971323,-0.0011496527102140552,0.08127037389073188,-0.005017180795261256,-0.038336100690378926,-0.08003658207728515,-0.005017180795261256,-0.02534044505685662,-0.017926355751142875,0.020851654465933844,-0.0019402513382530406,-0.004969699050944687,0.020851654465933844,0.051388184988716765,0.44640571821184954,0.8058796949520197,0.9089656924082452,-0.6210024187046492,-0.629108554118147,0.019267067731644473,-0.13432850656336615,0.13432850656336615,0.15383104894982136,122021868.13617586,0.6877395315293849,0.1984126984126984,0.031746031746031744,0.023809523809523808,0.03554283582649803,0.18562790506355148,0.042347436739620714,0.012455419152837433,-0.0007539922299244495,0.8138519763129477,0.045191134482078565,0.0483622039218951,0.02283621379857026,-0.002420726420373831,-0.5067978142076504,0.4057674827494338,0.886589781861727,0.018568074647557387,-0.0349340123651829,-0.07074011690921067,0.07074011690921067,0.06680236441453591,0.9841269841269841,0.8888888888888888,83919262.42831397,18.245365744944134,0.2222222222222222,0.015873015873015872,0.015873015873015872,0.03275050827654608,-0.011334775430974164,-0.026478226767539303,-0.059453503720196685,-0.021388356584736812,0.3333333333333333,-0.004072739299482635,-0.07539768509971323,0.05443916780058533,0.04945635038933349,-0.021388356584736812,-0.0007662827969193708,0.35974930401740257,0.017756229520191583,-0.0672388849186567,0.0672388849186567,0.040287205471739584,66502685.909952424,0.00753331602363172,0.03177037277622567,-0.003743614283836516,-0.0708447069740703,0.02582135351687853,0.1028762633407565,0.21683744079132028,1.0,3.0,1.0,1.0,0.0,63.0,126.0,0.4643629846274565,,,,,,,,0,0,0,0,0,0
latest_month_unlabeled_or_partially_labeled,2026-07-31,BG,121.52999877929688,0.34976153967691537,0.5665989804682356,0.9377882122905772,0.9626902187797138,0.30936924527047194,0.380368571315175,0.07976146956525798,-0.11859194178868371,-0.06641076143012037,0.12223488373054625,-0.1600820534995857,0.06553581193260882,-0.02311479377549852,-0.11760863933429744,0.2806223025564493,-0.075184572007293,0.075184572007293,-0.006650635639496749,1.139121436275932,-0.6897546897546898,-0.7014965966815923,0.013350708135137612,0.059438081892772845,0.05428925787865069,0.0032516758322436168,-0.05702670339592397,-0.03883047222342573,0.018093901825656622,-0.03883047222342573,0.07976146956525798,-0.0010219815641452357,-0.0326986807886942,-0.03784716976903946,-0.023834048421429554,-0.06366852328591799,-0.03784716976903946,-0.12720561761147597,0.28423068600975987,0.9857846416477203,1.046781778301289,-0.7072696328713834,-0.6666774099047869,0.014749619406131738,-0.075184572007293,0.075184572007293,0.15864238236701356,201484741.1274259,0.9713630796958107,0.0873015873015873,0.007936507936507936,0.0,0.030779631776313127,0.3358875167385805,0.1126245720258715,-0.05679231784189287,0.02108098086685728,0.8235144720862694,-0.13438766654262446,0.09322917873001065,-0.01435526543919008,-0.06317198571493043,-0.6527724371298931,0.29752750294909175,0.9417288895183535,0.01557551112384226,0.009644402837577504,-0.075184572007293,0.075184572007293,0.15864238236701356,0.5555555555555556,0.25396825396825395,195714838.6532496,19.092169258072197,0.07936507936507936,0.015873015873015872,0.0,0.02910963243386448,0.053280818281616904,0.08885873377391218,0.49490523428105404,0.13866761882193668,0.5,0.016541498684166156,-0.13438766654262446,0.13866761882193668,0.20951232579600698,0.13866761882193668,0.05905726299599823,0.2801902449534168,0.015673172740050794,-0.018969959042812623,0.018969959042812623,0.15864238236701356,150385119.47402954,0.017430165743690385,0.026595436802145538,-0.00344404445020996,-0.0708447069740703,0.02582135351687853,0.1028762633407565,0.21683744079132028,1.0,3.0,1.0,1.0,0.0,63.0,126.0,0.27031101758390697,,,,,,,,0,0,0,0,0,0
latest_month_unlabeled_or_partially_labeled,2026-07-31,BIIB,202.19000244140625,0.36277195328216605,0.5796093940734863,0.9541712328848624,0.9757307430216909,0.31062420977387384,0.14887207301814565,0.12396466244604953,-0.021090062424326206,-0.06990359101850085,0.052198562574395035,0.01600728984196409,0.06631834996413266,0.021088399105293032,-0.05575881002969041,0.3226991053044143,-0.06665744410252716,0.06665744410252716,0.01630233671451964,0.8505450542687041,-0.6154143824572719,-0.5891833925856982,0.05406107142754868,0.03585634147576064,-0.04426027092582707,0.052300691826870915,-0.00750646324101456,0.10287460002172333,0.09363344463177385,0.05406107142754868,0.12396466244604953,0.032455118577511044,0.039346547376723606,0.06820585241635913,0.03550296525803942,0.042384498899480594,0.06820585241635913,0.162899690994865,0.3841493837707079,1.4499380148449392,1.0899366080808408,-0.45358746449189036,-0.48866447682691194,0.01843519939311964,-0.06665744410252716,0.06665744410252716,0.1783321100098334,237347315.86795384,1.0367569811568387,0.1349206349206349,0.031746031746031744,0.015873015873015872,0.030552172689336327,0.3861463077686878,-0.06402619583880154,0.038703003661134217,0.01384250164646672,1.410186402114438,0.10234692631935571,0.06407645000929994,0.03158164510921546,0.04422754239035753,-0.5021152240467577,0.4186984763433906,1.3302957292149205,0.019548316084408844,0.01845735234615109,-0.06665744410252716,0.06665744410252716,0.11911221835701502,0.2857142857142857,0.9682539682539683,246071486.68493846,19.321132652025813,0.15873015873015872,0.047619047619047616,0.031746031746031744,0.0328337034448257,-0.004302420881208802,0.012019277333697787,-0.11525303324388321,-0.06419510910818205,0.6666666666666666,0.02136133001417162,-0.06419510910818205,0.10234692631935571,0.006649597865888257,-0.06419510910818205,-0.014656602346518,0.5569927949084069,0.026489238723260748,-0.06665744410252716,0.06665744410252716,0.05334725530589712,299854651.394726,0.0025337371999514247,0.044438412788398725,0.007263424385073103,-0.0708447069740703,0.02582135351687853,0.1028762633407565,0.21683744079132028,1.0,3.0,1.0,1.0,0.0,63.0,126.0,0.49481577914898167,,,,,,,,0,0,0,0,0,0
latest_month_unlabeled_or_partially_labeled,2026-07-31,BKNG,177.4600067138672,-0.40397975865925184,-0.18714231786793156,1.1812530461235509,1.206471929511719,-0.12041020128884272,-0.16759570611781816,-0.108768052781689,0.16513748682292495,0.16029695341408812,-0.15658996362584132,0.21329062970961232,-0.15244179529224922,-0.2116443161224455,0.16546871886546,-0.26170795867522983,-0.21794799033135137,0.21794799033135137,0.00907038088901646,0.923694659051579,-0.4202295021284471,-0.3873561287234105,0.05152890063239912,0.09397600189384532,-0.004582235393084888,0.031187102621549334,0.13768598489124906,0.056369434041235955,-0.0002899060360179728,-0.108768052781689,0.056369434041235955,-0.00031345872408949926,0.01075626773971572,0.056700666083771,-0.005523909607991984,0.03087931256689247,0.056700666083771,0.15786190268533987,0.4156085024401808,0.8234134247857743,0.8642241618101061,-0.23852932239440905,-0.2418616057241776,0.019877388429419447,-0.1349806557297062,0.1349806557297062,0.15426022560738506,1550414644.5118616,0.8363263725738683,0.19047619047619047,0.03968253968253968,0.031746031746031744,0.03523259729662008,0.49137094323221164,0.030748010366071665,0.07481913880034852,0.03906494528581517,0.9586674877171872,0.06724057546077145,0.07233808183120083,0.0625702078641579,0.0662205696021334,-0.2513033476240981,0.3591789096625187,0.9527776023539376,0.01773262755815998,0.05046739718728199,-0.03873026311058625,0.03873026311058625,0.15426022560738506,0.09523809523809523,0.746031746031746,1296652655.6300087,20.983051901194766,0.14285714285714285,0.031746031746031744,0.0,0.03390602857152631,0.0036308855293534226,0.029754912889103702,-0.012787521269098689,-0.004376115099069544,0.16666666666666666,-0.016666156442618946,-0.15244179529224922,0.06724057546077145,0.06646859187500076,-0.004376115099069544,-0.010601460344754399,0.3422176203643561,0.017545789049972314,-0.03873026311058625,0.03873026311058625,0.02678935852432862,1192917601.4000301,-0.006794462718229366,0.034212927769077556,0.00033825656069441656,-0.0708447069740703,0.02582135351687853,0.1028762633407565,0.21683744079132028,1.0,3.0,1.0,1.0,0.0,63.0,126.0,0.7543556728608625,,,,,,,,0,0,0,0,0,0
latest_month_unlabeled_or_partially_labeled,2026-07-31,BKR,57.25,0.0759093147750236,0.2927467555663439,1.0059219291834716,1.0193934448374837,0.19669636636820775,0.26609870102873967,0.028874588208339436,-0.08798276201950284,-0.1486809141452532,0.2479089145263349,-0.4234299992532068,0.16891840798959978,-0.07400167513241707,-0.20439567293521133,0.08356541613678663,-0.1755210847268719,0.1755210847268719,-0.015677127192903706,1.4756719356664845,0.2326672740661233,0.016308177014721092,-0.11980632593691376,0.07475654521526232,-0.06451129708673675,-0.06495861556049076,-0.1755210847268719,-0.0591081738111634,-0.05001330384657924,-0.11980632593691376,0.028874588208339436,0.14119574043581684,-0.05626135829880752,-0.1755210847268719,-0.08003993033561718,-0.20134243824375042,-0.1755210847268719,-0.4956238596707121,0.3455327519828918,0.8698645671368603,1.0249150482057068,-0.31744046220403876,-0.2959183146158778,0.016715135721183653,-0.1755210847268719,0.1755210847268719,0.084691195984955,558405520.5059838,0.9480371095654856,0.16666666666666666,0.023809523809523808,0.023809523809523808,0.028979345708522015,0.8995659968637618,0.025202412257257167,-0.09535517796325954,-0.051143770480245765,0.863625902763577,-0.13118348353156162,0.12370696404645087,-0.10378836814742165,-0.10047554450553631,-0.23457565119000567,0.35414171715519605,0.8487186998178147,0.0169471162006885,-0.06541208252805042,-0.1755210847268719,0.1755210847268719,0.084691195984955,0.9206349206349206,0.23809523809523808,529389155.6259034,20.087234365163496,0.14285714285714285,0.031746031746031744,0.031746031746031744,0.02823582671211003,-0.0025611137966894404,-0.038334077444101444,0.10490693669366567,0.03153153153153143,0.5,0.010985161500505417,-0.13118348353156162,0.16891840798959978,0.10237623850560174,0.03153153153153143,0.020790235985725047,0.3005666977352063,0.013944403195784256,-0.009172703193043086,0.009172703193043086,0.084691195984955,538146174.0991502,0.010323830333306638,0.029257638113839277,0.016982267234755266,-0.0708447069740703,0.02582135351687853,0.1028762633407565,0.21683744079132028,1.0,3.0,1.0,1.0,0.0,63.0,126.0,0.5911909262759925,,,,,,,,0,0,0,0,0,0
latest_month_unlabeled_or_partially_labeled,2026-07-31,BLDR,72.86000061035156,-0.6437232884712023,-0.426885847679882,0.8762786256991134,0.8975755431911862,-0.372815685988118,-0.29186508851625215,-0.363111891271526,0.2480869792092617,0.0617407144639488,-0.308653887386537,0.2298829174028858,-0.08837413003062367,-0.4659881546122825,0.2843409212878748,-0.7108517720820382,-0.5116949444947639,0.5116949444947639,-0.08606043884489856,1.6325015176798707,-0.6895819285232636,-0.7140338611139405,-0.3013711768075772,0.12915365232945458,-0.2105666784130128,-0.09876813064807033,0.189124128591166,-0.11502491206226428,-0.2598359933804558,-0.363111891271526,-0.11502491206226428,-0.039353885838757985,-0.02534459036883019,-0.07877096998365118,-0.035781948826622445,-0.10459232350052972,-0.07877096998365118,-0.14104173614375579,0.5108123880847832,0.9364350222321693,1.093344757892256,-0.03702541575149043,-0.21588817429718243,0.02578300227852322,-0.4326428776731547,0.4326428776731547,0.09745445519181506,215198353.24552625,0.9405057038722426,0.36507936507936506,0.06349206349206349,0.06349206349206349,0.04576426828570076,0.4492315198828983,-0.17485720211669842,0.04324179591755084,-0.04926444171025024,0.8975677200034206,0.17335432533934347,0.13757633240044248,-0.04458433557089547,0.012439147287678809,-0.6030410382069947,0.5584940467789224,0.8564864974863222,0.026896919965194423,-0.06335250788491309,-0.1950060889327253,0.1950060889327253,0.09745445519181506,0.2857142857142857,0.7142857142857143,202395278.69133118,19.125733173422482,0.38095238095238093,0.09523809523809523,0.09523809523809523,0.04696007082997293,-0.07209929709226703,-0.0992428240028298,-0.38829878412713736,-0.18573985385634417,0.16666666666666666,-0.0644103619376696,-0.2105666784130128,0.17335432533934347,-0.11489514688227387,-0.18573985385634417,-0.06459626316241718,0.4783426099926415,0.025450634389976887,-0.1950060889327253,0.1950060889327253,0.044737637541610864,170919328.755079,-0.007438082780541144,0.04949803395222648,0.020791318805886805,-0.0708447069740703,0.02582135351687853,0.1028762633407565,0.21683744079132028,1.0,3.0,1.0,1.0,0.0,63.0,126.0,0.6105619360131255,,,,,,,,0,0,0,0,0,0
latest_month_unlabeled_or_partially_labeled,2026-07-31,BLK,1055.6700439453125,-0.24235283689599563,-0.025515396104675347,0.9145828661355365,0.9341737553578495,-0.009313522770882154,-0.002626164538071407,-0.045946126930588416,0.14983285715250128,0.0499895615477387,-0.042368445177901726,0.038632476229644386,-0.049788246030212924,-0.14882239027134492,0.042210157982331076,-0.15573750369676262,-0.10798756099415086,0.10798756099415086,-0.009609604861345544,1.2028660451244497,-0.11655906473564825,-0.11985957263741531,0.004043434617150288,0.0762862209308219,-0.09044704757406696,0.03825606830745931,0.0045694610779242195,0.10388673022191286,0.02066134596949158,-0.045946126930588416,0.10388673022191286,0.1080262820053377,-0.012257828567314943,-0.00373596894825734,-0.017567578931992123,-0.02955732246513587,-0.00373596894825734,-0.012920286741621616,0.29502288042352587,1.1277833633385461,0.9801113238515963,-0.43505913858513723,-0.37976710188592355,0.013819425460251921,-0.0552087929759848,0.0552087929759848,0.1503076303950044,820588235.3035095,0.92913124534452,0.07936507936507936,0.007936507936507936,0.007936507936507936,0.025648810155088436,0.602104929340178,0.08572264251183137,-0.014325982972166695,0.023994325720578136,1.1201423989022685,-0.07632337255792221,0.08707384273228841,0.014078942924846016,-0.0009487186354334431,-0.38763909046927914,0.2891552658984131,1.1506686392588907,0.013897504364916633,0.02327111918375846,-0.03841482113705241,0.03841482113705241,0.11103282879136356,0.7619047619047619,0.2857142857142857,762434168.9826118,20.452026728269775,0.07936507936507936,0.015873015873015872,0.0,0.022981696210564145,0.030139076405026888,0.01641803514002871,0.2941563426604592,0.09787225615215345,0.3333333333333333,-0.004704617822783845,-0.09044704757406696,0.1080262820053377,0.16871696312622375,0.09787225615215345,0.031392100630191155,0.33272189634586974,0.01640540522534064,-0.03450702362016955,0.03450702362016955,0.11103282879136356,876282383.4280832,0.0004966475164656092,0.02882396199585429,0.006970905226317159,-0.0708447069740703,0.02582135351687853,0.1028762633407565,0.21683744079132028,1.0,3.0,1.0,1.0,0.0,63.0,126.0,0.47286656917644543,,,,,,,,0,0,0,0,0,0
latest_month_unlabeled_or_partially_labeled,2026-07-31,BMY,62.09000015258789,0.28559225253120446,0.5024296933225247,1.0245781440358326,1.0511712690357409,0.3932715083898348,0.18998927610961713,0.15237644546009288,-0.10640249050892137,-0.1352475965573834,0.11198438097042485,-0.07566007176167666,0.13296997396474408,0.04950018211933638,-0.1160521362513447,0.5496527761647599,0.0,-0.0,-0.0004424707912191739,0.9816464168659075,-0.5148251011852847,-0.49720145814041583,0.017128848902709493,0.07123370281919095,-0.027577269885088573,0.08057727580130236,0.01852263826629197,0.045973954951171514,0.0718264164379913,0.017128848902709493,0.15237644546009288,0.00931141502392352,0.009014070801304452,0.036324309208748184,-0.05627991728771875,0.010502955691869653,0.036324309208748184,0.1173676784847186,0.27722309804984524,1.2530886952678768,1.1163989952564564,0.063888668552744,0.1593633436443982,0.013837730757245661,0.0,-0.0,0.16872373938266128,695501828.3248901,0.958506673392268,0.09523809523809523,0.007936507936507936,0.0,0.022653798607849315,0.6620196447276776,0.056955797788285745,0.028734115472139665,0.0889412755430794,1.1007240594440473,0.007695007407193533,0.07177688546144455,0.09812679436715954,0.06301340155686708,-0.28969960869693134,0.3094915881247293,1.122438035677397,0.015400917949751049,0.09383836117250954,0.0,-0.0,0.16279427465741847,0.0,0.38095238095238093,666643143.8059307,20.31776544542469,0.15873015873015872,0.015873015873015872,0.0,0.024106799232720265,0.07981114126510769,0.1252705075689562,0.25833353168844364,0.08974122754924396,0.6666666666666666,0.02597673946204963,-0.05627991728771875,0.13296997396474408,0.16058593452331427,0.08974122754924396,0.05672415421948673,0.34738513023339923,0.018686966016443506,0.0,-0.0,0.1336141926516905,655224311.2998599,0.03189244398564872,0.024848720084944043,0.01636930386201474,-0.0708447069740703,0.02582135351687853,0.1028762633407565,0.21683744079132028,1.0,3.0,1.0,1.0,0.0,63.0,126.0,0.4571978100367371,,,,,,,,0,0,0,0,0,0
latest_month_unlabeled_or_partially_labeled,2026-07-31,BNY,158.91000366210938,0.37052423908287757,0.5873616798741979,0.8650209078543,0.8696871078577519,0.48473528479001593,0.3803728758990981,0.3303935460431551,0.014466862875105457,0.009159712651931606,0.12494474964499269,0.05768537193475365,-0.0068378861329145835,0.22751728270239857,-0.14776342446340873,1.3652011098866719,-0.021188803893317232,0.021188803893317232,0.05421376731239014,1.1261132259979743,-0.60795978905735,-0.5363614376687444,0.3395532586950867,0.007318427663603647,-0.003946246159066136,0.17429347616642965,0.0006834900606456085,0.34486040891826053,0.3382690712188341,0.3303935460431551,0.34486040891826053,0.1371775370661188,0.05934120056316039,0.18263012157974634,0.03765719835131942,0.1568087680628678,0.18263012157974634,0.8154705980262246,0.24201089762561187,1.076193039207768,0.9253993256326299,-0.40020674701225356,-0.3408951827224561,0.012210881809025914,-0.021188803893317232,0.021188803893317232,0.3914249541194188,510657239.4466279,1.1096973702119768,0.03968253968253968,0.007936507936507936,0.007936507936507936,0.02319360390156614,0.4805082006948372,-0.002993455954269142,0.06736204977001403,0.08854844708216558,1.2040272229479816,0.037151317554864116,0.057355044142086614,0.13971176941553232,0.07276465743022653,-0.446664495720134,0.22395672145848866,1.1629498848748903,0.011651057015891166,0.09833584599517886,-0.021188803893317232,0.021188803893317232,0.21770117748742823,0.1111111111111111,0.8253968253968254,566674995.6936307,20.15529649928001,0.015873015873015872,0.015873015873015872,0.0,0.021976249248306684,0.05738394526151325,0.09386647645600488,0.3796756114312877,0.09888668135953371,0.6666666666666666,0.050014767006642556,-0.0068378861329145835,0.1371775370661188,0.16973138833360402,0.09888668135953371,0.03756278134316893,0.26045044343710727,0.012629425787414529,-0.021188803893317232,0.021188803893317232,0.10692397857732305,690272607.3625838,0.004907246365428275,0.02349488853829125,-0.000855070131465685,-0.0708447069740703,0.02582135351687853,0.1028762633407565,0.21683744079132028,1.0,3.0,1.0,1.0,0.0,63.0,126.0,0.36036059492813066,,,,,,,,0,0,0,0,0,0
latest_month_unlabeled_or_partially_labeled,2026-07-31,BR,148.9199981689453,-0.6027876370274893,-0.385950196236169,0.9479677544501858,0.9567772048802747,-0.3131080127513498,-0.3244907632291093,-0.2351814371326465,0.1579357691171871,0.046250449320262566,-0.2145170551367045,0.18820918667045983,-0.05702406160915441,-0.338057700473403,0.20887356866640183,-0.7139987550898491,-0.43053898777175026,0.43053898777175026,-0.04393749978499539,1.2236983172516664,-0.7283433946890856,-0.7354901009295917,-0.18893098781238393,0.08119567095100669,-0.121034728232298,-0.03789683067241867,0.15207316719286645,-0.0772456680154594,-0.16711936432016328,-0.2351814371326465,-0.0772456680154594,-0.05231407125471765,-0.02876898258195648,-0.026307868466244666,-0.0016885634520242832,-0.0521292219831232,-0.026307868466244666,-0.08519309691970663,0.32938634060090405,1.0286616098252803,0.9375094856076074,-0.5014274061990212,-0.4578500809752587,0.0161683189137092,-0.2782429651285374,0.2782429651285374,0.0995274326975204,243803953.34088764,0.8747639809160681,0.16666666666666666,0.0,0.015873015873015872,0.030496261487852786,0.392679967165138,0.08639225510696003,-0.01826288277425525,0.021379044985270435,0.909691930554711,-0.1030574668901506,0.07572845741685359,-0.024660946587319987,-0.004298108005035051,-0.5210160858492414,0.3088028187429257,1.0972279487482695,0.015412644082067056,0.04900982341947513,-0.06731504167715496,0.06731504167715496,0.0995274326975204,0.9365079365079365,0.2857142857142857,213270916.78755018,19.178073829971233,0.14285714285714285,0.0,0.0,0.029070918100818497,0.036115362634235426,0.06173532292118078,0.25796099914154896,0.08740417296414371,0.16666666666666666,-0.041285786412366875,-0.121034728232298,0.08740417296414371,0.15824887993821402,0.08740417296414371,0.023392606826426965,0.33882708337698403,0.017329112771016213,-0.027048212829505536,0.027048212829505536,0.0995274326975204,177788973.53501093,0.006291006533206245,0.030639677796621696,0.016560412187924367,-0.0708447069740703,0.02582135351687853,0.1028762633407565,0.21683744079132028,1.0,3.0,1.0,1.0,0.0,63.0,126.0,0.3378626457894925,,,,,,,,0,0,0,0,0,0
latest_month_unlabeled_or_partially_labeled,2026-07-31,BRK-B,494.9299926757813,-0.16799030263234482,0.048847138158975456,1.014401371818259,1.0187630280583155,0.036415763746889374,-0.015358602038087255,0.029966898909672857,0.002858602067055127,-0.0498104859757561,-0.01442156097098135,0.05945953879483212,0.0508189155510983,-0.07290936443108365,0.015071078914177916,0.19367021211811075,-0.036745110006660364,0.036745110006660364,-0.0008259597478249558,1.180442599448497,-0.2305795314426634,-0.19592638944256124,-0.019843587066083246,0.029617812642001345,-0.05099514680166484,0.022058929491988843,0.0425754087109923,0.032825500976727984,0.014316270940105865,-0.019843587066083246,0.032825500976727984,-0.011686156011816329,0.019249388332678086,0.04503797782385077,0.0018581183941541735,0.01921662430697224,0.04503797782385077,0.33676319971948343,0.15473158511024604,0.9873826631203433,0.864321429694638,-0.3348786058709077,-0.3421360996659828,0.007141315703032123,-0.025900930459094584,0.025900930459094584,0.06345079322425828,2387057836.9979615,1.0036849587664256,0.007936507936507936,0.0,0.0,0.013978843025434859,0.6948959300013258,-0.025306247064490472,0.019963229200594235,0.0121242882219883,0.9886893284432237,0.05460715533252669,0.04058301227213181,0.04309977494508699,0.02235076247822887,-0.33534715960324624,0.13373782486140542,1.142379014563115,0.006766845674728455,0.00206879900581014,-0.025306247064490472,0.025306247064490472,0.06317667201449795,0.23809523809523808,0.873015873015873,2395854046.700372,21.597005600361072,0.0,0.0,0.0,0.013539017457516683,0.0016216939702995425,-0.0003988443351249371,-0.07142023645772144,-0.01091153263018707,0.5,0.005615225639018488,-0.05099514680166484,0.05460715533252669,0.05993317434388323,-0.01091153263018707,-0.00150201061434041,0.1527792845749868,0.007242629107208705,-0.025306247064490472,0.025306247064490472,0.014595836806998497,2181659584.573655,0.0066939181007446,0.01340592969682764,0.007564913051859579,-0.0708447069740703,0.02582135351687853,0.1028762633407565,0.21683744079132028,1.0,3.0,1.0,1.0,0.0,63.0,126.0,0.35147644184470517,,,,,,,,0,0,0,0,0,0
latest_month_unlabeled_or_partially_labeled,2026-07-31,BRO,67.66000366210938,-0.46971344037345863,-0.25287599958213836,1.0484308082148235,1.057475270695876,-0.14526368707567183,-0.1466210470513868,-0.05666710243299078,0.09727975016734924,0.0015062450097182989,-0.16382471854512615,0.291976815944717,-0.001594181423951735,-0.15954336577374728,0.18481919983258166,-0.16533374893072658,-0.33967179014917737,0.33967179014917737,-0.01003304568168839,0.9284466435826891,-0.5438608505101692,-0.48540566179698186,-0.05516085742327248,0.055734763025168214,-0.09203569201868811,0.06404507102666579,0.15406301826575852,0.040612647734358465,-0.023738437373968264,-0.05666710243299078,0.040612647734358465,-0.07759543227106724,0.033001353437160263,0.12815209739959088,-0.0620964817614289,0.10233074388271235,0.12815209739959088,0.3565387602006445,0.3427437096145071,1.177532526042141,1.0486956717762124,0.06499320489247751,0.12326488587966367,0.01655561802941417,-0.14576360653811216,0.14576360653811216,0.2442074721065175,214977510.6022971,0.9106993927401205,0.15079365079365079,0.015873015873015872,0.015873015873015872,0.029177719975773057,0.7202184118288386,0.03345963245494987,0.11956490735037528,0.09359044406920636,0.9850191961805337,0.14044447157118056,0.09036133488014543,0.2028445095486111,0.15337197626032295,-0.0993881896949963,0.35943384480125656,1.1228543778079232,0.017976019441599468,0.13393454471500998,-0.033428519112723265,0.033428519112723265,0.2442074721065175,0.23809523809523808,0.7777777777777778,195779888.35829479,19.09250157266457,0.15873015873015872,0.031746031746031744,0.0,0.029990758320386057,0.042334287085347144,0.11986737455972829,0.13557146986356416,0.05471554252129662,0.3333333333333333,-0.0063602955637764675,-0.09203569201868811,0.14044447157118056,0.12556024949536693,0.05471554252129662,0.00309115943580629,0.4035918661674246,0.019779201600874815,-0.033428519112723265,0.033428519112723265,0.11228015165976646,183941033.45736548,-0.001667281557910738,0.02866220260714513,0.011753493231100087,-0.0708447069740703,0.02582135351687853,0.1028762633407565,0.21683744079132028,1.0,3.0,1.0,1.0,0.0,63.0,126.0,0.403107500802511,,,,,,,,0,0,0,0,0,0
latest_month_unlabeled_or_partially_labeled,2026-07-31,BSX,44.25,-0.7950875287416905,-0.5782500879503703,0.9075568269642573,0.9153991907432222,-0.5606632301062329,-0.5359202862283226,-0.5268897618141009,0.2320690446826268,0.10268678040351564,-0.3840478845050119,0.1521436930658785,-0.17833850660616013,-0.6297660251548574,0.2949855703749674,-1.1525077300005522,-0.5908082092680706,0.5908082092680706,-0.11257485248645083,1.8357470880834859,-0.04704874386210578,-0.26804213439767066,-0.4242029814105852,0.1162901448099656,-0.1834742843732028,-0.20695087335977347,0.0969526729303587,-0.29482071713147406,-0.41530448678538673,-0.5268897618141009,-0.29482071713147406,-0.08191234087089139,-0.11941157350173381,-0.23190419143913343,-0.16143029228486927,-0.25772554495601196,-0.23190419143913343,-0.5674445243805657,0.45716809362645094,0.6928622154126117,0.893941863308422,-0.5187348645046026,-0.5010313473899206,0.018254049275510317,-0.5282013053837787,0.5282013053837787,0.03800138145190979,1116831490.7847571,0.8851002226538328,0.11904761904761904,0.015873015873015872,0.03968253968253968,0.029061261567751382,0.7133010112108383,0.0631864337450403,-0.11049134686455075,-0.0673489935248317,0.738295698788031,-0.11653903763347595,0.0836515481549824,-0.08404059734793667,-0.07099109692220473,-0.38522982562493313,0.40868169746158867,0.7750640660773764,0.017683554413716773,-0.052091230423812696,-0.28709521157465323,0.28709521157465323,0.03800138145190979,0.9841269841269841,0.12698412698412698,988507801.1604006,20.71170709347288,0.14285714285714285,0.015873015873015872,0.031746031746031744,0.030023980590215146,-0.006644817388031687,-0.030583621507447534,0.11613212241190805,0.03678537215553446,0.16666666666666666,-0.11415151493551084,-0.1834742843732028,0.03678537215553446,0.10763007912960476,0.03678537215553446,0.005921862310055426,0.3167544981659831,0.0146554158724428,-0.02317879149546498,0.02317879149546498,0.03800138145190979,842768024.8947144,0.013211816451160319,0.031121876665043006,0.01602680854855154,-0.0708447069740703,0.02582135351687853,0.1028762633407565,0.21683744079132028,1.0,3.0,1.0,1.0,0.0,63.0,126.0,0.6650699076220709,,,,,,,,0,0,0,0,0,0
latest_month_unlabeled_or_partially_labeled,2026-07-31,BX,130.0,-0.4379185568118973,-0.221081116020577,1.0429991430710746,1.0692212019551475,-0.08682840914925116,-0.13890299398098882,-0.0680418451801843,0.20905034708421333,0.22535476521005005,-0.10799366813473821,0.15278238938855626,-0.19472241371351362,-0.1709181085209408,0.11283056643400236,-0.16690259258250062,-0.2902932207045237,0.2902932207045237,-0.006078040595822731,1.2407027723412152,-0.3191908577433338,-0.288698286843749,0.15731292002986574,0.12566665685410813,0.014289479963233598,0.09952491183432599,0.10799366813473821,0.14100850190402903,0.07675985891790349,-0.0680418451801843,0.15731292002986574,0.09209496493677749,-0.005945017423419241,0.04478872125381805,-0.05993124615049261,0.018967367736939522,0.04478872125381805,0.12026204687943545,0.4076739859301523,0.7236220325252836,0.913538957338259,-0.15593192736747818,-0.06748660533941664,0.01995438356145275,-0.11795926206031537,0.11795926206031537,0.28480770177648673,840963726.7660959,0.7370593475788593,0.1984126984126984,0.023809523809523808,0.047619047619047616,0.03602079930450376,0.7457330415754924,0.08779235373441518,0.028333957915221086,0.08118357443864865,0.9610476159435659,0.005984414302274255,0.11043141678600739,0.11139607286753295,0.03009586422160737,-0.15115892909947004,0.3724260680405634,0.7921085649523602,0.018477750938243536,0.028562764984588762,0.0,-0.0,0.17881756836222595,0.0,0.5555555555555556,619840175.7877047,20.244972223397927,0.1111111111111111,0.031746031746031744,0.015873015873015872,0.03215571229884091,0.06309611566129902,0.032985191356881494,0.3551997187355344,0.10478458420090919,0.6666666666666666,-0.00625003607680195,-0.19472241371351362,0.10478458420090919,0.1756292911749795,0.10478458420090919,0.05990069321632885,0.2950018783064607,0.016863869641943825,0.0,-0.0,0.13855315863146922,585221602.2355216,0.03617856661604146,0.032851627894810304,0.03986689399108423,-0.0708447069740703,0.02582135351687853,0.1028762633407565,0.21683744079132028,1.0,3.0,1.0,1.0,0.0,63.0,126.0,0.6610022470307094,,,,,,,,0,0,0,0,0,0
latest_month_unlabeled_or_partially_labeled,2026-07-31,BXP,69.11000061035156,-0.1135454945706742,0.10329194622064608,1.1263639183292598,1.1451577700129445,0.004606375329923917,0.049128946212369184,0.0947150405841839,0.25092842009456007,0.13479553923063192,-0.08364762651045632,0.27829181825890015,-0.10963349274386414,-0.008161222756572606,0.09992915116425993,0.31472765311774026,-0.08541254789187891,0.08541254789187891,0.027920497561193747,0.4523105525474111,-0.3147141122432817,-0.1813271945042606,0.22951057981481582,0.12557982549317928,-0.08630286123885356,0.16700321072151514,0.08167425575137821,0.34564346067874396,0.22328969369258123,0.0947150405841839,0.34564346067874396,0.12639685520866473,0.07213714821144568,0.19464419174844383,0.02651382519505119,0.1688228382315653,0.19464419174844383,0.7460269070893895,0.30094286169620693,0.8881196892745009,0.8669676864860131,0.29657376885426023,0.3513228360128453,0.014803202445887047,-0.021797606259969404,0.021797606259969404,0.3765354771400069,122854423.68414743,0.7640722920076339,0.0873015873015873,0.0,0.015873015873015872,0.02824993279976326,0.2778868043017505,-0.016001826756967152,0.08712417049823706,0.07620501335145446,1.0418360123497703,0.11663667602059635,0.09929512904541328,0.1637877273805306,0.08329091645055109,-0.09572244670475127,0.2609077365692407,1.0243976830027208,0.013198194200646298,0.0632130107197153,-0.021797606259969404,0.021797606259969404,0.2124809001905581,0.09523809523809523,0.9365079365079365,93869661.08762348,18.357417804515745,0.06349206349206349,0.0,0.0,0.023955782529238377,0.03429090587662453,0.07165485750351142,0.15798794424545984,0.04222595618833558,0.6666666666666666,0.019306159771655024,-0.10963349274386414,0.12639685520866473,0.11307066316240588,0.04222595618833558,0.01608703005705925,0.2672732808190144,0.014289231611818715,-0.021797606259969404,0.021797606259969404,0.06348255384135304,86619404.2914981,0.009243982346715196,0.024887877376830708,0.01462255442756577,-0.0708447069740703,0.02582135351687853,0.1028762633407565,0.21683744079132028,1.0,3.0,1.0,1.0,0.0,63.0,126.0,0.18883939080500767,,,,,,,,0,0,0,0,0,0
latest_month_unlabeled_or_partially_labeled,2026-07-31,C,132.19000244140625,0.22592581795825462,0.4427632587495749,0.9296965529391196,0.9415205868624527,0.3267176151192934,0.144121965838667,0.15381213522604864,0.017295377495741615,0.05151779363709008,0.11180613162857811,-0.07402436158568415,-0.042741653055675455,0.05093587188529214,-0.11603036518315468,0.47929995504665296,-0.09253790002732898,0.09253790002732898,0.03828369029565626,1.171864681996397,-0.10771209710002716,-0.07399988074060437,0.20532992886313872,0.026218272605524673,0.029222266759959314,0.04461740319249752,-0.054431943614524525,0.17110751272179026,0.17674985893699255,0.15381213522604864,0.20532992886313872,0.12847184882943719,0.028398950572197323,0.03778177004289396,-0.01159903155426767,0.011960416526015427,0.03778177004289396,0.13952995939254334,0.32090997215110784,0.9690463764932655,0.84378464845729,-0.5107556536127964,-0.5379164887039061,0.01500157308988007,-0.09253790002732898,0.09253790002732898,0.2589128875465452,1655611407.7985249,1.007723795280412,0.11904761904761904,0.023809523809523808,0.023809523809523808,0.027072062345730348,0.59150572115735,-0.053339770509569395,0.050757540055009764,-0.015656842635540125,1.0814372241778136,0.1116759731341086,0.07827275387997067,0.049960292607577284,0.005915196510760223,-0.3541480572239122,0.27077890803796123,1.1484522481713721,0.013030715798479241,-0.06263809578242985,-0.09253790002732898,0.09253790002732898,0.10185880717149098,0.36507936507936506,0.7142857142857143,1668399011.376275,21.235130328328292,0.07936507936507936,0.0,0.015873015873015872,0.024752857177527024,-0.0473158926881041,-0.08763363872849017,-0.17852108930608854,-0.055515889537972485,0.5,0.026585585762598247,-0.055515889537972485,0.12847184882943719,0.015328817436097819,-0.055515889537972485,-0.033172301479530764,0.3109766456935858,0.01469533980209711,-0.08821902098941325,0.08821902098941325,0.026957746953043094,1864045751.5971591,-0.004458434176515369,0.02895181736456859,0.004666515628128254,-0.0708447069740703,0.02582135351687853,0.1028762633407565,0.21683744079132028,1.0,3.0,1.0,1.0,0.0,63.0,126.0,0.6357144130969791,,,,,,,,0,0,0,0,0,0
latest_month_unlabeled_or_partially_labeled,2026-07-31,CAH,228.02999877929688,0.2675170746422013,0.4843545154335216,0.9692844660003535,0.9915539786789509,0.20381307217509992,0.11752512345801791,0.06608501600856664,0.018011107609451793,-0.06673782072834078,-0.10020682978443074,0.2850180189526679,0.06678141595186737,-0.03679124733218986,0.11872617315967049,0.22311672124102708,-0.04872557510088549,0.04872557510088549,0.010479123711116145,0.8738259432547956,-0.6771168156399983,-0.6174443903759992,-0.000652804719774136,0.04464810105572185,-0.078174736069487,0.07231878744452946,0.11019406795868769,0.08409612361801844,0.04984277830227032,-0.000652804719774136,0.08409612361801844,-0.08500516071334785,0.06801011892768183,0.18481118916823713,0.020323508991862305,0.1589898356513586,0.18481118916823713,0.6819063860942292,0.29619033320759836,0.7250277711431885,0.9150242913856296,-0.12011039116870648,-0.15356965807879952,0.013409721357600313,-0.04872557510088549,0.04872557510088549,0.2521993464071455,442419566.6004968,1.1581259983702246,0.07142857142857142,0.007936507936507936,0.007936507936507936,0.02414940519299505,0.6084635596736274,-0.04721244304672356,0.11363083702527854,0.04626719015916514,0.9905907083302646,0.20711381276773633,0.1105533811285698,0.16121130085388136,0.09379394215144954,-0.2978183501173015,0.2710213497585562,0.7923590422340291,0.013188677892956356,0.0134104842202869,-0.04872557510088549,0.04872557510088549,0.2521993464071455,0.20634920634920634,0.8095238095238095,512377602.2677225,20.05457241756186,0.07936507936507936,0.0,0.0,0.024205377169724034,-0.00939372691961149,-0.0025301179428820486,-0.1770772261432209,-0.03802666445229985,0.5,0.015502029412721885,-0.08500516071334785,0.20711381276773633,0.03281804252177045,-0.03802666445229985,-0.017980680046243758,0.21474621711966338,0.011219327125028468,-0.04872557510088549,0.04872557510088549,0.033962118986039735,539990643.6503092,0.003061570845667605,0.022944980814214696,0.011318186204627434,-0.0708447069740703,0.02582135351687853,0.1028762633407565,0.21683744079132028,1.0,3.0,1.0,1.0,0.0,63.0,126.0,0.41596711488390337,,,,,,,,0,0,0,0,0,0
